AUDITUSER,AUDITTIMESTAMP,ID,VARORDER,VARID,COLWIDTH,HDRBACKCOLOR,HDRFORECOLOR,COLBACKCOLOR,COLFORECOLOR,COLTYPE,FACILITYFILENAME
---------,--------------,--,--------,-----,--------,------------,------------,------------,------------,-------,----------------
NULL,NULL,72,-1000,-1000,21.0,NULL,NULL,NULL,NULL,NULL,NULL
NULL,NULL,72,-999,-999,21.0,NULL,NULL,NULL,NULL,NULL,NULL
NULL,NULL,25,-1000,-1000,21.0,NULL,NULL,NULL,NULL,NULL,NULL
NULL,NULL,25,-999,-999,21.0,NULL,NULL,NULL,NULL,NULL,NULL
NULL,NULL,25,-998,-998,10.5,NULL,NULL,NULL,NULL,NULL,NULL
NULL,NULL,25,-997,-997,10.5,NULL,NULL,NULL,NULL,NULL,NULL
NULL,NULL,25,0,0,5.0,NULL,NULL,NULL,NULL,NULL,NULL
NULL,NULL,25,1,23,14.0,-1,-1,NULL,NULL,Variable,NULL
NULL,NULL,25,2,20,14.0,-1,-1,NULL,NULL,Variable,NULL
NULL,NULL,26,-1000,-1000,21.0,NULL,NULL,NULL,NULL,NULL,NULL
NULL,NULL,26,-999,-999,21.0,NULL,NULL,NULL,NULL,NULL,NULL
NULL,NULL,26,-998,-998,10.5,NULL,NULL,NULL,NULL,NULL,NULL
NULL,NULL,26,-997,-997,10.5,NULL,NULL,NULL,NULL,NULL,NULL
NULL,NULL,26,0,0,5.0,NULL,NULL,NULL,NULL,NULL,NULL
NULL,NULL,26,1,23,14.0,-1,-1,NULL,NULL,Variable,NULL
NULL,NULL,26,2,20,14.0,-1,-1,NULL,NULL,Variable,NULL
NULL,NULL,72,-998,-998,10.5,NULL,NULL,NULL,NULL,NULL,NULL
NULL,NULL,72,-997,-997,10.5,NULL,NULL,NULL,NULL,NULL,NULL
NULL,NULL,72,0,0,-1.0,-1,-1,NULL,NULL,NULL,NULL
NULL,NULL,72,1,1275,-1.0,-1,-1,NULL,NULL,Variable,NULL
NULL,NULL,72,2,1276,-1.0,-1,-1,NULL,NULL,Variable,NULL
NULL,NULL,72,3,1277,-1.0,-1,-1,NULL,NULL,Variable,NULL
NULL,NULL,72,4,1278,-1.0,-1,-1,NULL,NULL,Variable,NULL
NULL,NULL,72,5,1279,-1.0,-1,-1,NULL,NULL,Variable,NULL
NULL,NULL,24,-1000,-1000,10.5,NULL,NULL,NULL,NULL,NULL,NULL
NULL,NULL,24,-999,-999,43.3125,NULL,NULL,NULL,NULL,NULL,NULL
NULL,NULL,24,-998,-998,10.5,NULL,NULL,NULL,NULL,NULL,NULL
NULL,NULL,24,0,0,5.0,-1,0,NULL,NULL,NULL,NULL
NULL,NULL,24,1,25,11.0,-1,-1,NULL,NULL,NULL,NULL
NULL,NULL,24,2,26,11.0,-1,-1,NULL,NULL,NULL,NULL
NULL,NULL,24,3,27,11.0,-1,-1,NULL,NULL,NULL,NULL
NULL,NULL,24,4,-9999,4.0,-1,-1,NULL,NULL,NULL,NULL
NULL,NULL,24,5,33,11.0,-1,-1,NULL,NULL,NULL,NULL
NULL,NULL,24,6,34,11.0,-1,-1,NULL,NULL,NULL,NULL
NULL,NULL,24,7,35,11.0,-1,-1,NULL,NULL,NULL,NULL
NULL,NULL,24,8,-9999,4.0,-1,-1,NULL,NULL,NULL,NULL
NULL,NULL,24,9,36,11.0,-1,-1,NULL,NULL,NULL,NULL
NULL,NULL,24,10,37,11.0,-1,-1,NULL,NULL,NULL,NULL
NULL,NULL,24,11,38,11.0,-1,-1,NULL,NULL,NULL,NULL
NULL,NULL,24,12,-9999,4.0,-1,-1,NULL,NULL,NULL,NULL
NULL,NULL,24,13,39,11.0,-1,-1,NULL,NULL,NULL,NULL
NULL,NULL,24,14,40,11.0,-1,-1,NULL,NULL,NULL,NULL
NULL,NULL,24,15,41,11.0,-1,-1,NULL,NULL,NULL,NULL
NULL,NULL,24,16,-9999,4.0,-1,-1,NULL,NULL,NULL,NULL
NULL,NULL,24,17,42,11.0,-1,-1,NULL,NULL,NULL,NULL
NULL,NULL,24,18,43,11.0,-1,-1,NULL,NULL,NULL,NULL
NULL,NULL,24,19,44,11.0,-1,-1,NULL,NULL,NULL,NULL
NULL,NULL,24,20,-9999,4.0,-1,-1,NULL,NULL,NULL,NULL
NULL,NULL,24,21,45,11.0,-1,-1,NULL,NULL,NULL,NULL
NULL,NULL,24,22,46,11.0,-1,-1,NULL,NULL,NULL,NULL
NULL,NULL,24,23,47,11.0,-1,-1,NULL,NULL,NULL,NULL
NULL,NULL,24,24,-9999,4.0,-1,-1,NULL,NULL,NULL,NULL
NULL,NULL,24,25,48,11.0,-1,-1,NULL,NULL,NULL,NULL
NULL,NULL,24,26,49,11.0,-1,-1,NULL,NULL,NULL,NULL
NULL,NULL,24,27,50,11.0,-1,-1,NULL,NULL,NULL,NULL
NULL,NULL,24,28,-9999,4.0,-1,-1,NULL,NULL,NULL,NULL
NULL,NULL,24,29,51,11.0,-1,-1,NULL,NULL,NULL,NULL
NULL,NULL,24,30,52,11.0,-1,-1,NULL,NULL,NULL,NULL
NULL,NULL,24,31,53,11.0,-1,-1,NULL,NULL,NULL,NULL
NULL,NULL,24,32,-9999,4.0,-1,-1,NULL,NULL,NULL,NULL
NULL,NULL,24,33,54,11.0,-1,-1,NULL,NULL,NULL,NULL
NULL,NULL,24,34,55,11.0,-1,-1,NULL,NULL,NULL,NULL
NULL,NULL,24,35,56,11.0,-1,-1,NULL,NULL,NULL,NULL
NULL,NULL,24,36,-9999,4.0,-1,-1,NULL,NULL,NULL,NULL
NULL,NULL,24,37,57,11.0,-1,-1,NULL,NULL,NULL,NULL
NULL,NULL,24,38,58,11.0,-1,-1,NULL,NULL,NULL,NULL
NULL,NULL,24,39,59,11.0,-1,-1,NULL,NULL,NULL,NULL
NULL,NULL,24,40,-9999,4.0,-1,-1,NULL,NULL,NULL,NULL
NULL,NULL,24,41,60,11.0,-1,-1,NULL,NULL,NULL,NULL
NULL,NULL,24,42,61,11.0,-1,-1,NULL,NULL,NULL,NULL
NULL,NULL,24,43,62,11.0,-1,-1,NULL,NULL,NULL,NULL
NULL,NULL,24,44,-9999,4.0,-1,-1,NULL,NULL,NULL,NULL
NULL,NULL,24,45,63,11.0,-1,-1,NULL,NULL,NULL,NULL
NULL,NULL,24,46,64,11.0,-1,-1,NULL,NULL,NULL,NULL
NULL,NULL,24,47,65,11.0,-1,-1,NULL,NULL,NULL,NULL
NULL,NULL,24,48,-9999,4.0,-1,-1,NULL,NULL,NULL,NULL
NULL,NULL,24,49,66,11.0,-1,-1,NULL,NULL,NULL,NULL
NULL,NULL,24,50,67,11.0,-1,-1,NULL,NULL,NULL,NULL
NULL,NULL,24,51,68,11.0,-1,-1,NULL,NULL,NULL,NULL
NULL,NULL,24,52,-9999,4.0,-1,-1,NULL,NULL,NULL,NULL
NULL,NULL,24,53,69,11.0,-1,-1,NULL,NULL,NULL,NULL
NULL,NULL,24,54,70,11.0,-1,-1,NULL,NULL,NULL,NULL
NULL,NULL,24,55,71,11.0,-1,-1,NULL,NULL,NULL,NULL
NULL,NULL,24,56,-9999,-1.0,-1,-1,NULL,NULL,NULL,NULL
NULL,NULL,24,57,115,-1.0,-1,-1,NULL,NULL,NULL,NULL
NULL,NULL,72,6,1280,-1.0,-1,-1,NULL,NULL,Variable,NULL
NULL,NULL,72,7,1281,-1.0,-1,-1,NULL,NULL,Variable,NULL
NULL,NULL,72,8,1282,-1.0,-1,-1,NULL,NULL,Variable,NULL
NULL,NULL,72,10,1284,-1.0,-1,-1,NULL,NULL,Variable,NULL
NULL,NULL,72,12,1286,-1.0,-1,-1,NULL,NULL,Variable,NULL
NULL,NULL,72,13,1287,-1.0,-1,-1,NULL,NULL,Variable,NULL
NULL,NULL,72,14,1288,-1.0,-1,-1,NULL,NULL,Variable,NULL
NULL,NULL,72,15,1289,-1.0,-1,-1,NULL,NULL,Variable,NULL
NULL,NULL,72,16,1290,-1.0,-1,-1,NULL,NULL,Variable,NULL
NULL,NULL,72,17,1291,-1.0,-1,-1,NULL,NULL,Variable,NULL
NULL,NULL,72,18,1292,-1.0,-1,-1,NULL,NULL,Variable,NULL
NULL,NULL,72,19,1293,-1.0,-1,-1,NULL,NULL,Variable,NULL
NULL,NULL,72,20,1295,-1.0,-1,-1,NULL,NULL,Variable,NULL
NULL,NULL,72,21,1296,-1.0,-1,-1,NULL,NULL,Variable,NULL
NULL,NULL,72,22,1297,-1.0,-1,-1,NULL,NULL,Variable,NULL
NULL,NULL,72,23,1298,-1.0,-1,-1,NULL,NULL,Variable,NULL
NULL,NULL,72,24,1299,-1.0,-1,-1,NULL,NULL,Variable,NULL
NULL,NULL,72,25,1300,-1.0,-1,-1,NULL,NULL,Variable,NULL
NULL,NULL,72,26,1301,-1.0,-1,-1,NULL,NULL,Variable,NULL
NULL,NULL,72,27,1302,-1.0,-1,-1,NULL,NULL,Variable,NULL
NULL,NULL,72,28,1303,-1.0,-1,-1,NULL,NULL,Variable,NULL
NULL,NULL,72,29,1304,-1.0,-1,-1,NULL,NULL,Variable,NULL
NULL,NULL,72,30,1306,-1.0,-1,-1,NULL,NULL,Variable,NULL
NULL,NULL,72,31,1307,-1.0,-1,-1,NULL,NULL,Variable,NULL
NULL,NULL,72,32,1309,-1.0,-1,-1,NULL,NULL,Variable,NULL
NULL,NULL,72,33,1312,-1.0,-1,-1,NULL,NULL,Variable,NULL
NULL,NULL,72,34,1322,-1.0,-1,-1,NULL,NULL,Variable,NULL
NULL,NULL,72,35,1323,-1.0,-1,-1,NULL,NULL,Variable,NULL
NULL,NULL,72,36,1324,-1.0,-1,-1,NULL,NULL,Variable,NULL
NULL,NULL,72,37,1325,-1.0,-1,-1,NULL,NULL,Variable,NULL
NULL,NULL,53,-1000,-1000,21.0,NULL,NULL,NULL,NULL,NULL,NULL
NULL,NULL,53,-999,-999,21.0,NULL,NULL,NULL,NULL,NULL,NULL
NULL,NULL,53,-998,-998,10.5,NULL,NULL,NULL,NULL,NULL,NULL
NULL,NULL,53,-997,-997,10.5,NULL,NULL,NULL,NULL,NULL,NULL
NULL,NULL,53,0,0,5.0,-1,-1,NULL,NULL,NULL,NULL
NULL,NULL,53,1,101,-1.0,-1,-1,NULL,NULL,NULL,NULL
NULL,NULL,53,2,99,-1.0,-1,-1,NULL,NULL,NULL,NULL
NULL,NULL,53,3,100,-1.0,-1,-1,NULL,NULL,NULL,NULL
NULL,NULL,62,-1000,-1000,21.0,NULL,NULL,NULL,NULL,NULL,NULL
NULL,NULL,62,-999,-999,21.0,NULL,NULL,NULL,NULL,NULL,NULL
NULL,NULL,62,-998,-998,10.5,NULL,NULL,NULL,NULL,NULL,NULL
NULL,NULL,62,-997,-997,10.5,NULL,NULL,NULL,NULL,NULL,NULL
NULL,NULL,62,0,0,-1.0,-1,-1,NULL,NULL,NULL,NULL
NULL,NULL,62,1,103,-1.0,-1,-1,NULL,NULL,NULL,NULL
NULL,NULL,62,2,104,-1.0,-1,-1,NULL,NULL,NULL,NULL
NULL,NULL,62,3,105,-1.0,-1,-1,NULL,NULL,NULL,NULL
NULL,NULL,62,4,-9999,-1.0,-1,-1,NULL,NULL,NULL,NULL
NULL,NULL,62,5,18,-1.0,-1,-1,NULL,NULL,NULL,NULL
NULL,NULL,62,6,20,-1.0,-1,-1,NULL,NULL,NULL,NULL
NULL,NULL,62,7,23,-1.0,-1,-1,NULL,NULL,NULL,NULL
NULL,NULL,62,8,-9999,-1.0,-1,-1,NULL,NULL,NULL,NULL
NULL,NULL,62,9,28,-1.0,-1,-1,NULL,NULL,NULL,NULL
NULL,NULL,62,10,29,-1.0,-1,-1,NULL,NULL,NULL,NULL
NULL,NULL,62,11,30,-1.0,-1,-1,NULL,NULL,NULL,NULL
NULL,NULL,62,12,-9999,-1.0,-1,-1,NULL,NULL,NULL,NULL
NULL,NULL,62,13,31,-1.0,-1,-1,NULL,NULL,NULL,NULL
NULL,NULL,62,14,-9999,-1.0,-1,-1,NULL,NULL,NULL,NULL
NULL,NULL,62,15,32,-1.0,-1,-1,NULL,NULL,NULL,NULL
NULL,NULL,62,16,-9999,-1.0,-1,-1,NULL,NULL,NULL,NULL
NULL,NULL,62,17,78,-1.0,-1,-1,NULL,NULL,NULL,NULL
NULL,NULL,62,18,79,-1.0,-1,-1,NULL,NULL,NULL,NULL
NULL,NULL,62,19,89,-1.0,-1,-1,NULL,NULL,NULL,NULL
NULL,NULL,62,20,-9999,-1.0,-1,-1,NULL,NULL,NULL,NULL
NULL,NULL,62,21,80,-1.0,-1,-1,NULL,NULL,NULL,NULL
NULL,NULL,62,22,92,-1.0,-1,-1,NULL,NULL,NULL,NULL
NULL,NULL,62,23,93,-1.0,-1,-1,NULL,NULL,NULL,NULL
NULL,NULL,62,24,-9999,-1.0,-1,-1,NULL,NULL,NULL,NULL
NULL,NULL,62,25,81,-1.0,-1,-1,NULL,NULL,NULL,NULL
NULL,NULL,62,26,82,-1.0,-1,-1,NULL,NULL,NULL,NULL
NULL,NULL,62,27,95,-1.0,-1,-1,NULL,NULL,NULL,NULL
NULL,NULL,62,28,-9999,-1.0,-1,-1,NULL,NULL,NULL,NULL
NULL,NULL,62,29,83,-1.0,-1,-1,NULL,NULL,NULL,NULL
NULL,NULL,62,30,96,-1.0,-1,-1,NULL,NULL,NULL,NULL
NULL,NULL,62,31,97,-1.0,-1,-1,NULL,NULL,NULL,NULL
NULL,NULL,62,32,-9999,-1.0,-1,-1,NULL,NULL,NULL,NULL
NULL,NULL,62,33,99,-1.0,-1,-1,NULL,NULL,NULL,NULL
NULL,NULL,62,34,100,-1.0,-1,-1,NULL,NULL,NULL,NULL
NULL,NULL,62,35,101,-1.0,-1,-1,NULL,NULL,NULL,NULL
NULL,NULL,72,38,1326,-1.0,-1,-1,NULL,NULL,Variable,NULL
NULL,NULL,63,-1000,-1000,21.0,NULL,NULL,NULL,NULL,NULL,NULL
NULL,NULL,63,-999,-999,21.0,NULL,NULL,NULL,NULL,NULL,NULL
NULL,NULL,63,-998,-998,10.5,NULL,NULL,NULL,NULL,NULL,NULL
NULL,NULL,63,-997,-997,10.5,NULL,NULL,NULL,NULL,NULL,NULL
NULL,NULL,63,0,0,5.0,-1,0,NULL,NULL,NULL,NULL
NULL,NULL,63,1,108,11.0,NULL,NULL,NULL,NULL,Variable,NULL
NULL,NULL,63,2,-9999,4.0,16777215,0,NULL,NULL,"",NULL
NULL,NULL,63,3,109,11.0,NULL,NULL,NULL,NULL,Variable,NULL
NULL,NULL,63,4,-9999,4.0,16777215,0,NULL,NULL,"",NULL
NULL,NULL,63,5,99,11.0,NULL,NULL,NULL,NULL,Variable,NULL
NULL,NULL,72,39,1327,-1.0,-1,-1,NULL,NULL,Variable,NULL
NULL,NULL,72,40,1328,-1.0,-1,-1,NULL,NULL,Variable,NULL
NULL,NULL,72,41,1329,-1.0,-1,-1,NULL,NULL,Variable,NULL
NULL,NULL,72,42,1330,-1.0,-1,-1,NULL,NULL,Variable,NULL
NULL,NULL,29,-1000,-1000,21.0,NULL,NULL,NULL,NULL,NULL,NULL
NULL,NULL,29,-999,-999,21.0,NULL,NULL,NULL,NULL,NULL,NULL
NULL,NULL,29,-998,-998,10.5,NULL,NULL,NULL,NULL,NULL,NULL
NULL,NULL,29,-997,-997,10.5,NULL,NULL,NULL,NULL,NULL,NULL
NULL,NULL,29,0,0,5.0,-1,0,NULL,NULL,NULL,NULL
NULL,NULL,29,1,76,11.0,-1,-1,NULL,NULL,NULL,NULL
NULL,NULL,29,2,-9999,4.0,-1,-1,NULL,NULL,NULL,NULL
NULL,NULL,29,3,155,21.5,-1,-1,NULL,NULL,NULL,NULL
NULL,NULL,29,4,78,16.875,-1,-1,NULL,NULL,NULL,NULL
NULL,NULL,29,5,79,16.5,-1,-1,NULL,NULL,NULL,NULL
NULL,NULL,24,58,117,-1.0,-1,-1,NULL,NULL,NULL,NULL
NULL,NULL,24,59,118,-1.0,-1,-1,NULL,NULL,NULL,NULL
NULL,NULL,24,60,119,-1.0,-1,-1,NULL,NULL,NULL,NULL
NULL,NULL,24,61,-9999,-1.0,-1,-1,NULL,NULL,NULL,NULL
NULL,NULL,24,62,90,-1.0,-1,-1,NULL,NULL,NULL,NULL
NULL,NULL,24,63,110,-1.0,-1,-1,NULL,NULL,NULL,NULL
NULL,NULL,24,64,111,-1.0,-1,-1,NULL,NULL,NULL,NULL
NULL,NULL,63,6,100,26.75,NULL,NULL,NULL,NULL,Variable,NULL
NULL,NULL,63,7,101,21.5,NULL,NULL,NULL,NULL,Variable,NULL
NULL,NULL,63,8,-9999,4.0,16777215,0,NULL,NULL,"",NULL
NULL,NULL,63,9,103,11.0,NULL,NULL,NULL,NULL,Variable,NULL
NULL,NULL,63,10,104,21.75,NULL,NULL,NULL,NULL,Variable,NULL
NULL,NULL,63,11,105,22.625,NULL,NULL,NULL,NULL,Variable,NULL
NULL,NULL,24,65,-9999,-1.0,-1,-1,NULL,NULL,NULL,NULL
NULL,NULL,24,66,106,-1.0,-1,-1,NULL,NULL,NULL,NULL
NULL,NULL,24,67,107,-1.0,-1,-1,NULL,NULL,NULL,NULL
NULL,NULL,29,6,89,22.125,-1,-1,NULL,NULL,NULL,NULL
NULL,NULL,29,7,-9999,4.0,-1,-1,NULL,NULL,NULL,NULL
NULL,NULL,29,8,145,11.0,-1,-1,NULL,NULL,NULL,NULL
NULL,NULL,29,9,80,19.5,-1,-1,NULL,NULL,NULL,NULL
NULL,NULL,29,10,92,17.25,-1,-1,NULL,NULL,NULL,NULL
NULL,NULL,29,11,93,20.5,-1,-1,NULL,NULL,NULL,NULL
NULL,NULL,67,-1000,-1000,21.0,NULL,NULL,NULL,NULL,NULL,NULL
NULL,NULL,67,-999,-999,21.0,NULL,NULL,NULL,NULL,NULL,NULL
NULL,NULL,67,-998,-998,10.5,NULL,NULL,NULL,NULL,NULL,NULL
NULL,NULL,67,-997,-997,10.5,NULL,NULL,NULL,NULL,NULL,NULL
NULL,NULL,67,0,0,-1.0,-1,-1,NULL,NULL,NULL,NULL
NULL,NULL,67,1,120,-1.0,-1,-1,NULL,NULL,NULL,NULL
NULL,NULL,67,2,121,-1.0,-1,-1,NULL,NULL,NULL,NULL
NULL,NULL,67,3,-9999,-1.0,-1,-1,NULL,NULL,NULL,NULL
NULL,NULL,67,4,122,-1.0,-1,-1,NULL,NULL,NULL,NULL
NULL,NULL,67,5,123,-1.0,-1,-1,NULL,NULL,NULL,NULL
NULL,NULL,67,6,-9999,-1.0,-1,-1,NULL,NULL,NULL,NULL
NULL,NULL,67,7,134,-1.0,-1,-1,NULL,NULL,NULL,NULL
NULL,NULL,67,8,135,-1.0,-1,-1,NULL,NULL,NULL,NULL
NULL,NULL,29,12,-9999,4.0,16777215,0,NULL,NULL,NULL,NULL
NULL,NULL,29,13,186,21.125,-1,-1,NULL,NULL,NULL,NULL
NULL,NULL,29,14,-9999,4.0,16777215,0,NULL,NULL,NULL,NULL
NULL,NULL,29,15,184,16.75,-1,-1,NULL,NULL,NULL,NULL
NULL,NULL,29,16,-9999,4.0,16777215,0,NULL,NULL,NULL,NULL
NULL,NULL,29,17,4,-1.0,-1,-1,NULL,NULL,NULL,NULL
NULL,NULL,29,18,5,-1.0,-1,-1,NULL,NULL,NULL,NULL
NULL,NULL,29,19,3,-1.0,-1,-1,NULL,NULL,NULL,NULL
NULL,NULL,29,20,2,-1.0,-1,-1,NULL,NULL,NULL,NULL
NULL,NULL,29,21,-9999,-1.0,-1,-1,NULL,NULL,NULL,NULL
NULL,NULL,29,22,142,-1.0,-1,-1,NULL,NULL,NULL,NULL
NULL,NULL,29,23,156,-1.0,-1,-1,NULL,NULL,NULL,NULL
NULL,NULL,29,24,186,-1.0,-1,-1,NULL,NULL,NULL,NULL
NULL,NULL,72,43,1331,-1.0,-1,-1,NULL,NULL,Variable,NULL
NULL,NULL,72,44,1332,-1.0,-1,-1,NULL,NULL,Variable,NULL
NULL,NULL,72,45,1333,-1.0,-1,-1,NULL,NULL,Variable,NULL
NULL,NULL,72,46,1334,-1.0,-1,-1,NULL,NULL,Variable,NULL
NULL,NULL,72,47,1335,-1.0,-1,-1,NULL,NULL,Variable,NULL
NULL,NULL,72,48,1336,-1.0,-1,-1,NULL,NULL,Variable,NULL
NULL,NULL,72,49,1337,-1.0,-1,-1,NULL,NULL,Variable,NULL
NULL,NULL,72,50,1338,-1.0,-1,-1,NULL,NULL,Variable,NULL
NULL,NULL,72,51,1339,-1.0,-1,-1,NULL,NULL,Variable,NULL
NULL,NULL,72,52,1340,-1.0,-1,-1,NULL,NULL,Variable,NULL
NULL,NULL,23,0,0,5.0,-1,0,NULL,NULL,NULL,NULL
NULL,NULL,64,-1000,-1000,21.0,NULL,NULL,NULL,NULL,NULL,NULL
NULL,NULL,64,-999,-999,21.0,NULL,NULL,NULL,NULL,NULL,NULL
NULL,NULL,64,-998,-998,10.5,NULL,NULL,NULL,NULL,NULL,NULL
NULL,NULL,64,-997,-997,10.5,NULL,NULL,NULL,NULL,NULL,NULL
NULL,NULL,64,0,0,5.0,-1,0,NULL,NULL,NULL,NULL
NULL,NULL,64,1,94,11.0,NULL,NULL,NULL,NULL,Variable,NULL
NULL,NULL,64,2,-9999,4.0,NULL,NULL,NULL,NULL,"",NULL
NULL,NULL,64,3,81,16.125,NULL,NULL,NULL,NULL,Variable,NULL
NULL,NULL,64,4,161,11.0,NULL,NULL,NULL,NULL,Variable,NULL
NULL,NULL,64,5,197,14.25,NULL,NULL,NULL,NULL,Variable,NULL
NULL,NULL,64,6,198,15.5,NULL,NULL,NULL,NULL,Variable,NULL
NULL,NULL,64,7,199,14.75,NULL,NULL,NULL,NULL,Variable,NULL
NULL,NULL,64,8,-9999,4.0,NULL,NULL,NULL,NULL,"",NULL
NULL,NULL,64,9,83,17.125,NULL,NULL,NULL,NULL,Variable,NULL
NULL,NULL,64,10,162,18.625,NULL,NULL,NULL,NULL,Variable,NULL
NULL,NULL,64,11,204,15.625,NULL,NULL,NULL,NULL,Variable,NULL
NULL,NULL,64,12,205,17.875,NULL,NULL,NULL,NULL,Variable,NULL
NULL,NULL,64,13,206,17.875,NULL,NULL,NULL,NULL,Variable,NULL
NULL,NULL,64,14,-9999,4.0,NULL,NULL,NULL,NULL,"",NULL
NULL,NULL,64,15,28,11.0,NULL,NULL,NULL,NULL,Variable,NULL
NULL,NULL,64,16,159,11.0,NULL,NULL,NULL,NULL,Variable,NULL
NULL,NULL,23,1,15,11.0,NULL,NULL,NULL,NULL,Variable,NULL
NULL,NULL,23,2,16,11.0,NULL,NULL,NULL,NULL,Variable,NULL
NULL,NULL,23,3,179,11.0,NULL,NULL,NULL,NULL,Variable,NULL
NULL,NULL,23,4,181,11.0,NULL,NULL,NULL,NULL,Variable,NULL
NULL,NULL,23,5,180,11.0,NULL,NULL,NULL,NULL,Variable,NULL
NULL,NULL,23,6,-9999,4.0,NULL,NULL,NULL,NULL,"",NULL
NULL,NULL,23,7,177,11.0,NULL,NULL,NULL,NULL,Variable,NULL
NULL,NULL,23,8,174,11.0,NULL,NULL,NULL,NULL,Variable,NULL
NULL,NULL,23,9,-9999,4.0,16777215,0,NULL,NULL,"",NULL
NULL,NULL,23,10,-9999,4.0,16777215,0,NULL,NULL,"",NULL
NULL,NULL,23,11,160,11.0,NULL,NULL,NULL,NULL,Variable,NULL
NULL,NULL,23,12,18,11.0,NULL,NULL,NULL,NULL,Variable,NULL
NULL,NULL,23,13,20,11.0,NULL,NULL,NULL,NULL,Variable,NULL
NULL,NULL,23,14,201,11.0,NULL,NULL,NULL,NULL,Variable,NULL
NULL,NULL,23,15,202,11.0,NULL,NULL,NULL,NULL,Variable,NULL
NULL,NULL,23,16,203,11.0,NULL,NULL,NULL,NULL,Variable,NULL
NULL,NULL,23,17,-9999,4.0,NULL,NULL,NULL,NULL,"",NULL
NULL,NULL,23,18,159,11.0,NULL,NULL,NULL,NULL,Variable,NULL
NULL,NULL,23,19,28,11.0,NULL,NULL,NULL,NULL,Variable,NULL
NULL,NULL,23,20,29,11.0,NULL,NULL,NULL,NULL,Variable,NULL
NULL,NULL,23,21,30,11.0,NULL,NULL,NULL,NULL,Variable,NULL
NULL,NULL,23,22,-9999,4.0,NULL,NULL,NULL,NULL,"",NULL
NULL,NULL,23,23,158,11.0,NULL,NULL,NULL,NULL,Variable,NULL
NULL,NULL,23,24,31,11.0,NULL,NULL,NULL,NULL,Variable,NULL
NULL,NULL,23,25,-9999,4.0,NULL,NULL,NULL,NULL,"",NULL
NULL,NULL,64,17,29,11.0,NULL,NULL,NULL,NULL,Variable,NULL
NULL,NULL,23,26,157,11.0,NULL,NULL,NULL,NULL,Variable,NULL
NULL,NULL,23,27,32,11.0,NULL,NULL,NULL,NULL,Variable,NULL
NULL,NULL,23,28,-9999,4.0,16777215,0,NULL,NULL,"",NULL
NULL,NULL,64,18,-9999,4.0,NULL,NULL,NULL,NULL,"",NULL
NULL,NULL,64,19,160,11.0,NULL,NULL,NULL,NULL,Variable,NULL
NULL,NULL,64,20,18,11.0,NULL,NULL,NULL,NULL,Variable,NULL
NULL,NULL,64,21,201,11.0,NULL,NULL,NULL,NULL,Variable,NULL
NULL,NULL,64,22,202,11.0,NULL,NULL,NULL,NULL,Variable,NULL
NULL,NULL,64,23,203,11.0,NULL,NULL,NULL,NULL,Variable,NULL
NULL,NULL,64,24,-9999,4.0,NULL,NULL,NULL,NULL,"",NULL
NULL,NULL,64,25,155,11.0,NULL,NULL,NULL,NULL,Variable,NULL
NULL,NULL,64,26,78,11.0,NULL,NULL,NULL,NULL,Variable,NULL
NULL,NULL,64,27,79,11.0,NULL,NULL,NULL,NULL,Variable,NULL
NULL,NULL,64,28,-9999,4.0,NULL,NULL,NULL,NULL,"",NULL
NULL,NULL,64,29,145,11.0,NULL,NULL,NULL,NULL,Variable,NULL
NULL,NULL,64,30,80,11.0,NULL,NULL,NULL,NULL,Variable,NULL
NULL,NULL,64,31,92,11.0,NULL,NULL,NULL,NULL,Variable,NULL
NULL,NULL,64,32,-9999,4.0,NULL,NULL,NULL,NULL,"",NULL
NULL,NULL,64,33,157,11.0,NULL,NULL,NULL,NULL,Variable,NULL
NULL,NULL,64,34,32,11.0,NULL,NULL,NULL,NULL,Variable,NULL
NULL,NULL,64,35,213,11.0,NULL,NULL,NULL,NULL,Variable,NULL
NULL,NULL,64,36,214,11.0,NULL,NULL,NULL,NULL,Variable,NULL
NULL,NULL,64,37,215,11.0,NULL,NULL,NULL,NULL,Variable,NULL
NULL,NULL,64,38,-9999,4.0,16777215,0,NULL,NULL,"",NULL
NULL,NULL,64,39,158,15.75,NULL,NULL,NULL,NULL,Variable,NULL
NULL,NULL,64,40,31,14.375,NULL,NULL,NULL,NULL,Variable,NULL
NULL,NULL,72,9,1283,-1.0,-1,-1,NULL,NULL,Variable,NULL
NULL,NULL,69,-1000,-1000,21.0,NULL,NULL,NULL,NULL,NULL,NULL
NULL,NULL,69,-999,-999,21.0,NULL,NULL,NULL,NULL,NULL,NULL
NULL,NULL,69,-998,-998,10.5,NULL,NULL,NULL,NULL,NULL,NULL
NULL,NULL,69,-997,-997,10.5,NULL,NULL,NULL,NULL,NULL,NULL
NULL,NULL,69,0,0,5.0,-1,0,NULL,NULL,NULL,NULL
NULL,NULL,69,1,189,11.0,NULL,NULL,NULL,NULL,Variable,NULL
NULL,NULL,69,2,-9999,4.0,16777215,0,NULL,NULL,"",NULL
NULL,NULL,69,3,194,23.75,NULL,NULL,NULL,NULL,Variable,NULL
NULL,NULL,69,4,-9999,4.0,16777215,0,NULL,NULL,"",NULL
NULL,NULL,69,5,188,27.375,NULL,NULL,NULL,NULL,Variable,NULL
NULL,NULL,69,6,-9999,4.0,16777215,0,NULL,NULL,"",NULL
NULL,NULL,23,29,182,11.0,NULL,NULL,NULL,NULL,Variable,NULL
NULL,NULL,23,30,216,16.0,NULL,NULL,NULL,NULL,Variable,NULL
NULL,NULL,23,31,217,11.0,NULL,NULL,NULL,NULL,Variable,NULL
NULL,NULL,23,32,218,17.375,NULL,NULL,NULL,NULL,Variable,NULL
NULL,NULL,23,33,-9999,4.0,16777215,0,NULL,NULL,"",NULL
NULL,NULL,23,34,183,11.0,NULL,NULL,NULL,NULL,Variable,NULL
NULL,NULL,23,35,213,19.5,NULL,NULL,NULL,NULL,Variable,NULL
NULL,NULL,23,36,214,11.0,NULL,NULL,NULL,NULL,Variable,NULL
NULL,NULL,23,37,215,17.375,NULL,NULL,NULL,NULL,Variable,NULL
NULL,NULL,23,38,-9999,4.0,16777215,0,NULL,NULL,"",NULL
NULL,NULL,72,53,1342,-1.0,-1,-1,NULL,NULL,Variable,NULL
NULL,NULL,72,54,1343,-1.0,-1,-1,NULL,NULL,Variable,NULL
NULL,NULL,72,55,1344,-1.0,-1,-1,NULL,NULL,Variable,NULL
NULL,NULL,72,56,1345,-1.0,-1,-1,NULL,NULL,Variable,NULL
NULL,NULL,72,57,1346,-1.0,-1,-1,NULL,NULL,Variable,NULL
NULL,NULL,72,58,1347,-1.0,-1,-1,NULL,NULL,Variable,NULL
NULL,NULL,72,59,1348,-1.0,-1,-1,NULL,NULL,Variable,NULL
NULL,NULL,72,60,1349,-1.0,-1,-1,NULL,NULL,Variable,NULL
NULL,NULL,72,61,1350,-1.0,-1,-1,NULL,NULL,Variable,NULL
NULL,NULL,72,62,1351,-1.0,-1,-1,NULL,NULL,Variable,NULL
NULL,NULL,72,63,1353,-1.0,-1,-1,NULL,NULL,Variable,NULL
NULL,NULL,72,64,1354,-1.0,-1,-1,NULL,NULL,Variable,NULL
NULL,NULL,72,65,1356,-1.0,-1,-1,NULL,NULL,Variable,NULL
NULL,NULL,72,66,1359,-1.0,-1,-1,NULL,NULL,Variable,NULL
NULL,NULL,72,67,1373,-1.0,-1,-1,NULL,NULL,Variable,NULL
NULL,NULL,72,68,1374,-1.0,-1,-1,NULL,NULL,Variable,NULL
NULL,NULL,72,69,1375,-1.0,-1,-1,NULL,NULL,Variable,NULL
NULL,NULL,72,70,1376,-1.0,-1,-1,NULL,NULL,Variable,NULL
NULL,NULL,72,71,1377,-1.0,-1,-1,NULL,NULL,Variable,NULL
NULL,NULL,85,-1000,-1000,21.0,NULL,NULL,NULL,NULL,NULL,NULL
NULL,NULL,85,-999,-999,21.0,NULL,NULL,NULL,NULL,NULL,NULL
NULL,NULL,85,-998,-998,10.5,NULL,NULL,NULL,NULL,NULL,NULL
NULL,NULL,72,72,1378,-1.0,-1,-1,NULL,NULL,Variable,NULL
NULL,NULL,72,73,1379,-1.0,-1,-1,NULL,NULL,Variable,NULL
NULL,NULL,72,74,1380,-1.0,-1,-1,NULL,NULL,Variable,NULL
NULL,NULL,72,75,1381,-1.0,-1,-1,NULL,NULL,Variable,NULL
NULL,NULL,72,76,1382,-1.0,-1,-1,NULL,NULL,Variable,NULL
NULL,NULL,72,77,1383,-1.0,-1,-1,NULL,NULL,Variable,NULL
NULL,NULL,72,78,1384,-1.0,-1,-1,NULL,NULL,Variable,NULL
NULL,NULL,72,79,1385,-1.0,-1,-1,NULL,NULL,Variable,NULL
NULL,NULL,72,80,1386,-1.0,-1,-1,NULL,NULL,Variable,NULL
NULL,NULL,72,81,1387,-1.0,-1,-1,NULL,NULL,Variable,NULL
NULL,NULL,72,82,1388,-1.0,-1,-1,NULL,NULL,Variable,NULL
NULL,NULL,72,83,1389,-1.0,-1,-1,NULL,NULL,Variable,NULL
NULL,NULL,72,84,1390,-1.0,-1,-1,NULL,NULL,Variable,NULL
NULL,NULL,72,85,1391,-1.0,-1,-1,NULL,NULL,Variable,NULL
NULL,NULL,72,86,1393,-1.0,-1,-1,NULL,NULL,Variable,NULL
NULL,NULL,72,87,1394,-1.0,-1,-1,NULL,NULL,Variable,NULL
NULL,NULL,72,88,1395,-1.0,-1,-1,NULL,NULL,Variable,NULL
NULL,NULL,72,89,1396,-1.0,-1,-1,NULL,NULL,Variable,NULL
NULL,NULL,72,90,1397,-1.0,-1,-1,NULL,NULL,Variable,NULL
NULL,NULL,72,91,1398,-1.0,-1,-1,NULL,NULL,Variable,NULL
NULL,NULL,72,92,1399,-1.0,-1,-1,NULL,NULL,Variable,NULL
NULL,NULL,72,93,1400,-1.0,-1,-1,NULL,NULL,Variable,NULL
NULL,NULL,72,94,1401,-1.0,-1,-1,NULL,NULL,Variable,NULL
NULL,NULL,72,95,1402,-1.0,-1,-1,NULL,NULL,Variable,NULL
NULL,NULL,72,96,1404,-1.0,-1,-1,NULL,NULL,Variable,NULL
NULL,NULL,72,97,1405,-1.0,-1,-1,NULL,NULL,Variable,NULL
NULL,NULL,72,98,1407,-1.0,-1,-1,NULL,NULL,Variable,NULL
NULL,NULL,72,99,1410,-1.0,-1,-1,NULL,NULL,Variable,NULL
NULL,NULL,72,11,1285,-1.0,-1,-1,NULL,NULL,Variable,NULL
NULL,NULL,72,100,1433,-1.0,-1,-1,NULL,NULL,Variable,NULL
NULL,NULL,72,101,1434,-1.0,-1,-1,NULL,NULL,Variable,NULL
NULL,NULL,72,102,1435,-1.0,-1,-1,NULL,NULL,Variable,NULL
NULL,NULL,72,103,1436,-1.0,-1,-1,NULL,NULL,Variable,NULL
NULL,NULL,72,104,1437,-1.0,-1,-1,NULL,NULL,Variable,NULL
NULL,NULL,72,105,1438,-1.0,-1,-1,NULL,NULL,Variable,NULL
NULL,NULL,72,106,1439,-1.0,-1,-1,NULL,NULL,Variable,NULL
NULL,NULL,72,107,1440,-1.0,-1,-1,NULL,NULL,Variable,NULL
NULL,NULL,72,108,1441,-1.0,-1,-1,NULL,NULL,Variable,NULL
NULL,NULL,72,109,1442,-1.0,-1,-1,NULL,NULL,Variable,NULL
NULL,NULL,73,-1000,-1000,21.0,NULL,NULL,NULL,NULL,NULL,NULL
NULL,NULL,73,-999,-999,21.0,NULL,NULL,NULL,NULL,NULL,NULL
NULL,NULL,73,-998,-998,10.5,NULL,NULL,NULL,NULL,NULL,NULL
NULL,NULL,73,-997,-997,10.5,NULL,NULL,NULL,NULL,NULL,NULL
NULL,NULL,73,0,0,-1.0,-1,-1,NULL,NULL,NULL,NULL
NULL,NULL,73,1,1182,-1.0,-1,-1,NULL,NULL,Variable,NULL
NULL,NULL,74,-1000,-1000,21.0,NULL,NULL,NULL,NULL,NULL,NULL
NULL,NULL,74,-999,-999,21.0,NULL,NULL,NULL,NULL,NULL,NULL
NULL,NULL,74,-998,-998,10.5,NULL,NULL,NULL,NULL,NULL,NULL
NULL,NULL,74,-997,-997,10.5,NULL,NULL,NULL,NULL,NULL,NULL
NULL,NULL,74,0,0,-1.0,-1,-1,NULL,NULL,NULL,NULL
NULL,NULL,74,1,1443,-1.0,-1,-1,NULL,NULL,Variable,NULL
NULL,NULL,74,2,1444,-1.0,-1,-1,NULL,NULL,Variable,NULL
NULL,NULL,74,3,1445,-1.0,-1,-1,NULL,NULL,Variable,NULL
NULL,NULL,74,4,1446,-1.0,-1,-1,NULL,NULL,Variable,NULL
NULL,NULL,74,5,1447,-1.0,-1,-1,NULL,NULL,Variable,NULL
NULL,NULL,74,6,1448,-1.0,-1,-1,NULL,NULL,Variable,NULL
NULL,NULL,74,7,1449,-1.0,-1,-1,NULL,NULL,Variable,NULL
NULL,NULL,74,8,1450,-1.0,-1,-1,NULL,NULL,Variable,NULL
NULL,NULL,74,9,1451,-1.0,-1,-1,NULL,NULL,Variable,NULL
NULL,NULL,74,10,1452,-1.0,-1,-1,NULL,NULL,Variable,NULL
NULL,NULL,74,11,1453,-1.0,-1,-1,NULL,NULL,Variable,NULL
NULL,NULL,74,12,1454,-1.0,-1,-1,NULL,NULL,Variable,NULL
NULL,NULL,74,13,1455,-1.0,-1,-1,NULL,NULL,Variable,NULL
NULL,NULL,74,14,1456,-1.0,-1,-1,NULL,NULL,Variable,NULL
NULL,NULL,74,15,1457,-1.0,-1,-1,NULL,NULL,Variable,NULL
NULL,NULL,74,16,1458,-1.0,-1,-1,NULL,NULL,Variable,NULL
NULL,NULL,74,17,1459,-1.0,-1,-1,NULL,NULL,Variable,NULL
NULL,NULL,74,18,1460,-1.0,-1,-1,NULL,NULL,Variable,NULL
NULL,NULL,74,19,1461,-1.0,-1,-1,NULL,NULL,Variable,NULL
NULL,NULL,74,20,1462,-1.0,-1,-1,NULL,NULL,Variable,NULL
NULL,NULL,74,21,1463,-1.0,-1,-1,NULL,NULL,Variable,NULL
NULL,NULL,74,22,1464,-1.0,-1,-1,NULL,NULL,Variable,NULL
NULL,NULL,74,23,1465,-1.0,-1,-1,NULL,NULL,Variable,NULL
NULL,NULL,74,24,1466,-1.0,-1,-1,NULL,NULL,Variable,NULL
NULL,NULL,74,25,1467,-1.0,-1,-1,NULL,NULL,Variable,NULL
NULL,NULL,74,26,1468,-1.0,-1,-1,NULL,NULL,Variable,NULL
NULL,NULL,74,27,1470,-1.0,-1,-1,NULL,NULL,Variable,NULL
NULL,NULL,74,28,1471,-1.0,-1,-1,NULL,NULL,Variable,NULL
NULL,NULL,74,29,1472,-1.0,-1,-1,NULL,NULL,Variable,NULL
NULL,NULL,74,30,1473,-1.0,-1,-1,NULL,NULL,Variable,NULL
NULL,NULL,74,31,1474,-1.0,-1,-1,NULL,NULL,Variable,NULL
NULL,NULL,74,32,1475,-1.0,-1,-1,NULL,NULL,Variable,NULL
NULL,NULL,74,33,1476,-1.0,-1,-1,NULL,NULL,Variable,NULL
NULL,NULL,74,34,1477,-1.0,-1,-1,NULL,NULL,Variable,NULL
NULL,NULL,74,35,1478,-1.0,-1,-1,NULL,NULL,Variable,NULL
NULL,NULL,74,36,1479,-1.0,-1,-1,NULL,NULL,Variable,NULL
NULL,NULL,74,37,1481,-1.0,-1,-1,NULL,NULL,Variable,NULL
NULL,NULL,74,38,1482,-1.0,-1,-1,NULL,NULL,Variable,NULL
NULL,NULL,74,39,1484,-1.0,-1,-1,NULL,NULL,Variable,NULL
NULL,NULL,74,40,1487,-1.0,-1,-1,NULL,NULL,Variable,NULL
NULL,NULL,74,41,1519,-1.0,-1,-1,NULL,NULL,Variable,NULL
NULL,NULL,74,42,1520,-1.0,-1,-1,NULL,NULL,Variable,NULL
NULL,NULL,74,43,1521,-1.0,-1,-1,NULL,NULL,Variable,NULL
NULL,NULL,74,44,1522,-1.0,-1,-1,NULL,NULL,Variable,NULL
NULL,NULL,74,45,1523,-1.0,-1,-1,NULL,NULL,Variable,NULL
NULL,NULL,74,46,1524,-1.0,-1,-1,NULL,NULL,Variable,NULL
NULL,NULL,74,47,1525,-1.0,-1,-1,NULL,NULL,Variable,NULL
NULL,NULL,74,48,1526,-1.0,-1,-1,NULL,NULL,Variable,NULL
NULL,NULL,74,49,1527,-1.0,-1,-1,NULL,NULL,Variable,NULL
NULL,NULL,74,50,1528,-1.0,-1,-1,NULL,NULL,Variable,NULL
NULL,NULL,66,-1000,-1000,21.0,NULL,NULL,NULL,NULL,NULL,NULL
NULL,NULL,66,-999,-999,21.0,NULL,NULL,NULL,NULL,NULL,NULL
NULL,NULL,66,-998,-998,10.5,NULL,NULL,NULL,NULL,NULL,NULL
NULL,NULL,66,-997,-997,10.5,NULL,NULL,NULL,NULL,NULL,NULL
NULL,NULL,66,0,0,5.0,-1,0,NULL,NULL,NULL,NULL
NULL,NULL,66,1,128,16.25,-1,-1,NULL,NULL,NULL,NULL
NULL,NULL,66,2,221,-1.0,-1,-1,NULL,NULL,NULL,NULL
NULL,NULL,66,3,129,16.375,-1,-1,NULL,NULL,NULL,NULL
NULL,NULL,66,4,-9999,4.0,16777215,0,NULL,NULL,NULL,NULL
NULL,NULL,66,5,124,16.375,-1,-1,NULL,NULL,NULL,NULL
NULL,NULL,66,6,220,-1.0,-1,-1,NULL,NULL,NULL,NULL
NULL,NULL,66,7,125,14.0,-1,-1,NULL,NULL,NULL,NULL
NULL,NULL,66,8,-9999,4.0,16777215,0,NULL,NULL,NULL,NULL
NULL,NULL,66,9,130,15.875,-1,-1,NULL,NULL,NULL,NULL
NULL,NULL,66,10,223,-1.0,-1,-1,NULL,NULL,NULL,NULL
NULL,NULL,66,11,131,16.625,-1,-1,NULL,NULL,NULL,NULL
NULL,NULL,66,12,-9999,4.0,16777215,0,NULL,NULL,NULL,NULL
NULL,NULL,66,13,132,13.375,-1,-1,NULL,NULL,NULL,NULL
NULL,NULL,66,14,222,-1.0,-1,-1,NULL,NULL,NULL,NULL
NULL,NULL,66,15,250,-1.0,-1,-1,NULL,NULL,NULL,NULL
NULL,NULL,66,16,-9999,-1.0,-1,-1,NULL,NULL,NULL,NULL
NULL,NULL,66,17,236,-1.0,-1,-1,NULL,NULL,NULL,NULL
NULL,NULL,66,18,237,-1.0,-1,-1,NULL,NULL,NULL,NULL
NULL,NULL,66,19,235,-1.0,-1,-1,NULL,NULL,NULL,NULL
NULL,NULL,66,20,238,-1.0,-1,-1,NULL,NULL,NULL,NULL
NULL,NULL,74,51,1529,-1.0,-1,-1,NULL,NULL,Variable,NULL
NULL,NULL,74,52,1530,-1.0,-1,-1,NULL,NULL,Variable,NULL
NULL,NULL,74,53,1531,-1.0,-1,-1,NULL,NULL,Variable,NULL
NULL,NULL,74,54,1532,-1.0,-1,-1,NULL,NULL,Variable,NULL
NULL,NULL,74,55,1533,-1.0,-1,-1,NULL,NULL,Variable,NULL
NULL,NULL,74,56,1534,-1.0,-1,-1,NULL,NULL,Variable,NULL
NULL,NULL,74,57,1535,-1.0,-1,-1,NULL,NULL,Variable,NULL
NULL,NULL,74,58,1536,-1.0,-1,-1,NULL,NULL,Variable,NULL
NULL,NULL,74,59,1537,-1.0,-1,-1,NULL,NULL,Variable,NULL
NULL,NULL,74,60,1538,-1.0,-1,-1,NULL,NULL,Variable,NULL
NULL,NULL,74,61,1539,-1.0,-1,-1,NULL,NULL,Variable,NULL
NULL,NULL,74,62,1540,-1.0,-1,-1,NULL,NULL,Variable,NULL
NULL,NULL,74,63,1541,-1.0,-1,-1,NULL,NULL,Variable,NULL
NULL,NULL,74,64,1542,-1.0,-1,-1,NULL,NULL,Variable,NULL
NULL,NULL,74,65,1543,-1.0,-1,-1,NULL,NULL,Variable,NULL
NULL,NULL,74,66,1544,-1.0,-1,-1,NULL,NULL,Variable,NULL
NULL,NULL,74,67,1545,-1.0,-1,-1,NULL,NULL,Variable,NULL
NULL,NULL,74,68,1546,-1.0,-1,-1,NULL,NULL,Variable,NULL
NULL,NULL,74,69,1547,-1.0,-1,-1,NULL,NULL,Variable,NULL
NULL,NULL,74,70,1548,-1.0,-1,-1,NULL,NULL,Variable,NULL
NULL,NULL,74,71,1549,-1.0,-1,-1,NULL,NULL,Variable,NULL
NULL,NULL,74,72,1550,-1.0,-1,-1,NULL,NULL,Variable,NULL
NULL,NULL,74,73,1551,-1.0,-1,-1,NULL,NULL,Variable,NULL
NULL,NULL,74,74,1552,-1.0,-1,-1,NULL,NULL,Variable,NULL
NULL,NULL,74,75,1553,-1.0,-1,-1,NULL,NULL,Variable,NULL
NULL,NULL,74,76,1554,-1.0,-1,-1,NULL,NULL,Variable,NULL
NULL,NULL,74,77,1556,-1.0,-1,-1,NULL,NULL,Variable,NULL
NULL,NULL,74,78,1557,-1.0,-1,-1,NULL,NULL,Variable,NULL
NULL,NULL,74,79,1558,-1.0,-1,-1,NULL,NULL,Variable,NULL
NULL,NULL,74,80,1559,-1.0,-1,-1,NULL,NULL,Variable,NULL
NULL,NULL,74,81,1560,-1.0,-1,-1,NULL,NULL,Variable,NULL
NULL,NULL,74,82,1561,-1.0,-1,-1,NULL,NULL,Variable,NULL
NULL,NULL,74,83,1562,-1.0,-1,-1,NULL,NULL,Variable,NULL
NULL,NULL,74,84,1563,-1.0,-1,-1,NULL,NULL,Variable,NULL
NULL,NULL,74,85,1564,-1.0,-1,-1,NULL,NULL,Variable,NULL
NULL,NULL,74,86,1565,-1.0,-1,-1,NULL,NULL,Variable,NULL
NULL,NULL,74,87,1567,-1.0,-1,-1,NULL,NULL,Variable,NULL
NULL,NULL,74,88,1568,-1.0,-1,-1,NULL,NULL,Variable,NULL
NULL,NULL,74,89,1570,-1.0,-1,-1,NULL,NULL,Variable,NULL
NULL,NULL,74,90,1573,-1.0,-1,-1,NULL,NULL,Variable,NULL
NULL,NULL,74,91,1605,-1.0,-1,-1,NULL,NULL,Variable,NULL
NULL,NULL,74,92,1606,-1.0,-1,-1,NULL,NULL,Variable,NULL
NULL,NULL,74,93,1607,-1.0,-1,-1,NULL,NULL,Variable,NULL
NULL,NULL,74,94,1608,-1.0,-1,-1,NULL,NULL,Variable,NULL
NULL,NULL,74,95,1609,-1.0,-1,-1,NULL,NULL,Variable,NULL
NULL,NULL,74,96,1610,-1.0,-1,-1,NULL,NULL,Variable,NULL
NULL,NULL,74,97,1611,-1.0,-1,-1,NULL,NULL,Variable,NULL
NULL,NULL,74,98,1612,-1.0,-1,-1,NULL,NULL,Variable,NULL
NULL,NULL,74,99,1613,-1.0,-1,-1,NULL,NULL,Variable,NULL
NULL,NULL,74,100,1614,-1.0,-1,-1,NULL,NULL,Variable,NULL
NULL,NULL,65,-1000,-1000,21.0,NULL,NULL,NULL,NULL,NULL,NULL
NULL,NULL,65,-999,-999,33.46875,NULL,NULL,NULL,NULL,NULL,NULL
NULL,NULL,65,-998,-998,10.5,NULL,NULL,NULL,NULL,NULL,NULL
NULL,NULL,65,-997,-997,10.5,NULL,NULL,NULL,NULL,NULL,NULL
NULL,NULL,65,0,0,5.0,-1,0,NULL,NULL,NULL,NULL
NULL,NULL,65,1,25,11.0,-1,-1,NULL,NULL,NULL,NULL
NULL,NULL,65,2,175,11.0,-1,-1,NULL,NULL,NULL,NULL
NULL,NULL,65,3,26,-1.0,-1,-1,NULL,NULL,NULL,NULL
NULL,NULL,65,4,-9999,4.0,16777215,0,NULL,NULL,NULL,NULL
NULL,NULL,65,5,36,16.125,-1,-1,NULL,NULL,NULL,NULL
NULL,NULL,65,6,37,13.875,-1,-1,NULL,NULL,NULL,NULL
NULL,NULL,65,7,-9999,4.0,16777215,0,NULL,NULL,NULL,NULL
NULL,NULL,65,8,146,11.0,-1,-1,NULL,NULL,NULL,NULL
NULL,NULL,65,9,39,11.0,-1,-1,NULL,NULL,NULL,NULL
NULL,NULL,65,10,207,11.0,-1,-1,NULL,NULL,NULL,NULL
NULL,NULL,65,11,208,11.0,-1,-1,NULL,NULL,NULL,NULL
NULL,NULL,65,12,209,11.0,-1,-1,NULL,NULL,NULL,NULL
NULL,NULL,65,13,-9999,4.0,16777215,0,NULL,NULL,NULL,NULL
NULL,NULL,65,14,153,11.0,-1,-1,NULL,NULL,NULL,NULL
NULL,NULL,65,15,66,11.0,-1,-1,NULL,NULL,NULL,NULL
NULL,NULL,65,16,255,-1.0,-1,-1,NULL,NULL,NULL,NULL
NULL,NULL,65,17,195,11.0,-1,-1,NULL,NULL,NULL,NULL
NULL,NULL,65,18,196,11.0,-1,-1,NULL,NULL,NULL,NULL
NULL,NULL,65,19,200,11.0,-1,-1,NULL,NULL,NULL,NULL
NULL,NULL,65,20,-9999,4.0,16777215,0,NULL,NULL,NULL,NULL
NULL,NULL,65,21,163,11.0,-1,-1,NULL,NULL,NULL,NULL
NULL,NULL,65,22,33,11.0,-1,-1,NULL,NULL,NULL,NULL
NULL,NULL,65,23,34,11.0,-1,-1,NULL,NULL,NULL,NULL
NULL,NULL,65,24,-9999,4.0,16777215,0,NULL,NULL,NULL,NULL
NULL,NULL,65,25,147,11.0,-1,-1,NULL,NULL,NULL,NULL
NULL,NULL,65,26,42,11.0,-1,-1,NULL,NULL,NULL,NULL
NULL,NULL,65,27,43,11.0,-1,-1,NULL,NULL,NULL,NULL
NULL,NULL,65,28,-9999,4.0,16777215,0,NULL,NULL,NULL,NULL
NULL,NULL,65,29,148,11.0,-1,-1,NULL,NULL,NULL,NULL
NULL,NULL,65,30,45,11.0,-1,-1,NULL,NULL,NULL,NULL
NULL,NULL,65,31,46,11.0,-1,-1,NULL,NULL,NULL,NULL
NULL,NULL,65,32,-9999,4.0,16777215,0,NULL,NULL,NULL,NULL
NULL,NULL,65,33,149,11.0,-1,-1,NULL,NULL,NULL,NULL
NULL,NULL,65,34,48,11.0,-1,-1,NULL,NULL,NULL,NULL
NULL,NULL,65,35,49,19.125,-1,-1,NULL,NULL,NULL,NULL
NULL,NULL,65,36,-9999,4.0,16777215,0,NULL,NULL,NULL,NULL
NULL,NULL,65,37,150,11.0,-1,-1,NULL,NULL,NULL,NULL
NULL,NULL,65,38,51,11.0,-1,-1,NULL,NULL,NULL,NULL
NULL,NULL,65,39,52,11.0,-1,-1,NULL,NULL,NULL,NULL
NULL,NULL,65,40,-9999,4.0,16777215,0,NULL,NULL,NULL,NULL
NULL,NULL,65,41,151,11.0,-1,-1,NULL,NULL,NULL,NULL
NULL,NULL,65,42,54,11.0,-1,-1,NULL,NULL,NULL,NULL
NULL,NULL,65,43,55,11.0,-1,-1,NULL,NULL,NULL,NULL
NULL,NULL,65,44,-9999,4.0,16777215,0,NULL,NULL,NULL,NULL
NULL,NULL,65,45,138,11.0,-1,-1,NULL,NULL,NULL,NULL
NULL,NULL,65,46,-9999,-1.0,-1,-1,NULL,NULL,NULL,NULL
NULL,NULL,65,47,154,15.625,-1,-1,NULL,NULL,NULL,NULL
NULL,NULL,65,48,90,16.5,-1,-1,NULL,NULL,NULL,NULL
NULL,NULL,65,49,110,16.5,-1,-1,NULL,NULL,NULL,NULL
NULL,NULL,65,50,-9999,4.0,16777215,0,NULL,NULL,NULL,NULL
NULL,NULL,65,51,152,11.0,-1,-1,NULL,NULL,NULL,NULL
NULL,NULL,65,52,57,11.0,-1,-1,NULL,NULL,NULL,NULL
NULL,NULL,65,53,58,11.0,-1,-1,NULL,NULL,NULL,NULL
NULL,NULL,65,54,-9999,4.0,16777215,0,NULL,NULL,NULL,NULL
NULL,NULL,65,55,164,11.0,-1,-1,NULL,NULL,NULL,NULL
NULL,NULL,65,56,60,11.0,-1,-1,NULL,NULL,NULL,NULL
NULL,NULL,65,57,61,11.0,-1,-1,NULL,NULL,NULL,NULL
NULL,NULL,65,58,-9999,4.0,16777215,0,NULL,NULL,NULL,NULL
NULL,NULL,65,59,165,11.0,-1,-1,NULL,NULL,NULL,NULL
NULL,NULL,65,60,63,11.0,-1,-1,NULL,NULL,NULL,NULL
NULL,NULL,65,61,64,11.0,-1,-1,NULL,NULL,NULL,NULL
NULL,NULL,65,62,-9999,4.0,16777215,0,NULL,NULL,NULL,NULL
NULL,NULL,65,63,-9999,4.0,16777215,0,NULL,NULL,NULL,NULL
NULL,NULL,65,64,166,11.0,-1,-1,NULL,NULL,NULL,NULL
NULL,NULL,65,65,69,11.0,-1,-1,NULL,NULL,NULL,NULL
NULL,NULL,65,66,210,11.0,-1,-1,NULL,NULL,NULL,NULL
NULL,NULL,65,67,211,11.0,-1,-1,NULL,NULL,NULL,NULL
NULL,NULL,65,68,212,11.0,-1,-1,NULL,NULL,NULL,NULL
NULL,NULL,65,69,-9999,4.0,16777215,0,NULL,NULL,NULL,NULL
NULL,NULL,65,70,176,11.0,-1,-1,NULL,NULL,NULL,NULL
NULL,NULL,65,71,-9999,4.0,16777215,0,NULL,NULL,NULL,NULL
NULL,NULL,65,72,168,11.0,-1,-1,NULL,NULL,NULL,NULL
NULL,NULL,65,73,106,11.0,-1,-1,NULL,NULL,NULL,NULL
NULL,NULL,65,74,107,11.0,-1,-1,NULL,NULL,NULL,NULL
NULL,NULL,65,75,-9999,4.0,16777215,0,NULL,NULL,NULL,NULL
NULL,NULL,65,76,-9999,-1.0,-1,-1,NULL,NULL,NULL,NULL
NULL,NULL,65,77,189,11.0,-1,-1,NULL,NULL,NULL,NULL
NULL,NULL,65,78,225,11.0,-1,-1,NULL,NULL,NULL,NULL
NULL,NULL,65,79,251,-1.0,-1,-1,NULL,NULL,NULL,NULL
NULL,NULL,65,80,-9999,4.0,16777215,0,NULL,NULL,NULL,NULL
NULL,NULL,65,81,219,11.0,-1,-1,NULL,NULL,NULL,NULL
NULL,NULL,74,101,1615,-1.0,-1,-1,NULL,NULL,Variable,NULL
NULL,NULL,23,-1000,-1000,10.5,NULL,NULL,NULL,NULL,NULL,NULL
NULL,NULL,23,-999,-999,32.8125,NULL,NULL,NULL,NULL,NULL,NULL
NULL,NULL,23,-998,-998,10.5,NULL,NULL,NULL,NULL,NULL,NULL
NULL,NULL,74,102,1616,-1.0,-1,-1,NULL,NULL,Variable,NULL
NULL,NULL,74,103,1617,-1.0,-1,-1,NULL,NULL,Variable,NULL
NULL,NULL,74,104,1618,-1.0,-1,-1,NULL,NULL,Variable,NULL
NULL,NULL,74,105,1619,-1.0,-1,-1,NULL,NULL,Variable,NULL
NULL,NULL,74,106,1620,-1.0,-1,-1,NULL,NULL,Variable,NULL
NULL,NULL,74,107,1621,-1.0,-1,-1,NULL,NULL,Variable,NULL
NULL,NULL,74,108,1622,-1.0,-1,-1,NULL,NULL,Variable,NULL
NULL,NULL,74,109,1623,-1.0,-1,-1,NULL,NULL,Variable,NULL
NULL,NULL,74,110,1625,-1.0,-1,-1,NULL,NULL,Variable,NULL
NULL,NULL,74,111,1626,-1.0,-1,-1,NULL,NULL,Variable,NULL
NULL,NULL,74,112,1627,-1.0,-1,-1,NULL,NULL,Variable,NULL
NULL,NULL,74,113,1628,-1.0,-1,-1,NULL,NULL,Variable,NULL
NULL,NULL,74,114,1629,-1.0,-1,-1,NULL,NULL,Variable,NULL
NULL,NULL,74,115,1630,-1.0,-1,-1,NULL,NULL,Variable,NULL
NULL,NULL,74,116,1631,-1.0,-1,-1,NULL,NULL,Variable,NULL
NULL,NULL,74,117,1632,-1.0,-1,-1,NULL,NULL,Variable,NULL
NULL,NULL,74,118,1633,-1.0,-1,-1,NULL,NULL,Variable,NULL
NULL,NULL,74,119,1634,-1.0,-1,-1,NULL,NULL,Variable,NULL
NULL,NULL,74,120,1636,-1.0,-1,-1,NULL,NULL,Variable,NULL
NULL,NULL,74,121,1637,-1.0,-1,-1,NULL,NULL,Variable,NULL
NULL,NULL,74,122,1639,-1.0,-1,-1,NULL,NULL,Variable,NULL
NULL,NULL,74,123,1642,-1.0,-1,-1,NULL,NULL,Variable,NULL
NULL,NULL,74,124,1656,-1.0,-1,-1,NULL,NULL,Variable,NULL
NULL,NULL,74,125,1657,-1.0,-1,-1,NULL,NULL,Variable,NULL
NULL,NULL,74,126,1658,-1.0,-1,-1,NULL,NULL,Variable,NULL
NULL,NULL,74,127,1659,-1.0,-1,-1,NULL,NULL,Variable,NULL
NULL,NULL,74,128,1660,-1.0,-1,-1,NULL,NULL,Variable,NULL
NULL,NULL,74,129,1661,-1.0,-1,-1,NULL,NULL,Variable,NULL
NULL,NULL,74,130,1662,-1.0,-1,-1,NULL,NULL,Variable,NULL
NULL,NULL,74,131,1663,-1.0,-1,-1,NULL,NULL,Variable,NULL
NULL,NULL,74,132,1664,-1.0,-1,-1,NULL,NULL,Variable,NULL
NULL,NULL,74,133,1665,-1.0,-1,-1,NULL,NULL,Variable,NULL
NULL,NULL,74,134,1666,-1.0,-1,-1,NULL,NULL,Variable,NULL
NULL,NULL,74,135,1667,-1.0,-1,-1,NULL,NULL,Variable,NULL
NULL,NULL,74,136,1668,-1.0,-1,-1,NULL,NULL,Variable,NULL
NULL,NULL,74,137,1669,-1.0,-1,-1,NULL,NULL,Variable,NULL
NULL,NULL,74,138,1670,-1.0,-1,-1,NULL,NULL,Variable,NULL
NULL,NULL,74,139,1671,-1.0,-1,-1,NULL,NULL,Variable,NULL
NULL,NULL,74,140,1672,-1.0,-1,-1,NULL,NULL,Variable,NULL
NULL,NULL,74,141,1673,-1.0,-1,-1,NULL,NULL,Variable,NULL
NULL,NULL,74,142,1674,-1.0,-1,-1,NULL,NULL,Variable,NULL
NULL,NULL,74,143,1676,-1.0,-1,-1,NULL,NULL,Variable,NULL
NULL,NULL,74,144,1677,-1.0,-1,-1,NULL,NULL,Variable,NULL
NULL,NULL,74,145,1678,-1.0,-1,-1,NULL,NULL,Variable,NULL
NULL,NULL,74,146,1679,-1.0,-1,-1,NULL,NULL,Variable,NULL
NULL,NULL,74,147,1680,-1.0,-1,-1,NULL,NULL,Variable,NULL
NULL,NULL,74,148,1681,-1.0,-1,-1,NULL,NULL,Variable,NULL
NULL,NULL,74,149,1682,-1.0,-1,-1,NULL,NULL,Variable,NULL
NULL,NULL,74,150,1683,-1.0,-1,-1,NULL,NULL,Variable,NULL
NULL,NULL,74,151,1684,-1.0,-1,-1,NULL,NULL,Variable,NULL
NULL,NULL,74,152,1685,-1.0,-1,-1,NULL,NULL,Variable,NULL
NULL,NULL,74,153,1687,-1.0,-1,-1,NULL,NULL,Variable,NULL
NULL,NULL,74,154,1688,-1.0,-1,-1,NULL,NULL,Variable,NULL
NULL,NULL,74,155,1690,-1.0,-1,-1,NULL,NULL,Variable,NULL
NULL,NULL,74,156,1693,-1.0,-1,-1,NULL,NULL,Variable,NULL
NULL,NULL,74,157,1716,-1.0,-1,-1,NULL,NULL,Variable,NULL
NULL,NULL,74,158,1717,-1.0,-1,-1,NULL,NULL,Variable,NULL
NULL,NULL,74,159,1718,-1.0,-1,-1,NULL,NULL,Variable,NULL
NULL,NULL,74,160,1719,-1.0,-1,-1,NULL,NULL,Variable,NULL
NULL,NULL,74,161,1720,-1.0,-1,-1,NULL,NULL,Variable,NULL
NULL,NULL,74,162,1721,-1.0,-1,-1,NULL,NULL,Variable,NULL
NULL,NULL,74,163,1722,-1.0,-1,-1,NULL,NULL,Variable,NULL
NULL,NULL,74,164,1723,-1.0,-1,-1,NULL,NULL,Variable,NULL
NULL,NULL,74,165,1724,-1.0,-1,-1,NULL,NULL,Variable,NULL
NULL,NULL,74,166,1725,-1.0,-1,-1,NULL,NULL,Variable,NULL
NULL,NULL,74,167,1726,-1.0,-1,-1,NULL,NULL,Variable,NULL
NULL,NULL,74,168,1727,-1.0,-1,-1,NULL,NULL,Variable,NULL
NULL,NULL,74,169,1728,-1.0,-1,-1,NULL,NULL,Variable,NULL
NULL,NULL,74,170,1729,-1.0,-1,-1,NULL,NULL,Variable,NULL
NULL,NULL,74,171,1730,-1.0,-1,-1,NULL,NULL,Variable,NULL
NULL,NULL,74,172,1731,-1.0,-1,-1,NULL,NULL,Variable,NULL
NULL,NULL,74,173,1732,-1.0,-1,-1,NULL,NULL,Variable,NULL
NULL,NULL,74,174,1733,-1.0,-1,-1,NULL,NULL,Variable,NULL
NULL,NULL,74,175,1734,-1.0,-1,-1,NULL,NULL,Variable,NULL
NULL,NULL,74,176,1735,-1.0,-1,-1,NULL,NULL,Variable,NULL
NULL,NULL,74,177,1736,-1.0,-1,-1,NULL,NULL,Variable,NULL
NULL,NULL,74,178,1737,-1.0,-1,-1,NULL,NULL,Variable,NULL
NULL,NULL,74,179,1738,-1.0,-1,-1,NULL,NULL,Variable,NULL
NULL,NULL,74,180,1739,-1.0,-1,-1,NULL,NULL,Variable,NULL
NULL,NULL,74,181,1740,-1.0,-1,-1,NULL,NULL,Variable,NULL
NULL,NULL,74,182,1741,-1.0,-1,-1,NULL,NULL,Variable,NULL
NULL,NULL,74,183,1742,-1.0,-1,-1,NULL,NULL,Variable,NULL
NULL,NULL,75,-1000,-1000,21.0,NULL,NULL,NULL,NULL,NULL,NULL
NULL,NULL,75,-999,-999,21.0,NULL,NULL,NULL,NULL,NULL,NULL
NULL,NULL,75,-998,-998,10.5,NULL,NULL,NULL,NULL,NULL,NULL
NULL,NULL,75,-997,-997,10.5,NULL,NULL,NULL,NULL,NULL,NULL
NULL,NULL,75,0,0,-1.0,-1,-1,NULL,NULL,NULL,NULL
NULL,NULL,75,1,1743,-1.0,-1,-1,NULL,NULL,Variable,NULL
NULL,NULL,75,2,1744,-1.0,-1,-1,NULL,NULL,Variable,NULL
NULL,NULL,75,3,1745,-1.0,-1,-1,NULL,NULL,Variable,NULL
NULL,NULL,75,4,1746,-1.0,-1,-1,NULL,NULL,Variable,NULL
NULL,NULL,75,5,1747,-1.0,-1,-1,NULL,NULL,Variable,NULL
NULL,NULL,75,6,1748,-1.0,-1,-1,NULL,NULL,Variable,NULL
NULL,NULL,75,7,1749,-1.0,-1,-1,NULL,NULL,Variable,NULL
NULL,NULL,75,8,1750,-1.0,-1,-1,NULL,NULL,Variable,NULL
NULL,NULL,75,9,1751,-1.0,-1,-1,NULL,NULL,Variable,NULL
NULL,NULL,75,10,1753,-1.0,-1,-1,NULL,NULL,Variable,NULL
NULL,NULL,75,11,1754,-1.0,-1,-1,NULL,NULL,Variable,NULL
NULL,NULL,75,12,1755,-1.0,-1,-1,NULL,NULL,Variable,NULL
NULL,NULL,75,13,1756,-1.0,-1,-1,NULL,NULL,Variable,NULL
NULL,NULL,75,14,1757,-1.0,-1,-1,NULL,NULL,Variable,NULL
NULL,NULL,75,15,1758,-1.0,-1,-1,NULL,NULL,Variable,NULL
NULL,NULL,75,16,1759,-1.0,-1,-1,NULL,NULL,Variable,NULL
NULL,NULL,75,17,1760,-1.0,-1,-1,NULL,NULL,Variable,NULL
NULL,NULL,75,18,1761,-1.0,-1,-1,NULL,NULL,Variable,NULL
NULL,NULL,75,19,1762,-1.0,-1,-1,NULL,NULL,Variable,NULL
NULL,NULL,75,20,1764,-1.0,-1,-1,NULL,NULL,Variable,NULL
NULL,NULL,75,21,1765,-1.0,-1,-1,NULL,NULL,Variable,NULL
NULL,NULL,75,22,1767,-1.0,-1,-1,NULL,NULL,Variable,NULL
NULL,NULL,75,23,1770,-1.0,-1,-1,NULL,NULL,Variable,NULL
NULL,NULL,75,24,1802,-1.0,-1,-1,NULL,NULL,Variable,NULL
NULL,NULL,75,25,1803,-1.0,-1,-1,NULL,NULL,Variable,NULL
NULL,NULL,75,26,1804,-1.0,-1,-1,NULL,NULL,Variable,NULL
NULL,NULL,75,27,1805,-1.0,-1,-1,NULL,NULL,Variable,NULL
NULL,NULL,75,28,1806,-1.0,-1,-1,NULL,NULL,Variable,NULL
NULL,NULL,75,29,1807,-1.0,-1,-1,NULL,NULL,Variable,NULL
NULL,NULL,75,30,1808,-1.0,-1,-1,NULL,NULL,Variable,NULL
NULL,NULL,75,31,1809,-1.0,-1,-1,NULL,NULL,Variable,NULL
NULL,NULL,75,32,1810,-1.0,-1,-1,NULL,NULL,Variable,NULL
NULL,NULL,75,33,1811,-1.0,-1,-1,NULL,NULL,Variable,NULL
NULL,NULL,75,34,1812,-1.0,-1,-1,NULL,NULL,Variable,NULL
NULL,NULL,75,35,1813,-1.0,-1,-1,NULL,NULL,Variable,NULL
NULL,NULL,75,36,1814,-1.0,-1,-1,NULL,NULL,Variable,NULL
NULL,NULL,75,37,1815,-1.0,-1,-1,NULL,NULL,Variable,NULL
NULL,NULL,75,38,1816,-1.0,-1,-1,NULL,NULL,Variable,NULL
NULL,NULL,75,39,1817,-1.0,-1,-1,NULL,NULL,Variable,NULL
NULL,NULL,75,40,1818,-1.0,-1,-1,NULL,NULL,Variable,NULL
NULL,NULL,75,41,1819,-1.0,-1,-1,NULL,NULL,Variable,NULL
NULL,NULL,75,42,1820,-1.0,-1,-1,NULL,NULL,Variable,NULL
NULL,NULL,75,43,1822,-1.0,-1,-1,NULL,NULL,Variable,NULL
NULL,NULL,75,44,1823,-1.0,-1,-1,NULL,NULL,Variable,NULL
NULL,NULL,75,45,1824,-1.0,-1,-1,NULL,NULL,Variable,NULL
NULL,NULL,75,46,1826,-1.0,-1,-1,NULL,NULL,Variable,NULL
NULL,NULL,75,47,1827,-1.0,-1,-1,NULL,NULL,Variable,NULL
NULL,NULL,75,48,1828,-1.0,-1,-1,NULL,NULL,Variable,NULL
NULL,NULL,75,49,1829,-1.0,-1,-1,NULL,NULL,Variable,NULL
NULL,NULL,75,50,1831,-1.0,-1,-1,NULL,NULL,Variable,NULL
NULL,NULL,75,51,1834,-1.0,-1,-1,NULL,NULL,Variable,NULL
NULL,NULL,75,52,1857,-1.0,-1,-1,NULL,NULL,Variable,NULL
NULL,NULL,75,53,1858,-1.0,-1,-1,NULL,NULL,Variable,NULL
NULL,NULL,75,54,1859,-1.0,-1,-1,NULL,NULL,Variable,NULL
NULL,NULL,75,55,1860,-1.0,-1,-1,NULL,NULL,Variable,NULL
NULL,NULL,75,56,1861,-1.0,-1,-1,NULL,NULL,Variable,NULL
NULL,NULL,75,57,1862,-1.0,-1,-1,NULL,NULL,Variable,NULL
NULL,NULL,75,58,1863,-1.0,-1,-1,NULL,NULL,Variable,NULL
NULL,NULL,75,59,1864,-1.0,-1,-1,NULL,NULL,Variable,NULL
NULL,NULL,75,60,1865,-1.0,-1,-1,NULL,NULL,Variable,NULL
NULL,NULL,75,61,1866,-1.0,-1,-1,NULL,NULL,Variable,NULL
NULL,NULL,75,62,1867,-1.0,-1,-1,NULL,NULL,Variable,NULL
NULL,NULL,75,63,1868,-1.0,-1,-1,NULL,NULL,Variable,NULL
NULL,NULL,75,64,1869,-1.0,-1,-1,NULL,NULL,Variable,NULL
NULL,NULL,75,65,1870,-1.0,-1,-1,NULL,NULL,Variable,NULL
NULL,NULL,75,66,1871,-1.0,-1,-1,NULL,NULL,Variable,NULL
NULL,NULL,75,67,1872,-1.0,-1,-1,NULL,NULL,Variable,NULL
NULL,NULL,75,68,1873,-1.0,-1,-1,NULL,NULL,Variable,NULL
NULL,NULL,75,69,1874,-1.0,-1,-1,NULL,NULL,Variable,NULL
NULL,NULL,75,70,1875,-1.0,-1,-1,NULL,NULL,Variable,NULL
NULL,NULL,75,71,1877,-1.0,-1,-1,NULL,NULL,Variable,NULL
NULL,NULL,75,72,1878,-1.0,-1,-1,NULL,NULL,Variable,NULL
NULL,NULL,75,73,1879,-1.0,-1,-1,NULL,NULL,Variable,NULL
NULL,NULL,75,74,1881,-1.0,-1,-1,NULL,NULL,Variable,NULL
NULL,NULL,75,75,1882,-1.0,-1,-1,NULL,NULL,Variable,NULL
NULL,NULL,75,76,1883,-1.0,-1,-1,NULL,NULL,Variable,NULL
NULL,NULL,75,77,1884,-1.0,-1,-1,NULL,NULL,Variable,NULL
NULL,NULL,75,78,1886,-1.0,-1,-1,NULL,NULL,Variable,NULL
NULL,NULL,75,79,1889,-1.0,-1,-1,NULL,NULL,Variable,NULL
NULL,NULL,75,80,1912,-1.0,-1,-1,NULL,NULL,Variable,NULL
NULL,NULL,75,81,1913,-1.0,-1,-1,NULL,NULL,Variable,NULL
NULL,NULL,75,82,1914,-1.0,-1,-1,NULL,NULL,Variable,NULL
NULL,NULL,75,83,1915,-1.0,-1,-1,NULL,NULL,Variable,NULL
NULL,NULL,75,84,1916,-1.0,-1,-1,NULL,NULL,Variable,NULL
NULL,NULL,75,85,1917,-1.0,-1,-1,NULL,NULL,Variable,NULL
NULL,NULL,75,86,1918,-1.0,-1,-1,NULL,NULL,Variable,NULL
NULL,NULL,75,87,1919,-1.0,-1,-1,NULL,NULL,Variable,NULL
NULL,NULL,75,88,1920,-1.0,-1,-1,NULL,NULL,Variable,NULL
NULL,NULL,75,89,1921,-1.0,-1,-1,NULL,NULL,Variable,NULL
NULL,NULL,75,90,1922,-1.0,-1,-1,NULL,NULL,Variable,NULL
NULL,NULL,75,91,1923,-1.0,-1,-1,NULL,NULL,Variable,NULL
NULL,NULL,75,92,1924,-1.0,-1,-1,NULL,NULL,Variable,NULL
NULL,NULL,75,93,1925,-1.0,-1,-1,NULL,NULL,Variable,NULL
NULL,NULL,75,94,1926,-1.0,-1,-1,NULL,NULL,Variable,NULL
NULL,NULL,75,95,1927,-1.0,-1,-1,NULL,NULL,Variable,NULL
NULL,NULL,75,96,1928,-1.0,-1,-1,NULL,NULL,Variable,NULL
NULL,NULL,75,97,1929,-1.0,-1,-1,NULL,NULL,Variable,NULL
NULL,NULL,75,98,1930,-1.0,-1,-1,NULL,NULL,Variable,NULL
NULL,NULL,75,99,1932,-1.0,-1,-1,NULL,NULL,Variable,NULL
NULL,NULL,75,100,1933,-1.0,-1,-1,NULL,NULL,Variable,NULL
NULL,NULL,75,101,1934,-1.0,-1,-1,NULL,NULL,Variable,NULL
NULL,NULL,75,102,1936,-1.0,-1,-1,NULL,NULL,Variable,NULL
NULL,NULL,75,103,1937,-1.0,-1,-1,NULL,NULL,Variable,NULL
NULL,NULL,75,104,1938,-1.0,-1,-1,NULL,NULL,Variable,NULL
NULL,NULL,75,105,1939,-1.0,-1,-1,NULL,NULL,Variable,NULL
NULL,NULL,75,106,1941,-1.0,-1,-1,NULL,NULL,Variable,NULL
NULL,NULL,75,107,1944,-1.0,-1,-1,NULL,NULL,Variable,NULL
NULL,NULL,75,108,1966,-1.0,-1,-1,NULL,NULL,Variable,NULL
NULL,NULL,75,109,1967,-1.0,-1,-1,NULL,NULL,Variable,NULL
NULL,NULL,75,110,1968,-1.0,-1,-1,NULL,NULL,Variable,NULL
NULL,NULL,75,111,1969,-1.0,-1,-1,NULL,NULL,Variable,NULL
NULL,NULL,75,112,1970,-1.0,-1,-1,NULL,NULL,Variable,NULL
NULL,NULL,75,113,1971,-1.0,-1,-1,NULL,NULL,Variable,NULL
NULL,NULL,75,114,1972,-1.0,-1,-1,NULL,NULL,Variable,NULL
NULL,NULL,75,115,1973,-1.0,-1,-1,NULL,NULL,Variable,NULL
NULL,NULL,75,116,1974,-1.0,-1,-1,NULL,NULL,Variable,NULL
NULL,NULL,75,117,1975,-1.0,-1,-1,NULL,NULL,Variable,NULL
NULL,NULL,75,118,1976,-1.0,-1,-1,NULL,NULL,Variable,NULL
NULL,NULL,75,119,1977,-1.0,-1,-1,NULL,NULL,Variable,NULL
NULL,NULL,75,120,1978,-1.0,-1,-1,NULL,NULL,Variable,NULL
NULL,NULL,75,121,1979,-1.0,-1,-1,NULL,NULL,Variable,NULL
NULL,NULL,75,122,1980,-1.0,-1,-1,NULL,NULL,Variable,NULL
NULL,NULL,75,123,1981,-1.0,-1,-1,NULL,NULL,Variable,NULL
NULL,NULL,75,124,1982,-1.0,-1,-1,NULL,NULL,Variable,NULL
NULL,NULL,75,125,1983,-1.0,-1,-1,NULL,NULL,Variable,NULL
NULL,NULL,75,126,1984,-1.0,-1,-1,NULL,NULL,Variable,NULL
NULL,NULL,75,127,1986,-1.0,-1,-1,NULL,NULL,Variable,NULL
NULL,NULL,75,128,1987,-1.0,-1,-1,NULL,NULL,Variable,NULL
NULL,NULL,75,129,1988,-1.0,-1,-1,NULL,NULL,Variable,NULL
NULL,NULL,75,130,1990,-1.0,-1,-1,NULL,NULL,Variable,NULL
NULL,NULL,75,131,1991,-1.0,-1,-1,NULL,NULL,Variable,NULL
NULL,NULL,75,132,1992,-1.0,-1,-1,NULL,NULL,Variable,NULL
NULL,NULL,75,133,1993,-1.0,-1,-1,NULL,NULL,Variable,NULL
NULL,NULL,75,134,1995,-1.0,-1,-1,NULL,NULL,Variable,NULL
NULL,NULL,75,135,1998,-1.0,-1,-1,NULL,NULL,Variable,NULL
NULL,NULL,75,136,2020,-1.0,-1,-1,NULL,NULL,Variable,NULL
NULL,NULL,75,137,2021,-1.0,-1,-1,NULL,NULL,Variable,NULL
NULL,NULL,75,138,2022,-1.0,-1,-1,NULL,NULL,Variable,NULL
NULL,NULL,75,139,2023,-1.0,-1,-1,NULL,NULL,Variable,NULL
NULL,NULL,75,140,2024,-1.0,-1,-1,NULL,NULL,Variable,NULL
NULL,NULL,75,141,2025,-1.0,-1,-1,NULL,NULL,Variable,NULL
NULL,NULL,75,142,2026,-1.0,-1,-1,NULL,NULL,Variable,NULL
NULL,NULL,75,143,2027,-1.0,-1,-1,NULL,NULL,Variable,NULL
NULL,NULL,75,144,2028,-1.0,-1,-1,NULL,NULL,Variable,NULL
NULL,NULL,75,145,2029,-1.0,-1,-1,NULL,NULL,Variable,NULL
NULL,NULL,75,146,2030,-1.0,-1,-1,NULL,NULL,Variable,NULL
NULL,NULL,75,147,2031,-1.0,-1,-1,NULL,NULL,Variable,NULL
NULL,NULL,75,148,2032,-1.0,-1,-1,NULL,NULL,Variable,NULL
NULL,NULL,75,149,2033,-1.0,-1,-1,NULL,NULL,Variable,NULL
NULL,NULL,75,150,2034,-1.0,-1,-1,NULL,NULL,Variable,NULL
NULL,NULL,75,151,2035,-1.0,-1,-1,NULL,NULL,Variable,NULL
NULL,NULL,75,152,2036,-1.0,-1,-1,NULL,NULL,Variable,NULL
NULL,NULL,75,153,2037,-1.0,-1,-1,NULL,NULL,Variable,NULL
NULL,NULL,75,154,2038,-1.0,-1,-1,NULL,NULL,Variable,NULL
NULL,NULL,75,155,2040,-1.0,-1,-1,NULL,NULL,Variable,NULL
NULL,NULL,75,156,2041,-1.0,-1,-1,NULL,NULL,Variable,NULL
NULL,NULL,75,157,2042,-1.0,-1,-1,NULL,NULL,Variable,NULL
NULL,NULL,76,-1000,-1000,21.0,NULL,NULL,NULL,NULL,NULL,NULL
NULL,NULL,76,-999,-999,21.0,NULL,NULL,NULL,NULL,NULL,NULL
NULL,NULL,76,-998,-998,10.5,NULL,NULL,NULL,NULL,NULL,NULL
NULL,NULL,76,-997,-997,10.5,NULL,NULL,NULL,NULL,NULL,NULL
NULL,NULL,76,0,0,-1.0,-1,-1,NULL,NULL,NULL,NULL
NULL,NULL,76,1,2044,-1.0,-1,-1,NULL,NULL,Variable,NULL
NULL,NULL,76,2,2045,-1.0,-1,-1,NULL,NULL,Variable,NULL
NULL,NULL,76,3,2046,-1.0,-1,-1,NULL,NULL,Variable,NULL
NULL,NULL,76,4,2047,-1.0,-1,-1,NULL,NULL,Variable,NULL
NULL,NULL,76,5,2049,-1.0,-1,-1,NULL,NULL,Variable,NULL
NULL,NULL,76,6,2052,-1.0,-1,-1,NULL,NULL,Variable,NULL
NULL,NULL,76,7,2074,-1.0,-1,-1,NULL,NULL,Variable,NULL
NULL,NULL,76,8,2075,-1.0,-1,-1,NULL,NULL,Variable,NULL
NULL,NULL,76,9,2076,-1.0,-1,-1,NULL,NULL,Variable,NULL
NULL,NULL,76,10,2077,-1.0,-1,-1,NULL,NULL,Variable,NULL
NULL,NULL,76,11,2078,-1.0,-1,-1,NULL,NULL,Variable,NULL
NULL,NULL,76,12,2079,-1.0,-1,-1,NULL,NULL,Variable,NULL
NULL,NULL,76,13,2080,-1.0,-1,-1,NULL,NULL,Variable,NULL
NULL,NULL,76,14,2081,-1.0,-1,-1,NULL,NULL,Variable,NULL
NULL,NULL,76,15,2082,-1.0,-1,-1,NULL,NULL,Variable,NULL
NULL,NULL,76,16,2083,-1.0,-1,-1,NULL,NULL,Variable,NULL
NULL,NULL,76,17,2084,-1.0,-1,-1,NULL,NULL,Variable,NULL
NULL,NULL,76,18,2085,-1.0,-1,-1,NULL,NULL,Variable,NULL
NULL,NULL,76,19,2086,-1.0,-1,-1,NULL,NULL,Variable,NULL
NULL,NULL,76,20,2087,-1.0,-1,-1,NULL,NULL,Variable,NULL
NULL,NULL,76,21,2088,-1.0,-1,-1,NULL,NULL,Variable,NULL
NULL,NULL,76,22,2089,-1.0,-1,-1,NULL,NULL,Variable,NULL
NULL,NULL,76,23,2090,-1.0,-1,-1,NULL,NULL,Variable,NULL
NULL,NULL,76,24,2091,-1.0,-1,-1,NULL,NULL,Variable,NULL
NULL,NULL,76,25,2092,-1.0,-1,-1,NULL,NULL,Variable,NULL
NULL,NULL,76,26,2094,-1.0,-1,-1,NULL,NULL,Variable,NULL
NULL,NULL,76,27,2095,-1.0,-1,-1,NULL,NULL,Variable,NULL
NULL,NULL,76,28,2096,-1.0,-1,-1,NULL,NULL,Variable,NULL
NULL,NULL,76,29,2098,-1.0,-1,-1,NULL,NULL,Variable,NULL
NULL,NULL,76,30,2099,-1.0,-1,-1,NULL,NULL,Variable,NULL
NULL,NULL,76,31,2100,-1.0,-1,-1,NULL,NULL,Variable,NULL
NULL,NULL,76,32,2101,-1.0,-1,-1,NULL,NULL,Variable,NULL
NULL,NULL,76,33,2103,-1.0,-1,-1,NULL,NULL,Variable,NULL
NULL,NULL,76,34,2106,-1.0,-1,-1,NULL,NULL,Variable,NULL
NULL,NULL,76,35,2128,-1.0,-1,-1,NULL,NULL,Variable,NULL
NULL,NULL,76,36,2129,-1.0,-1,-1,NULL,NULL,Variable,NULL
NULL,NULL,76,37,2130,-1.0,-1,-1,NULL,NULL,Variable,NULL
NULL,NULL,76,38,2131,-1.0,-1,-1,NULL,NULL,Variable,NULL
NULL,NULL,76,39,2132,-1.0,-1,-1,NULL,NULL,Variable,NULL
NULL,NULL,76,40,2133,-1.0,-1,-1,NULL,NULL,Variable,NULL
NULL,NULL,76,41,2134,-1.0,-1,-1,NULL,NULL,Variable,NULL
NULL,NULL,76,42,2135,-1.0,-1,-1,NULL,NULL,Variable,NULL
NULL,NULL,76,43,2136,-1.0,-1,-1,NULL,NULL,Variable,NULL
NULL,NULL,76,44,2137,-1.0,-1,-1,NULL,NULL,Variable,NULL
NULL,NULL,76,45,2138,-1.0,-1,-1,NULL,NULL,Variable,NULL
NULL,NULL,76,46,2139,-1.0,-1,-1,NULL,NULL,Variable,NULL
NULL,NULL,76,47,2140,-1.0,-1,-1,NULL,NULL,Variable,NULL
NULL,NULL,76,48,2141,-1.0,-1,-1,NULL,NULL,Variable,NULL
NULL,NULL,76,49,2142,-1.0,-1,-1,NULL,NULL,Variable,NULL
NULL,NULL,76,50,2143,-1.0,-1,-1,NULL,NULL,Variable,NULL
NULL,NULL,76,51,2144,-1.0,-1,-1,NULL,NULL,Variable,NULL
NULL,NULL,76,52,2145,-1.0,-1,-1,NULL,NULL,Variable,NULL
NULL,NULL,76,53,2146,-1.0,-1,-1,NULL,NULL,Variable,NULL
NULL,NULL,76,54,2147,-1.0,-1,-1,NULL,NULL,Variable,NULL
NULL,NULL,76,55,2148,-1.0,-1,-1,NULL,NULL,Variable,NULL
NULL,NULL,76,56,2149,-1.0,-1,-1,NULL,NULL,Variable,NULL
NULL,NULL,76,57,2150,-1.0,-1,-1,NULL,NULL,Variable,NULL
NULL,NULL,76,58,2151,-1.0,-1,-1,NULL,NULL,Variable,NULL
NULL,NULL,76,59,2152,-1.0,-1,-1,NULL,NULL,Variable,NULL
NULL,NULL,76,60,2153,-1.0,-1,-1,NULL,NULL,Variable,NULL
NULL,NULL,76,61,2154,-1.0,-1,-1,NULL,NULL,Variable,NULL
NULL,NULL,76,62,2155,-1.0,-1,-1,NULL,NULL,Variable,NULL
NULL,NULL,76,63,2156,-1.0,-1,-1,NULL,NULL,Variable,NULL
NULL,NULL,76,64,2157,-1.0,-1,-1,NULL,NULL,Variable,NULL
NULL,NULL,76,65,2158,-1.0,-1,-1,NULL,NULL,Variable,NULL
NULL,NULL,76,66,2159,-1.0,-1,-1,NULL,NULL,Variable,NULL
NULL,NULL,76,67,2160,-1.0,-1,-1,NULL,NULL,Variable,NULL
NULL,NULL,76,68,2161,-1.0,-1,-1,NULL,NULL,Variable,NULL
NULL,NULL,76,69,2162,-1.0,-1,-1,NULL,NULL,Variable,NULL
NULL,NULL,76,70,2163,-1.0,-1,-1,NULL,NULL,Variable,NULL
NULL,NULL,76,71,2165,-1.0,-1,-1,NULL,NULL,Variable,NULL
NULL,NULL,76,72,2166,-1.0,-1,-1,NULL,NULL,Variable,NULL
NULL,NULL,76,73,2167,-1.0,-1,-1,NULL,NULL,Variable,NULL
NULL,NULL,76,74,2168,-1.0,-1,-1,NULL,NULL,Variable,NULL
NULL,NULL,76,75,2169,-1.0,-1,-1,NULL,NULL,Variable,NULL
NULL,NULL,76,76,2170,-1.0,-1,-1,NULL,NULL,Variable,NULL
NULL,NULL,76,77,2171,-1.0,-1,-1,NULL,NULL,Variable,NULL
NULL,NULL,76,78,2172,-1.0,-1,-1,NULL,NULL,Variable,NULL
NULL,NULL,76,79,2173,-1.0,-1,-1,NULL,NULL,Variable,NULL
NULL,NULL,76,80,2174,-1.0,-1,-1,NULL,NULL,Variable,NULL
NULL,NULL,76,81,2176,-1.0,-1,-1,NULL,NULL,Variable,NULL
NULL,NULL,76,82,2177,-1.0,-1,-1,NULL,NULL,Variable,NULL
NULL,NULL,76,83,2179,-1.0,-1,-1,NULL,NULL,Variable,NULL
NULL,NULL,76,84,2182,-1.0,-1,-1,NULL,NULL,Variable,NULL
NULL,NULL,76,85,2214,-1.0,-1,-1,NULL,NULL,Variable,NULL
NULL,NULL,76,86,2215,-1.0,-1,-1,NULL,NULL,Variable,NULL
NULL,NULL,76,87,2216,-1.0,-1,-1,NULL,NULL,Variable,NULL
NULL,NULL,76,88,2217,-1.0,-1,-1,NULL,NULL,Variable,NULL
NULL,NULL,76,89,2218,-1.0,-1,-1,NULL,NULL,Variable,NULL
NULL,NULL,76,90,2219,-1.0,-1,-1,NULL,NULL,Variable,NULL
NULL,NULL,76,91,2220,-1.0,-1,-1,NULL,NULL,Variable,NULL
NULL,NULL,76,92,2221,-1.0,-1,-1,NULL,NULL,Variable,NULL
NULL,NULL,76,93,2222,-1.0,-1,-1,NULL,NULL,Variable,NULL
NULL,NULL,76,94,2223,-1.0,-1,-1,NULL,NULL,Variable,NULL
NULL,NULL,76,95,2224,-1.0,-1,-1,NULL,NULL,Variable,NULL
NULL,NULL,76,96,2225,-1.0,-1,-1,NULL,NULL,Variable,NULL
NULL,NULL,76,97,2226,-1.0,-1,-1,NULL,NULL,Variable,NULL
NULL,NULL,76,98,2227,-1.0,-1,-1,NULL,NULL,Variable,NULL
NULL,NULL,76,99,2228,-1.0,-1,-1,NULL,NULL,Variable,NULL
NULL,NULL,76,100,2229,-1.0,-1,-1,NULL,NULL,Variable,NULL
NULL,NULL,76,101,2230,-1.0,-1,-1,NULL,NULL,Variable,NULL
NULL,NULL,76,102,2231,-1.0,-1,-1,NULL,NULL,Variable,NULL
NULL,NULL,76,103,2232,-1.0,-1,-1,NULL,NULL,Variable,NULL
NULL,NULL,76,104,2234,-1.0,-1,-1,NULL,NULL,Variable,NULL
NULL,NULL,76,105,2235,-1.0,-1,-1,NULL,NULL,Variable,NULL
NULL,NULL,76,106,2236,-1.0,-1,-1,NULL,NULL,Variable,NULL
NULL,NULL,76,107,2237,-1.0,-1,-1,NULL,NULL,Variable,NULL
NULL,NULL,76,108,2238,-1.0,-1,-1,NULL,NULL,Variable,NULL
NULL,NULL,76,109,2239,-1.0,-1,-1,NULL,NULL,Variable,NULL
NULL,NULL,76,110,2240,-1.0,-1,-1,NULL,NULL,Variable,NULL
NULL,NULL,76,111,2241,-1.0,-1,-1,NULL,NULL,Variable,NULL
NULL,NULL,76,112,2242,-1.0,-1,-1,NULL,NULL,Variable,NULL
NULL,NULL,76,113,2243,-1.0,-1,-1,NULL,NULL,Variable,NULL
NULL,NULL,76,114,2245,-1.0,-1,-1,NULL,NULL,Variable,NULL
NULL,NULL,76,115,2246,-1.0,-1,-1,NULL,NULL,Variable,NULL
NULL,NULL,76,116,2248,-1.0,-1,-1,NULL,NULL,Variable,NULL
NULL,NULL,76,117,2251,-1.0,-1,-1,NULL,NULL,Variable,NULL
NULL,NULL,76,118,2265,-1.0,-1,-1,NULL,NULL,Variable,NULL
NULL,NULL,76,119,2266,-1.0,-1,-1,NULL,NULL,Variable,NULL
NULL,NULL,76,120,2267,-1.0,-1,-1,NULL,NULL,Variable,NULL
NULL,NULL,76,121,2268,-1.0,-1,-1,NULL,NULL,Variable,NULL
NULL,NULL,76,122,2269,-1.0,-1,-1,NULL,NULL,Variable,NULL
NULL,NULL,76,123,2270,-1.0,-1,-1,NULL,NULL,Variable,NULL
NULL,NULL,76,124,2271,-1.0,-1,-1,NULL,NULL,Variable,NULL
NULL,NULL,76,125,2272,-1.0,-1,-1,NULL,NULL,Variable,NULL
NULL,NULL,76,126,2273,-1.0,-1,-1,NULL,NULL,Variable,NULL
NULL,NULL,76,127,2274,-1.0,-1,-1,NULL,NULL,Variable,NULL
NULL,NULL,76,128,2275,-1.0,-1,-1,NULL,NULL,Variable,NULL
NULL,NULL,76,129,2276,-1.0,-1,-1,NULL,NULL,Variable,NULL
NULL,NULL,76,130,2277,-1.0,-1,-1,NULL,NULL,Variable,NULL
NULL,NULL,76,131,2278,-1.0,-1,-1,NULL,NULL,Variable,NULL
NULL,NULL,76,132,2279,-1.0,-1,-1,NULL,NULL,Variable,NULL
NULL,NULL,76,133,2280,-1.0,-1,-1,NULL,NULL,Variable,NULL
NULL,NULL,76,134,2281,-1.0,-1,-1,NULL,NULL,Variable,NULL
NULL,NULL,76,135,2282,-1.0,-1,-1,NULL,NULL,Variable,NULL
NULL,NULL,76,136,2283,-1.0,-1,-1,NULL,NULL,Variable,NULL
NULL,NULL,76,137,2285,-1.0,-1,-1,NULL,NULL,Variable,NULL
NULL,NULL,76,138,2286,-1.0,-1,-1,NULL,NULL,Variable,NULL
NULL,NULL,76,139,2287,-1.0,-1,-1,NULL,NULL,Variable,NULL
NULL,NULL,76,140,2289,-1.0,-1,-1,NULL,NULL,Variable,NULL
NULL,NULL,76,141,2290,-1.0,-1,-1,NULL,NULL,Variable,NULL
NULL,NULL,76,142,2291,-1.0,-1,-1,NULL,NULL,Variable,NULL
NULL,NULL,76,143,2292,-1.0,-1,-1,NULL,NULL,Variable,NULL
NULL,NULL,76,144,2294,-1.0,-1,-1,NULL,NULL,Variable,NULL
NULL,NULL,76,145,2297,-1.0,-1,-1,NULL,NULL,Variable,NULL
NULL,NULL,76,146,2319,-1.0,-1,-1,NULL,NULL,Variable,NULL
NULL,NULL,76,147,2320,-1.0,-1,-1,NULL,NULL,Variable,NULL
NULL,NULL,76,148,2321,-1.0,-1,-1,NULL,NULL,Variable,NULL
NULL,NULL,76,149,2322,-1.0,-1,-1,NULL,NULL,Variable,NULL
NULL,NULL,76,150,2323,-1.0,-1,-1,NULL,NULL,Variable,NULL
NULL,NULL,76,151,2324,-1.0,-1,-1,NULL,NULL,Variable,NULL
NULL,NULL,76,152,2325,-1.0,-1,-1,NULL,NULL,Variable,NULL
NULL,NULL,76,153,2326,-1.0,-1,-1,NULL,NULL,Variable,NULL
NULL,NULL,76,154,2327,-1.0,-1,-1,NULL,NULL,Variable,NULL
NULL,NULL,76,155,2328,-1.0,-1,-1,NULL,NULL,Variable,NULL
NULL,NULL,76,156,2329,-1.0,-1,-1,NULL,NULL,Variable,NULL
NULL,NULL,76,157,2330,-1.0,-1,-1,NULL,NULL,Variable,NULL
NULL,NULL,76,158,2331,-1.0,-1,-1,NULL,NULL,Variable,NULL
NULL,NULL,76,159,2332,-1.0,-1,-1,NULL,NULL,Variable,NULL
NULL,NULL,76,160,2333,-1.0,-1,-1,NULL,NULL,Variable,NULL
NULL,NULL,76,161,2334,-1.0,-1,-1,NULL,NULL,Variable,NULL
NULL,NULL,76,162,2335,-1.0,-1,-1,NULL,NULL,Variable,NULL
NULL,NULL,76,163,2336,-1.0,-1,-1,NULL,NULL,Variable,NULL
NULL,NULL,76,164,2337,-1.0,-1,-1,NULL,NULL,Variable,NULL
NULL,NULL,76,165,2339,-1.0,-1,-1,NULL,NULL,Variable,NULL
NULL,NULL,76,166,2340,-1.0,-1,-1,NULL,NULL,Variable,NULL
NULL,NULL,76,167,2341,-1.0,-1,-1,NULL,NULL,Variable,NULL
NULL,NULL,76,168,2343,-1.0,-1,-1,NULL,NULL,Variable,NULL
NULL,NULL,77,-1000,-1000,21.0,NULL,NULL,NULL,NULL,NULL,NULL
NULL,NULL,77,-999,-999,21.0,NULL,NULL,NULL,NULL,NULL,NULL
NULL,NULL,77,-998,-998,10.5,NULL,NULL,NULL,NULL,NULL,NULL
NULL,NULL,77,-997,-997,10.5,NULL,NULL,NULL,NULL,NULL,NULL
NULL,NULL,77,0,0,-1.0,-1,-1,NULL,NULL,NULL,NULL
NULL,NULL,77,1,2344,-1.0,-1,-1,NULL,NULL,Variable,NULL
NULL,NULL,77,2,2345,-1.0,-1,-1,NULL,NULL,Variable,NULL
NULL,NULL,77,3,2346,-1.0,-1,-1,NULL,NULL,Variable,NULL
NULL,NULL,77,4,2348,-1.0,-1,-1,NULL,NULL,Variable,NULL
NULL,NULL,77,5,2351,-1.0,-1,-1,NULL,NULL,Variable,NULL
NULL,NULL,77,6,2373,-1.0,-1,-1,NULL,NULL,Variable,NULL
NULL,NULL,77,7,2374,-1.0,-1,-1,NULL,NULL,Variable,NULL
NULL,NULL,77,8,2375,-1.0,-1,-1,NULL,NULL,Variable,NULL
NULL,NULL,77,9,2376,-1.0,-1,-1,NULL,NULL,Variable,NULL
NULL,NULL,77,10,2377,-1.0,-1,-1,NULL,NULL,Variable,NULL
NULL,NULL,77,11,2378,-1.0,-1,-1,NULL,NULL,Variable,NULL
NULL,NULL,77,12,2379,-1.0,-1,-1,NULL,NULL,Variable,NULL
NULL,NULL,77,13,2380,-1.0,-1,-1,NULL,NULL,Variable,NULL
NULL,NULL,77,14,2381,-1.0,-1,-1,NULL,NULL,Variable,NULL
NULL,NULL,77,15,2382,-1.0,-1,-1,NULL,NULL,Variable,NULL
NULL,NULL,77,16,2383,-1.0,-1,-1,NULL,NULL,Variable,NULL
NULL,NULL,77,17,2384,-1.0,-1,-1,NULL,NULL,Variable,NULL
NULL,NULL,77,18,2385,-1.0,-1,-1,NULL,NULL,Variable,NULL
NULL,NULL,77,19,2386,-1.0,-1,-1,NULL,NULL,Variable,NULL
NULL,NULL,77,20,2387,-1.0,-1,-1,NULL,NULL,Variable,NULL
NULL,NULL,77,21,2388,-1.0,-1,-1,NULL,NULL,Variable,NULL
NULL,NULL,77,22,2389,-1.0,-1,-1,NULL,NULL,Variable,NULL
NULL,NULL,77,23,2390,-1.0,-1,-1,NULL,NULL,Variable,NULL
NULL,NULL,77,24,2391,-1.0,-1,-1,NULL,NULL,Variable,NULL
NULL,NULL,77,25,2393,-1.0,-1,-1,NULL,NULL,Variable,NULL
NULL,NULL,77,26,2394,-1.0,-1,-1,NULL,NULL,Variable,NULL
NULL,NULL,77,27,2395,-1.0,-1,-1,NULL,NULL,Variable,NULL
NULL,NULL,77,28,2397,-1.0,-1,-1,NULL,NULL,Variable,NULL
NULL,NULL,77,29,2398,-1.0,-1,-1,NULL,NULL,Variable,NULL
NULL,NULL,77,30,2399,-1.0,-1,-1,NULL,NULL,Variable,NULL
NULL,NULL,77,31,2400,-1.0,-1,-1,NULL,NULL,Variable,NULL
NULL,NULL,77,32,2402,-1.0,-1,-1,NULL,NULL,Variable,NULL
NULL,NULL,77,33,2405,-1.0,-1,-1,NULL,NULL,Variable,NULL
NULL,NULL,77,34,2427,-1.0,-1,-1,NULL,NULL,Variable,NULL
NULL,NULL,77,35,2428,-1.0,-1,-1,NULL,NULL,Variable,NULL
NULL,NULL,77,36,2429,-1.0,-1,-1,NULL,NULL,Variable,NULL
NULL,NULL,77,37,2430,-1.0,-1,-1,NULL,NULL,Variable,NULL
NULL,NULL,77,38,2431,-1.0,-1,-1,NULL,NULL,Variable,NULL
NULL,NULL,77,39,2432,-1.0,-1,-1,NULL,NULL,Variable,NULL
NULL,NULL,77,40,2433,-1.0,-1,-1,NULL,NULL,Variable,NULL
NULL,NULL,77,41,2434,-1.0,-1,-1,NULL,NULL,Variable,NULL
NULL,NULL,77,42,2435,-1.0,-1,-1,NULL,NULL,Variable,NULL
NULL,NULL,77,43,2436,-1.0,-1,-1,NULL,NULL,Variable,NULL
NULL,NULL,77,44,2437,-1.0,-1,-1,NULL,NULL,Variable,NULL
NULL,NULL,77,45,2438,-1.0,-1,-1,NULL,NULL,Variable,NULL
NULL,NULL,77,46,2439,-1.0,-1,-1,NULL,NULL,Variable,NULL
NULL,NULL,77,47,2440,-1.0,-1,-1,NULL,NULL,Variable,NULL
NULL,NULL,77,48,2441,-1.0,-1,-1,NULL,NULL,Variable,NULL
NULL,NULL,77,49,2442,-1.0,-1,-1,NULL,NULL,Variable,NULL
NULL,NULL,77,50,2443,-1.0,-1,-1,NULL,NULL,Variable,NULL
NULL,NULL,77,51,2444,-1.0,-1,-1,NULL,NULL,Variable,NULL
NULL,NULL,77,52,2445,-1.0,-1,-1,NULL,NULL,Variable,NULL
NULL,NULL,77,53,2447,-1.0,-1,-1,NULL,NULL,Variable,NULL
NULL,NULL,77,54,2448,-1.0,-1,-1,NULL,NULL,Variable,NULL
NULL,NULL,77,55,2449,-1.0,-1,-1,NULL,NULL,Variable,NULL
NULL,NULL,77,56,2451,-1.0,-1,-1,NULL,NULL,Variable,NULL
NULL,NULL,77,57,2452,-1.0,-1,-1,NULL,NULL,Variable,NULL
NULL,NULL,77,58,2453,-1.0,-1,-1,NULL,NULL,Variable,NULL
NULL,NULL,77,59,2454,-1.0,-1,-1,NULL,NULL,Variable,NULL
NULL,NULL,77,60,2456,-1.0,-1,-1,NULL,NULL,Variable,NULL
NULL,NULL,77,61,2459,-1.0,-1,-1,NULL,NULL,Variable,NULL
NULL,NULL,77,62,2481,-1.0,-1,-1,NULL,NULL,Variable,NULL
NULL,NULL,77,63,2482,-1.0,-1,-1,NULL,NULL,Variable,NULL
NULL,NULL,77,64,2483,-1.0,-1,-1,NULL,NULL,Variable,NULL
NULL,NULL,77,65,2484,-1.0,-1,-1,NULL,NULL,Variable,NULL
NULL,NULL,77,66,2485,-1.0,-1,-1,NULL,NULL,Variable,NULL
NULL,NULL,77,67,2486,-1.0,-1,-1,NULL,NULL,Variable,NULL
NULL,NULL,77,68,2487,-1.0,-1,-1,NULL,NULL,Variable,NULL
NULL,NULL,77,69,2488,-1.0,-1,-1,NULL,NULL,Variable,NULL
NULL,NULL,77,70,2489,-1.0,-1,-1,NULL,NULL,Variable,NULL
NULL,NULL,77,71,2490,-1.0,-1,-1,NULL,NULL,Variable,NULL
NULL,NULL,77,72,2491,-1.0,-1,-1,NULL,NULL,Variable,NULL
NULL,NULL,77,73,2492,-1.0,-1,-1,NULL,NULL,Variable,NULL
NULL,NULL,77,74,2493,-1.0,-1,-1,NULL,NULL,Variable,NULL
NULL,NULL,77,75,2494,-1.0,-1,-1,NULL,NULL,Variable,NULL
NULL,NULL,77,76,2495,-1.0,-1,-1,NULL,NULL,Variable,NULL
NULL,NULL,77,77,2496,-1.0,-1,-1,NULL,NULL,Variable,NULL
NULL,NULL,77,78,2497,-1.0,-1,-1,NULL,NULL,Variable,NULL
NULL,NULL,77,79,2498,-1.0,-1,-1,NULL,NULL,Variable,NULL
NULL,NULL,77,80,2499,-1.0,-1,-1,NULL,NULL,Variable,NULL
NULL,NULL,77,81,2501,-1.0,-1,-1,NULL,NULL,Variable,NULL
NULL,NULL,77,82,2502,-1.0,-1,-1,NULL,NULL,Variable,NULL
NULL,NULL,77,83,2503,-1.0,-1,-1,NULL,NULL,Variable,NULL
NULL,NULL,77,84,2505,-1.0,-1,-1,NULL,NULL,Variable,NULL
NULL,NULL,77,85,2506,-1.0,-1,-1,NULL,NULL,Variable,NULL
NULL,NULL,77,86,2507,-1.0,-1,-1,NULL,NULL,Variable,NULL
NULL,NULL,77,87,2508,-1.0,-1,-1,NULL,NULL,Variable,NULL
NULL,NULL,77,88,2510,-1.0,-1,-1,NULL,NULL,Variable,NULL
NULL,NULL,77,89,2513,-1.0,-1,-1,NULL,NULL,Variable,NULL
NULL,NULL,77,90,2535,-1.0,-1,-1,NULL,NULL,Variable,NULL
NULL,NULL,77,91,2536,-1.0,-1,-1,NULL,NULL,Variable,NULL
NULL,NULL,77,92,2537,-1.0,-1,-1,NULL,NULL,Variable,NULL
NULL,NULL,77,93,2538,-1.0,-1,-1,NULL,NULL,Variable,NULL
NULL,NULL,77,94,2539,-1.0,-1,-1,NULL,NULL,Variable,NULL
NULL,NULL,77,95,2540,-1.0,-1,-1,NULL,NULL,Variable,NULL
NULL,NULL,77,96,2541,-1.0,-1,-1,NULL,NULL,Variable,NULL
NULL,NULL,77,97,2542,-1.0,-1,-1,NULL,NULL,Variable,NULL
NULL,NULL,77,98,2543,-1.0,-1,-1,NULL,NULL,Variable,NULL
NULL,NULL,77,99,2544,-1.0,-1,-1,NULL,NULL,Variable,NULL
NULL,NULL,77,100,2545,-1.0,-1,-1,NULL,NULL,Variable,NULL
NULL,NULL,77,101,2546,-1.0,-1,-1,NULL,NULL,Variable,NULL
NULL,NULL,77,102,2547,-1.0,-1,-1,NULL,NULL,Variable,NULL
NULL,NULL,77,103,2548,-1.0,-1,-1,NULL,NULL,Variable,NULL
NULL,NULL,77,104,2549,-1.0,-1,-1,NULL,NULL,Variable,NULL
NULL,NULL,77,105,2550,-1.0,-1,-1,NULL,NULL,Variable,NULL
NULL,NULL,77,106,2551,-1.0,-1,-1,NULL,NULL,Variable,NULL
NULL,NULL,77,107,2552,-1.0,-1,-1,NULL,NULL,Variable,NULL
NULL,NULL,77,108,2553,-1.0,-1,-1,NULL,NULL,Variable,NULL
NULL,NULL,77,109,2555,-1.0,-1,-1,NULL,NULL,Variable,NULL
NULL,NULL,77,110,2556,-1.0,-1,-1,NULL,NULL,Variable,NULL
NULL,NULL,77,111,2557,-1.0,-1,-1,NULL,NULL,Variable,NULL
NULL,NULL,77,112,2558,-1.0,-1,-1,NULL,NULL,Variable,NULL
NULL,NULL,77,113,2559,-1.0,-1,-1,NULL,NULL,Variable,NULL
NULL,NULL,77,114,2560,-1.0,-1,-1,NULL,NULL,Variable,NULL
NULL,NULL,77,115,2561,-1.0,-1,-1,NULL,NULL,Variable,NULL
NULL,NULL,77,116,2562,-1.0,-1,-1,NULL,NULL,Variable,NULL
NULL,NULL,77,117,2563,-1.0,-1,-1,NULL,NULL,Variable,NULL
NULL,NULL,77,118,2564,-1.0,-1,-1,NULL,NULL,Variable,NULL
NULL,NULL,77,119,2566,-1.0,-1,-1,NULL,NULL,Variable,NULL
NULL,NULL,77,120,2567,-1.0,-1,-1,NULL,NULL,Variable,NULL
NULL,NULL,77,121,2569,-1.0,-1,-1,NULL,NULL,Variable,NULL
NULL,NULL,77,122,2572,-1.0,-1,-1,NULL,NULL,Variable,NULL
NULL,NULL,77,123,2580,-1.0,-1,-1,NULL,NULL,Variable,NULL
NULL,NULL,77,124,2581,-1.0,-1,-1,NULL,NULL,Variable,NULL
NULL,NULL,77,125,2582,-1.0,-1,-1,NULL,NULL,Variable,NULL
NULL,NULL,77,126,2583,-1.0,-1,-1,NULL,NULL,Variable,NULL
NULL,NULL,77,127,2584,-1.0,-1,-1,NULL,NULL,Variable,NULL
NULL,NULL,77,128,2585,-1.0,-1,-1,NULL,NULL,Variable,NULL
NULL,NULL,77,129,2586,-1.0,-1,-1,NULL,NULL,Variable,NULL
NULL,NULL,77,130,2587,-1.0,-1,-1,NULL,NULL,Variable,NULL
NULL,NULL,77,131,2588,-1.0,-1,-1,NULL,NULL,Variable,NULL
NULL,NULL,77,132,2589,-1.0,-1,-1,NULL,NULL,Variable,NULL
NULL,NULL,77,133,2590,-1.0,-1,-1,NULL,NULL,Variable,NULL
NULL,NULL,77,134,2591,-1.0,-1,-1,NULL,NULL,Variable,NULL
NULL,NULL,77,135,2592,-1.0,-1,-1,NULL,NULL,Variable,NULL
NULL,NULL,77,136,2593,-1.0,-1,-1,NULL,NULL,Variable,NULL
NULL,NULL,77,137,2594,-1.0,-1,-1,NULL,NULL,Variable,NULL
NULL,NULL,77,138,2595,-1.0,-1,-1,NULL,NULL,Variable,NULL
NULL,NULL,77,139,2596,-1.0,-1,-1,NULL,NULL,Variable,NULL
NULL,NULL,77,140,2597,-1.0,-1,-1,NULL,NULL,Variable,NULL
NULL,NULL,77,141,2598,-1.0,-1,-1,NULL,NULL,Variable,NULL
NULL,NULL,77,142,2600,-1.0,-1,-1,NULL,NULL,Variable,NULL
NULL,NULL,77,143,2601,-1.0,-1,-1,NULL,NULL,Variable,NULL
NULL,NULL,77,144,2602,-1.0,-1,-1,NULL,NULL,Variable,NULL
NULL,NULL,77,145,2603,-1.0,-1,-1,NULL,NULL,Variable,NULL
NULL,NULL,77,146,2604,-1.0,-1,-1,NULL,NULL,Variable,NULL
NULL,NULL,77,147,2605,-1.0,-1,-1,NULL,NULL,Variable,NULL
NULL,NULL,77,148,2606,-1.0,-1,-1,NULL,NULL,Variable,NULL
NULL,NULL,77,149,2607,-1.0,-1,-1,NULL,NULL,Variable,NULL
NULL,NULL,77,150,2608,-1.0,-1,-1,NULL,NULL,Variable,NULL
NULL,NULL,77,151,2609,-1.0,-1,-1,NULL,NULL,Variable,NULL
NULL,NULL,77,152,2611,-1.0,-1,-1,NULL,NULL,Variable,NULL
NULL,NULL,77,153,2612,-1.0,-1,-1,NULL,NULL,Variable,NULL
NULL,NULL,77,154,2614,-1.0,-1,-1,NULL,NULL,Variable,NULL
NULL,NULL,77,155,2617,-1.0,-1,-1,NULL,NULL,Variable,NULL
NULL,NULL,77,156,2640,-1.0,-1,-1,NULL,NULL,Variable,NULL
NULL,NULL,77,157,2641,-1.0,-1,-1,NULL,NULL,Variable,NULL
NULL,NULL,77,158,2642,-1.0,-1,-1,NULL,NULL,Variable,NULL
NULL,NULL,78,-1000,-1000,21.0,NULL,NULL,NULL,NULL,NULL,NULL
NULL,NULL,78,-999,-999,21.0,NULL,NULL,NULL,NULL,NULL,NULL
NULL,NULL,78,-998,-998,10.5,NULL,NULL,NULL,NULL,NULL,NULL
NULL,NULL,78,-997,-997,10.5,NULL,NULL,NULL,NULL,NULL,NULL
NULL,NULL,78,0,0,-1.0,-1,-1,NULL,NULL,NULL,NULL
NULL,NULL,78,1,2643,-1.0,-1,-1,NULL,NULL,Variable,NULL
NULL,NULL,78,2,2644,-1.0,-1,-1,NULL,NULL,Variable,NULL
NULL,NULL,78,3,2645,-1.0,-1,-1,NULL,NULL,Variable,NULL
NULL,NULL,78,4,2646,-1.0,-1,-1,NULL,NULL,Variable,NULL
NULL,NULL,78,5,2647,-1.0,-1,-1,NULL,NULL,Variable,NULL
NULL,NULL,78,6,2648,-1.0,-1,-1,NULL,NULL,Variable,NULL
NULL,NULL,78,7,2649,-1.0,-1,-1,NULL,NULL,Variable,NULL
NULL,NULL,78,8,2650,-1.0,-1,-1,NULL,NULL,Variable,NULL
NULL,NULL,78,9,2651,-1.0,-1,-1,NULL,NULL,Variable,NULL
NULL,NULL,78,10,2652,-1.0,-1,-1,NULL,NULL,Variable,NULL
NULL,NULL,78,11,2653,-1.0,-1,-1,NULL,NULL,Variable,NULL
NULL,NULL,78,12,2654,-1.0,-1,-1,NULL,NULL,Variable,NULL
NULL,NULL,78,13,2655,-1.0,-1,-1,NULL,NULL,Variable,NULL
NULL,NULL,78,14,2656,-1.0,-1,-1,NULL,NULL,Variable,NULL
NULL,NULL,78,15,2657,-1.0,-1,-1,NULL,NULL,Variable,NULL
NULL,NULL,78,16,2658,-1.0,-1,-1,NULL,NULL,Variable,NULL
NULL,NULL,78,17,2659,-1.0,-1,-1,NULL,NULL,Variable,NULL
NULL,NULL,78,18,2660,-1.0,-1,-1,NULL,NULL,Variable,NULL
NULL,NULL,78,19,2661,-1.0,-1,-1,NULL,NULL,Variable,NULL
NULL,NULL,78,20,2662,-1.0,-1,-1,NULL,NULL,Variable,NULL
NULL,NULL,78,21,2663,-1.0,-1,-1,NULL,NULL,Variable,NULL
NULL,NULL,78,22,2664,-1.0,-1,-1,NULL,NULL,Variable,NULL
NULL,NULL,78,23,2665,-1.0,-1,-1,NULL,NULL,Variable,NULL
NULL,NULL,78,24,2666,-1.0,-1,-1,NULL,NULL,Variable,NULL
NULL,NULL,78,25,2667,-1.0,-1,-1,NULL,NULL,Variable,NULL
NULL,NULL,78,26,2668,-1.0,-1,-1,NULL,NULL,Variable,NULL
NULL,NULL,78,27,2669,-1.0,-1,-1,NULL,NULL,Variable,NULL
NULL,NULL,78,28,2670,-1.0,-1,-1,NULL,NULL,Variable,NULL
NULL,NULL,78,29,2671,-1.0,-1,-1,NULL,NULL,Variable,NULL
NULL,NULL,78,30,2672,-1.0,-1,-1,NULL,NULL,Variable,NULL
NULL,NULL,78,31,2673,-1.0,-1,-1,NULL,NULL,Variable,NULL
NULL,NULL,78,32,2674,-1.0,-1,-1,NULL,NULL,Variable,NULL
NULL,NULL,78,33,2675,-1.0,-1,-1,NULL,NULL,Variable,NULL
NULL,NULL,78,34,2677,-1.0,-1,-1,NULL,NULL,Variable,NULL
NULL,NULL,78,35,2678,-1.0,-1,-1,NULL,NULL,Variable,NULL
NULL,NULL,78,36,2679,-1.0,-1,-1,NULL,NULL,Variable,NULL
NULL,NULL,78,37,2680,-1.0,-1,-1,NULL,NULL,Variable,NULL
NULL,NULL,78,38,2681,-1.0,-1,-1,NULL,NULL,Variable,NULL
NULL,NULL,78,39,2682,-1.0,-1,-1,NULL,NULL,Variable,NULL
NULL,NULL,78,40,2683,-1.0,-1,-1,NULL,NULL,Variable,NULL
NULL,NULL,78,41,2684,-1.0,-1,-1,NULL,NULL,Variable,NULL
NULL,NULL,78,42,2685,-1.0,-1,-1,NULL,NULL,Variable,NULL
NULL,NULL,78,43,2686,-1.0,-1,-1,NULL,NULL,Variable,NULL
NULL,NULL,78,44,2688,-1.0,-1,-1,NULL,NULL,Variable,NULL
NULL,NULL,78,45,2689,-1.0,-1,-1,NULL,NULL,Variable,NULL
NULL,NULL,78,46,2691,-1.0,-1,-1,NULL,NULL,Variable,NULL
NULL,NULL,78,47,2694,-1.0,-1,-1,NULL,NULL,Variable,NULL
NULL,NULL,78,48,2726,-1.0,-1,-1,NULL,NULL,Variable,NULL
NULL,NULL,78,49,2727,-1.0,-1,-1,NULL,NULL,Variable,NULL
NULL,NULL,78,50,2728,-1.0,-1,-1,NULL,NULL,Variable,NULL
NULL,NULL,78,51,2729,-1.0,-1,-1,NULL,NULL,Variable,NULL
NULL,NULL,78,52,2730,-1.0,-1,-1,NULL,NULL,Variable,NULL
NULL,NULL,78,53,2731,-1.0,-1,-1,NULL,NULL,Variable,NULL
NULL,NULL,78,54,2732,-1.0,-1,-1,NULL,NULL,Variable,NULL
NULL,NULL,78,55,2733,-1.0,-1,-1,NULL,NULL,Variable,NULL
NULL,NULL,78,56,2734,-1.0,-1,-1,NULL,NULL,Variable,NULL
NULL,NULL,78,57,2735,-1.0,-1,-1,NULL,NULL,Variable,NULL
NULL,NULL,78,58,2736,-1.0,-1,-1,NULL,NULL,Variable,NULL
NULL,NULL,78,59,2737,-1.0,-1,-1,NULL,NULL,Variable,NULL
NULL,NULL,78,60,2738,-1.0,-1,-1,NULL,NULL,Variable,NULL
NULL,NULL,78,61,2739,-1.0,-1,-1,NULL,NULL,Variable,NULL
NULL,NULL,78,62,2740,-1.0,-1,-1,NULL,NULL,Variable,NULL
NULL,NULL,78,63,2741,-1.0,-1,-1,NULL,NULL,Variable,NULL
NULL,NULL,78,64,2742,-1.0,-1,-1,NULL,NULL,Variable,NULL
NULL,NULL,78,65,2743,-1.0,-1,-1,NULL,NULL,Variable,NULL
NULL,NULL,78,66,2744,-1.0,-1,-1,NULL,NULL,Variable,NULL
NULL,NULL,78,67,2746,-1.0,-1,-1,NULL,NULL,Variable,NULL
NULL,NULL,78,68,2747,-1.0,-1,-1,NULL,NULL,Variable,NULL
NULL,NULL,78,69,2748,-1.0,-1,-1,NULL,NULL,Variable,NULL
NULL,NULL,78,70,2750,-1.0,-1,-1,NULL,NULL,Variable,NULL
NULL,NULL,78,71,2751,-1.0,-1,-1,NULL,NULL,Variable,NULL
NULL,NULL,78,72,2752,-1.0,-1,-1,NULL,NULL,Variable,NULL
NULL,NULL,78,73,2753,-1.0,-1,-1,NULL,NULL,Variable,NULL
NULL,NULL,78,74,2755,-1.0,-1,-1,NULL,NULL,Variable,NULL
NULL,NULL,78,75,2758,-1.0,-1,-1,NULL,NULL,Variable,NULL
NULL,NULL,78,76,2780,-1.0,-1,-1,NULL,NULL,Variable,NULL
NULL,NULL,78,77,2781,-1.0,-1,-1,NULL,NULL,Variable,NULL
NULL,NULL,78,78,2782,-1.0,-1,-1,NULL,NULL,Variable,NULL
NULL,NULL,78,79,2783,-1.0,-1,-1,NULL,NULL,Variable,NULL
NULL,NULL,78,80,2784,-1.0,-1,-1,NULL,NULL,Variable,NULL
NULL,NULL,78,81,2785,-1.0,-1,-1,NULL,NULL,Variable,NULL
NULL,NULL,78,82,2786,-1.0,-1,-1,NULL,NULL,Variable,NULL
NULL,NULL,78,83,2787,-1.0,-1,-1,NULL,NULL,Variable,NULL
NULL,NULL,78,84,2788,-1.0,-1,-1,NULL,NULL,Variable,NULL
NULL,NULL,78,85,2789,-1.0,-1,-1,NULL,NULL,Variable,NULL
NULL,NULL,78,86,2790,-1.0,-1,-1,NULL,NULL,Variable,NULL
NULL,NULL,78,87,2791,-1.0,-1,-1,NULL,NULL,Variable,NULL
NULL,NULL,78,88,2792,-1.0,-1,-1,NULL,NULL,Variable,NULL
NULL,NULL,78,89,2793,-1.0,-1,-1,NULL,NULL,Variable,NULL
NULL,NULL,78,90,2794,-1.0,-1,-1,NULL,NULL,Variable,NULL
NULL,NULL,78,91,2795,-1.0,-1,-1,NULL,NULL,Variable,NULL
NULL,NULL,78,92,2796,-1.0,-1,-1,NULL,NULL,Variable,NULL
NULL,NULL,78,93,2797,-1.0,-1,-1,NULL,NULL,Variable,NULL
NULL,NULL,78,94,2798,-1.0,-1,-1,NULL,NULL,Variable,NULL
NULL,NULL,78,95,2800,-1.0,-1,-1,NULL,NULL,Variable,NULL
NULL,NULL,78,96,2801,-1.0,-1,-1,NULL,NULL,Variable,NULL
NULL,NULL,78,97,2802,-1.0,-1,-1,NULL,NULL,Variable,NULL
NULL,NULL,78,98,2803,-1.0,-1,-1,NULL,NULL,Variable,NULL
NULL,NULL,78,99,2804,-1.0,-1,-1,NULL,NULL,Variable,NULL
NULL,NULL,78,100,2805,-1.0,-1,-1,NULL,NULL,Variable,NULL
NULL,NULL,78,101,2806,-1.0,-1,-1,NULL,NULL,Variable,NULL
NULL,NULL,78,102,2807,-1.0,-1,-1,NULL,NULL,Variable,NULL
NULL,NULL,78,103,2808,-1.0,-1,-1,NULL,NULL,Variable,NULL
NULL,NULL,78,104,2809,-1.0,-1,-1,NULL,NULL,Variable,NULL
NULL,NULL,78,105,2811,-1.0,-1,-1,NULL,NULL,Variable,NULL
NULL,NULL,78,106,2812,-1.0,-1,-1,NULL,NULL,Variable,NULL
NULL,NULL,78,107,2814,-1.0,-1,-1,NULL,NULL,Variable,NULL
NULL,NULL,78,108,2817,-1.0,-1,-1,NULL,NULL,Variable,NULL
NULL,NULL,78,109,2831,-1.0,-1,-1,NULL,NULL,Variable,NULL
NULL,NULL,78,110,2832,-1.0,-1,-1,NULL,NULL,Variable,NULL
NULL,NULL,78,111,2833,-1.0,-1,-1,NULL,NULL,Variable,NULL
NULL,NULL,78,112,2834,-1.0,-1,-1,NULL,NULL,Variable,NULL
NULL,NULL,78,113,2835,-1.0,-1,-1,NULL,NULL,Variable,NULL
NULL,NULL,78,114,2836,-1.0,-1,-1,NULL,NULL,Variable,NULL
NULL,NULL,78,115,2837,-1.0,-1,-1,NULL,NULL,Variable,NULL
NULL,NULL,78,116,2838,-1.0,-1,-1,NULL,NULL,Variable,NULL
NULL,NULL,78,117,2839,-1.0,-1,-1,NULL,NULL,Variable,NULL
NULL,NULL,78,118,2840,-1.0,-1,-1,NULL,NULL,Variable,NULL
NULL,NULL,78,119,2841,-1.0,-1,-1,NULL,NULL,Variable,NULL
NULL,NULL,78,120,2842,-1.0,-1,-1,NULL,NULL,Variable,NULL
NULL,NULL,78,121,2843,-1.0,-1,-1,NULL,NULL,Variable,NULL
NULL,NULL,78,122,2844,-1.0,-1,-1,NULL,NULL,Variable,NULL
NULL,NULL,78,123,2845,-1.0,-1,-1,NULL,NULL,Variable,NULL
NULL,NULL,78,124,2846,-1.0,-1,-1,NULL,NULL,Variable,NULL
NULL,NULL,78,125,2847,-1.0,-1,-1,NULL,NULL,Variable,NULL
NULL,NULL,78,126,2848,-1.0,-1,-1,NULL,NULL,Variable,NULL
NULL,NULL,78,127,2849,-1.0,-1,-1,NULL,NULL,Variable,NULL
NULL,NULL,78,128,2851,-1.0,-1,-1,NULL,NULL,Variable,NULL
NULL,NULL,78,129,2852,-1.0,-1,-1,NULL,NULL,Variable,NULL
NULL,NULL,78,130,2853,-1.0,-1,-1,NULL,NULL,Variable,NULL
NULL,NULL,78,131,2854,-1.0,-1,-1,NULL,NULL,Variable,NULL
NULL,NULL,78,132,2855,-1.0,-1,-1,NULL,NULL,Variable,NULL
NULL,NULL,78,133,2856,-1.0,-1,-1,NULL,NULL,Variable,NULL
NULL,NULL,78,134,2857,-1.0,-1,-1,NULL,NULL,Variable,NULL
NULL,NULL,78,135,2858,-1.0,-1,-1,NULL,NULL,Variable,NULL
NULL,NULL,78,136,2859,-1.0,-1,-1,NULL,NULL,Variable,NULL
NULL,NULL,78,137,2860,-1.0,-1,-1,NULL,NULL,Variable,NULL
NULL,NULL,78,138,2862,-1.0,-1,-1,NULL,NULL,Variable,NULL
NULL,NULL,78,139,2863,-1.0,-1,-1,NULL,NULL,Variable,NULL
NULL,NULL,78,140,2865,-1.0,-1,-1,NULL,NULL,Variable,NULL
NULL,NULL,78,141,2868,-1.0,-1,-1,NULL,NULL,Variable,NULL
NULL,NULL,78,142,2878,-1.0,-1,-1,NULL,NULL,Variable,NULL
NULL,NULL,78,143,2879,-1.0,-1,-1,NULL,NULL,Variable,NULL
NULL,NULL,78,144,2880,-1.0,-1,-1,NULL,NULL,Variable,NULL
NULL,NULL,78,145,2881,-1.0,-1,-1,NULL,NULL,Variable,NULL
NULL,NULL,78,146,2882,-1.0,-1,-1,NULL,NULL,Variable,NULL
NULL,NULL,78,147,2883,-1.0,-1,-1,NULL,NULL,Variable,NULL
NULL,NULL,78,148,2884,-1.0,-1,-1,NULL,NULL,Variable,NULL
NULL,NULL,78,149,2885,-1.0,-1,-1,NULL,NULL,Variable,NULL
NULL,NULL,78,150,2886,-1.0,-1,-1,NULL,NULL,Variable,NULL
NULL,NULL,78,151,2887,-1.0,-1,-1,NULL,NULL,Variable,NULL
NULL,NULL,78,152,2888,-1.0,-1,-1,NULL,NULL,Variable,NULL
NULL,NULL,78,153,2889,-1.0,-1,-1,NULL,NULL,Variable,NULL
NULL,NULL,78,154,2890,-1.0,-1,-1,NULL,NULL,Variable,NULL
NULL,NULL,78,155,2891,-1.0,-1,-1,NULL,NULL,Variable,NULL
NULL,NULL,78,156,2892,-1.0,-1,-1,NULL,NULL,Variable,NULL
NULL,NULL,78,157,2893,-1.0,-1,-1,NULL,NULL,Variable,NULL
NULL,NULL,78,158,2894,-1.0,-1,-1,NULL,NULL,Variable,NULL
NULL,NULL,78,159,2895,-1.0,-1,-1,NULL,NULL,Variable,NULL
NULL,NULL,78,160,2896,-1.0,-1,-1,NULL,NULL,Variable,NULL
NULL,NULL,78,161,2898,-1.0,-1,-1,NULL,NULL,Variable,NULL
NULL,NULL,78,162,2899,-1.0,-1,-1,NULL,NULL,Variable,NULL
NULL,NULL,78,163,2900,-1.0,-1,-1,NULL,NULL,Variable,NULL
NULL,NULL,78,164,2901,-1.0,-1,-1,NULL,NULL,Variable,NULL
NULL,NULL,78,165,2902,-1.0,-1,-1,NULL,NULL,Variable,NULL
NULL,NULL,78,166,2903,-1.0,-1,-1,NULL,NULL,Variable,NULL
NULL,NULL,78,167,2904,-1.0,-1,-1,NULL,NULL,Variable,NULL
NULL,NULL,78,168,2905,-1.0,-1,-1,NULL,NULL,Variable,NULL
NULL,NULL,78,169,2906,-1.0,-1,-1,NULL,NULL,Variable,NULL
NULL,NULL,78,170,2907,-1.0,-1,-1,NULL,NULL,Variable,NULL
NULL,NULL,78,171,2909,-1.0,-1,-1,NULL,NULL,Variable,NULL
NULL,NULL,78,172,2910,-1.0,-1,-1,NULL,NULL,Variable,NULL
NULL,NULL,78,173,2912,-1.0,-1,-1,NULL,NULL,Variable,NULL
NULL,NULL,78,174,2915,-1.0,-1,-1,NULL,NULL,Variable,NULL
NULL,NULL,78,175,2925,-1.0,-1,-1,NULL,NULL,Variable,NULL
NULL,NULL,78,176,2926,-1.0,-1,-1,NULL,NULL,Variable,NULL
NULL,NULL,78,177,2927,-1.0,-1,-1,NULL,NULL,Variable,NULL
NULL,NULL,78,178,2928,-1.0,-1,-1,NULL,NULL,Variable,NULL
NULL,NULL,78,179,2929,-1.0,-1,-1,NULL,NULL,Variable,NULL
NULL,NULL,78,180,2930,-1.0,-1,-1,NULL,NULL,Variable,NULL
NULL,NULL,78,181,2931,-1.0,-1,-1,NULL,NULL,Variable,NULL
NULL,NULL,78,182,2932,-1.0,-1,-1,NULL,NULL,Variable,NULL
NULL,NULL,78,183,2933,-1.0,-1,-1,NULL,NULL,Variable,NULL
NULL,NULL,78,184,2934,-1.0,-1,-1,NULL,NULL,Variable,NULL
NULL,NULL,78,185,2935,-1.0,-1,-1,NULL,NULL,Variable,NULL
NULL,NULL,78,186,2936,-1.0,-1,-1,NULL,NULL,Variable,NULL
NULL,NULL,78,187,2937,-1.0,-1,-1,NULL,NULL,Variable,NULL
NULL,NULL,78,188,2938,-1.0,-1,-1,NULL,NULL,Variable,NULL
NULL,NULL,78,189,2939,-1.0,-1,-1,NULL,NULL,Variable,NULL
NULL,NULL,78,190,2940,-1.0,-1,-1,NULL,NULL,Variable,NULL
NULL,NULL,78,191,2941,-1.0,-1,-1,NULL,NULL,Variable,NULL
NULL,NULL,78,192,2942,-1.0,-1,-1,NULL,NULL,Variable,NULL
NULL,NULL,79,-1000,-1000,21.0,NULL,NULL,NULL,NULL,NULL,NULL
NULL,NULL,79,-999,-999,21.0,NULL,NULL,NULL,NULL,NULL,NULL
NULL,NULL,79,-998,-998,10.5,NULL,NULL,NULL,NULL,NULL,NULL
NULL,NULL,79,-997,-997,10.5,NULL,NULL,NULL,NULL,NULL,NULL
NULL,NULL,79,0,0,-1.0,-1,-1,NULL,NULL,NULL,NULL
NULL,NULL,79,1,2943,-1.0,-1,-1,NULL,NULL,Variable,NULL
NULL,NULL,79,2,2945,-1.0,-1,-1,NULL,NULL,Variable,NULL
NULL,NULL,79,3,2946,-1.0,-1,-1,NULL,NULL,Variable,NULL
NULL,NULL,79,4,2947,-1.0,-1,-1,NULL,NULL,Variable,NULL
NULL,NULL,79,5,2949,-1.0,-1,-1,NULL,NULL,Variable,NULL
NULL,NULL,79,6,2950,-1.0,-1,-1,NULL,NULL,Variable,NULL
NULL,NULL,79,7,2951,-1.0,-1,-1,NULL,NULL,Variable,NULL
NULL,NULL,79,8,2952,-1.0,-1,-1,NULL,NULL,Variable,NULL
NULL,NULL,79,9,2954,-1.0,-1,-1,NULL,NULL,Variable,NULL
NULL,NULL,79,10,2957,-1.0,-1,-1,NULL,NULL,Variable,NULL
NULL,NULL,79,11,2979,-1.0,-1,-1,NULL,NULL,Variable,NULL
NULL,NULL,79,12,2980,-1.0,-1,-1,NULL,NULL,Variable,NULL
NULL,NULL,79,13,2981,-1.0,-1,-1,NULL,NULL,Variable,NULL
NULL,NULL,79,14,2982,-1.0,-1,-1,NULL,NULL,Variable,NULL
NULL,NULL,79,15,2983,-1.0,-1,-1,NULL,NULL,Variable,NULL
NULL,NULL,79,16,2984,-1.0,-1,-1,NULL,NULL,Variable,NULL
NULL,NULL,79,17,2985,-1.0,-1,-1,NULL,NULL,Variable,NULL
NULL,NULL,79,18,2986,-1.0,-1,-1,NULL,NULL,Variable,NULL
NULL,NULL,79,19,2987,-1.0,-1,-1,NULL,NULL,Variable,NULL
NULL,NULL,79,20,2988,-1.0,-1,-1,NULL,NULL,Variable,NULL
NULL,NULL,79,21,2989,-1.0,-1,-1,NULL,NULL,Variable,NULL
NULL,NULL,79,22,2990,-1.0,-1,-1,NULL,NULL,Variable,NULL
NULL,NULL,79,23,2991,-1.0,-1,-1,NULL,NULL,Variable,NULL
NULL,NULL,79,24,2992,-1.0,-1,-1,NULL,NULL,Variable,NULL
NULL,NULL,79,25,2993,-1.0,-1,-1,NULL,NULL,Variable,NULL
NULL,NULL,79,26,2994,-1.0,-1,-1,NULL,NULL,Variable,NULL
NULL,NULL,79,27,2995,-1.0,-1,-1,NULL,NULL,Variable,NULL
NULL,NULL,79,28,2996,-1.0,-1,-1,NULL,NULL,Variable,NULL
NULL,NULL,79,29,2997,-1.0,-1,-1,NULL,NULL,Variable,NULL
NULL,NULL,79,30,2999,-1.0,-1,-1,NULL,NULL,Variable,NULL
NULL,NULL,79,31,3000,-1.0,-1,-1,NULL,NULL,Variable,NULL
NULL,NULL,79,32,3001,-1.0,-1,-1,NULL,NULL,Variable,NULL
NULL,NULL,79,33,3002,-1.0,-1,-1,NULL,NULL,Variable,NULL
NULL,NULL,79,34,3003,-1.0,-1,-1,NULL,NULL,Variable,NULL
NULL,NULL,79,35,3004,-1.0,-1,-1,NULL,NULL,Variable,NULL
NULL,NULL,79,36,3005,-1.0,-1,-1,NULL,NULL,Variable,NULL
NULL,NULL,79,37,3006,-1.0,-1,-1,NULL,NULL,Variable,NULL
NULL,NULL,79,38,3007,-1.0,-1,-1,NULL,NULL,Variable,NULL
NULL,NULL,79,39,3008,-1.0,-1,-1,NULL,NULL,Variable,NULL
NULL,NULL,79,40,3010,-1.0,-1,-1,NULL,NULL,Variable,NULL
NULL,NULL,79,41,3011,-1.0,-1,-1,NULL,NULL,Variable,NULL
NULL,NULL,79,42,3013,-1.0,-1,-1,NULL,NULL,Variable,NULL
NULL,NULL,79,43,3016,-1.0,-1,-1,NULL,NULL,Variable,NULL
NULL,NULL,79,44,3019,-1.0,-1,-1,NULL,NULL,Variable,NULL
NULL,NULL,79,45,3020,-1.0,-1,-1,NULL,NULL,Variable,NULL
NULL,NULL,79,46,3021,-1.0,-1,-1,NULL,NULL,Variable,NULL
NULL,NULL,79,47,3022,-1.0,-1,-1,NULL,NULL,Variable,NULL
NULL,NULL,79,48,3023,-1.0,-1,-1,NULL,NULL,Variable,NULL
NULL,NULL,79,49,3024,-1.0,-1,-1,NULL,NULL,Variable,NULL
NULL,NULL,79,50,3025,-1.0,-1,-1,NULL,NULL,Variable,NULL
NULL,NULL,79,51,3026,-1.0,-1,-1,NULL,NULL,Variable,NULL
NULL,NULL,79,52,3027,-1.0,-1,-1,NULL,NULL,Variable,NULL
NULL,NULL,79,53,3028,-1.0,-1,-1,NULL,NULL,Variable,NULL
NULL,NULL,79,54,3029,-1.0,-1,-1,NULL,NULL,Variable,NULL
NULL,NULL,79,55,3030,-1.0,-1,-1,NULL,NULL,Variable,NULL
NULL,NULL,79,56,3031,-1.0,-1,-1,NULL,NULL,Variable,NULL
NULL,NULL,79,57,3032,-1.0,-1,-1,NULL,NULL,Variable,NULL
NULL,NULL,79,58,3033,-1.0,-1,-1,NULL,NULL,Variable,NULL
NULL,NULL,79,59,3034,-1.0,-1,-1,NULL,NULL,Variable,NULL
NULL,NULL,79,60,3035,-1.0,-1,-1,NULL,NULL,Variable,NULL
NULL,NULL,79,61,3036,-1.0,-1,-1,NULL,NULL,Variable,NULL
NULL,NULL,79,62,3037,-1.0,-1,-1,NULL,NULL,Variable,NULL
NULL,NULL,79,63,3038,-1.0,-1,-1,NULL,NULL,Variable,NULL
NULL,NULL,79,64,3039,-1.0,-1,-1,NULL,NULL,Variable,NULL
NULL,NULL,79,65,3040,-1.0,-1,-1,NULL,NULL,Variable,NULL
NULL,NULL,79,66,3041,-1.0,-1,-1,NULL,NULL,Variable,NULL
NULL,NULL,79,67,3042,-1.0,-1,-1,NULL,NULL,Variable,NULL
NULL,NULL,79,68,3043,-1.0,-1,-1,NULL,NULL,Variable,NULL
NULL,NULL,79,69,3044,-1.0,-1,-1,NULL,NULL,Variable,NULL
NULL,NULL,79,70,3045,-1.0,-1,-1,NULL,NULL,Variable,NULL
NULL,NULL,79,71,3046,-1.0,-1,-1,NULL,NULL,Variable,NULL
NULL,NULL,79,72,3047,-1.0,-1,-1,NULL,NULL,Variable,NULL
NULL,NULL,79,73,3048,-1.0,-1,-1,NULL,NULL,Variable,NULL
NULL,NULL,79,74,3050,-1.0,-1,-1,NULL,NULL,Variable,NULL
NULL,NULL,79,75,3052,-1.0,-1,-1,NULL,NULL,Variable,NULL
NULL,NULL,79,76,3075,-1.0,-1,-1,NULL,NULL,Variable,NULL
NULL,NULL,79,77,3076,-1.0,-1,-1,NULL,NULL,Variable,NULL
NULL,NULL,79,78,3077,-1.0,-1,-1,NULL,NULL,Variable,NULL
NULL,NULL,79,79,3078,-1.0,-1,-1,NULL,NULL,Variable,NULL
NULL,NULL,79,80,3079,-1.0,-1,-1,NULL,NULL,Variable,NULL
NULL,NULL,79,81,3080,-1.0,-1,-1,NULL,NULL,Variable,NULL
NULL,NULL,79,82,3081,-1.0,-1,-1,NULL,NULL,Variable,NULL
NULL,NULL,79,83,3082,-1.0,-1,-1,NULL,NULL,Variable,NULL
NULL,NULL,79,84,3083,-1.0,-1,-1,NULL,NULL,Variable,NULL
NULL,NULL,79,85,3084,-1.0,-1,-1,NULL,NULL,Variable,NULL
NULL,NULL,79,86,3085,-1.0,-1,-1,NULL,NULL,Variable,NULL
NULL,NULL,79,87,3086,-1.0,-1,-1,NULL,NULL,Variable,NULL
NULL,NULL,79,88,3087,-1.0,-1,-1,NULL,NULL,Variable,NULL
NULL,NULL,79,89,3088,-1.0,-1,-1,NULL,NULL,Variable,NULL
NULL,NULL,79,90,3089,-1.0,-1,-1,NULL,NULL,Variable,NULL
NULL,NULL,79,91,3090,-1.0,-1,-1,NULL,NULL,Variable,NULL
NULL,NULL,79,92,3091,-1.0,-1,-1,NULL,NULL,Variable,NULL
NULL,NULL,79,93,3092,-1.0,-1,-1,NULL,NULL,Variable,NULL
NULL,NULL,79,94,3093,-1.0,-1,-1,NULL,NULL,Variable,NULL
NULL,NULL,79,95,3094,-1.0,-1,-1,NULL,NULL,Variable,NULL
NULL,NULL,79,96,3095,-1.0,-1,-1,NULL,NULL,Variable,NULL
NULL,NULL,79,97,3096,-1.0,-1,-1,NULL,NULL,Variable,NULL
NULL,NULL,79,98,3097,-1.0,-1,-1,NULL,NULL,Variable,NULL
NULL,NULL,79,99,3098,-1.0,-1,-1,NULL,NULL,Variable,NULL
NULL,NULL,79,100,3099,-1.0,-1,-1,NULL,NULL,Variable,NULL
NULL,NULL,79,101,3100,-1.0,-1,-1,NULL,NULL,Variable,NULL
NULL,NULL,79,102,3101,-1.0,-1,-1,NULL,NULL,Variable,NULL
NULL,NULL,79,103,3102,-1.0,-1,-1,NULL,NULL,Variable,NULL
NULL,NULL,79,104,3103,-1.0,-1,-1,NULL,NULL,Variable,NULL
NULL,NULL,79,105,3104,-1.0,-1,-1,NULL,NULL,Variable,NULL
NULL,NULL,79,106,3106,-1.0,-1,-1,NULL,NULL,Variable,NULL
NULL,NULL,79,107,3108,-1.0,-1,-1,NULL,NULL,Variable,NULL
NULL,NULL,79,108,3131,-1.0,-1,-1,NULL,NULL,Variable,NULL
NULL,NULL,79,109,3132,-1.0,-1,-1,NULL,NULL,Variable,NULL
NULL,NULL,79,110,3133,-1.0,-1,-1,NULL,NULL,Variable,NULL
NULL,NULL,79,111,3134,-1.0,-1,-1,NULL,NULL,Variable,NULL
NULL,NULL,79,112,3135,-1.0,-1,-1,NULL,NULL,Variable,NULL
NULL,NULL,79,113,3136,-1.0,-1,-1,NULL,NULL,Variable,NULL
NULL,NULL,79,114,3137,-1.0,-1,-1,NULL,NULL,Variable,NULL
NULL,NULL,79,115,3138,-1.0,-1,-1,NULL,NULL,Variable,NULL
NULL,NULL,79,116,3139,-1.0,-1,-1,NULL,NULL,Variable,NULL
NULL,NULL,79,117,3140,-1.0,-1,-1,NULL,NULL,Variable,NULL
NULL,NULL,79,118,3141,-1.0,-1,-1,NULL,NULL,Variable,NULL
NULL,NULL,79,119,3142,-1.0,-1,-1,NULL,NULL,Variable,NULL
NULL,NULL,79,120,3143,-1.0,-1,-1,NULL,NULL,Variable,NULL
NULL,NULL,79,121,3144,-1.0,-1,-1,NULL,NULL,Variable,NULL
NULL,NULL,79,122,3145,-1.0,-1,-1,NULL,NULL,Variable,NULL
NULL,NULL,79,123,3146,-1.0,-1,-1,NULL,NULL,Variable,NULL
NULL,NULL,79,124,3147,-1.0,-1,-1,NULL,NULL,Variable,NULL
NULL,NULL,79,125,3148,-1.0,-1,-1,NULL,NULL,Variable,NULL
NULL,NULL,79,126,3149,-1.0,-1,-1,NULL,NULL,Variable,NULL
NULL,NULL,79,127,3151,-1.0,-1,-1,NULL,NULL,Variable,NULL
NULL,NULL,79,128,3152,-1.0,-1,-1,NULL,NULL,Variable,NULL
NULL,NULL,79,129,3153,-1.0,-1,-1,NULL,NULL,Variable,NULL
NULL,NULL,79,130,3155,-1.0,-1,-1,NULL,NULL,Variable,NULL
NULL,NULL,79,131,3156,-1.0,-1,-1,NULL,NULL,Variable,NULL
NULL,NULL,79,132,3157,-1.0,-1,-1,NULL,NULL,Variable,NULL
NULL,NULL,79,133,3158,-1.0,-1,-1,NULL,NULL,Variable,NULL
NULL,NULL,79,134,3160,-1.0,-1,-1,NULL,NULL,Variable,NULL
NULL,NULL,79,135,3163,-1.0,-1,-1,NULL,NULL,Variable,NULL
NULL,NULL,79,136,3185,-1.0,-1,-1,NULL,NULL,Variable,NULL
NULL,NULL,79,137,3186,-1.0,-1,-1,NULL,NULL,Variable,NULL
NULL,NULL,79,138,3187,-1.0,-1,-1,NULL,NULL,Variable,NULL
NULL,NULL,79,139,3188,-1.0,-1,-1,NULL,NULL,Variable,NULL
NULL,NULL,79,140,3189,-1.0,-1,-1,NULL,NULL,Variable,NULL
NULL,NULL,79,141,3190,-1.0,-1,-1,NULL,NULL,Variable,NULL
NULL,NULL,79,142,3191,-1.0,-1,-1,NULL,NULL,Variable,NULL
NULL,NULL,79,143,3192,-1.0,-1,-1,NULL,NULL,Variable,NULL
NULL,NULL,79,144,3193,-1.0,-1,-1,NULL,NULL,Variable,NULL
NULL,NULL,79,145,3194,-1.0,-1,-1,NULL,NULL,Variable,NULL
NULL,NULL,79,146,3195,-1.0,-1,-1,NULL,NULL,Variable,NULL
NULL,NULL,79,147,3196,-1.0,-1,-1,NULL,NULL,Variable,NULL
NULL,NULL,79,148,3197,-1.0,-1,-1,NULL,NULL,Variable,NULL
NULL,NULL,79,149,3198,-1.0,-1,-1,NULL,NULL,Variable,NULL
NULL,NULL,79,150,3199,-1.0,-1,-1,NULL,NULL,Variable,NULL
NULL,NULL,79,151,3200,-1.0,-1,-1,NULL,NULL,Variable,NULL
NULL,NULL,79,152,3201,-1.0,-1,-1,NULL,NULL,Variable,NULL
NULL,NULL,79,153,3202,-1.0,-1,-1,NULL,NULL,Variable,NULL
NULL,NULL,79,154,3203,-1.0,-1,-1,NULL,NULL,Variable,NULL
NULL,NULL,79,155,3205,-1.0,-1,-1,NULL,NULL,Variable,NULL
NULL,NULL,79,156,3206,-1.0,-1,-1,NULL,NULL,Variable,NULL
NULL,NULL,79,157,3207,-1.0,-1,-1,NULL,NULL,Variable,NULL
NULL,NULL,79,158,3209,-1.0,-1,-1,NULL,NULL,Variable,NULL
NULL,NULL,79,159,3210,-1.0,-1,-1,NULL,NULL,Variable,NULL
NULL,NULL,79,160,3211,-1.0,-1,-1,NULL,NULL,Variable,NULL
NULL,NULL,79,161,3212,-1.0,-1,-1,NULL,NULL,Variable,NULL
NULL,NULL,79,162,3214,-1.0,-1,-1,NULL,NULL,Variable,NULL
NULL,NULL,79,163,3217,-1.0,-1,-1,NULL,NULL,Variable,NULL
NULL,NULL,79,164,3239,-1.0,-1,-1,NULL,NULL,Variable,NULL
NULL,NULL,79,165,3240,-1.0,-1,-1,NULL,NULL,Variable,NULL
NULL,NULL,79,166,3241,-1.0,-1,-1,NULL,NULL,Variable,NULL
NULL,NULL,79,167,3242,-1.0,-1,-1,NULL,NULL,Variable,NULL
NULL,NULL,80,-1000,-1000,21.0,NULL,NULL,NULL,NULL,NULL,NULL
NULL,NULL,80,-999,-999,21.0,NULL,NULL,NULL,NULL,NULL,NULL
NULL,NULL,80,-998,-998,10.5,NULL,NULL,NULL,NULL,NULL,NULL
NULL,NULL,80,-997,-997,10.5,NULL,NULL,NULL,NULL,NULL,NULL
NULL,NULL,80,0,0,-1.0,-1,-1,NULL,NULL,NULL,NULL
NULL,NULL,80,1,3243,-1.0,-1,-1,NULL,NULL,Variable,NULL
NULL,NULL,80,2,3244,-1.0,-1,-1,NULL,NULL,Variable,NULL
NULL,NULL,80,3,3245,-1.0,-1,-1,NULL,NULL,Variable,NULL
NULL,NULL,80,4,3246,-1.0,-1,-1,NULL,NULL,Variable,NULL
NULL,NULL,80,5,3247,-1.0,-1,-1,NULL,NULL,Variable,NULL
NULL,NULL,80,6,3248,-1.0,-1,-1,NULL,NULL,Variable,NULL
NULL,NULL,80,7,3249,-1.0,-1,-1,NULL,NULL,Variable,NULL
NULL,NULL,80,8,3250,-1.0,-1,-1,NULL,NULL,Variable,NULL
NULL,NULL,80,9,3251,-1.0,-1,-1,NULL,NULL,Variable,NULL
NULL,NULL,80,10,3252,-1.0,-1,-1,NULL,NULL,Variable,NULL
NULL,NULL,80,11,3253,-1.0,-1,-1,NULL,NULL,Variable,NULL
NULL,NULL,80,12,3254,-1.0,-1,-1,NULL,NULL,Variable,NULL
NULL,NULL,80,13,3255,-1.0,-1,-1,NULL,NULL,Variable,NULL
NULL,NULL,80,14,3256,-1.0,-1,-1,NULL,NULL,Variable,NULL
NULL,NULL,80,15,3257,-1.0,-1,-1,NULL,NULL,Variable,NULL
NULL,NULL,80,16,3259,-1.0,-1,-1,NULL,NULL,Variable,NULL
NULL,NULL,80,17,3260,-1.0,-1,-1,NULL,NULL,Variable,NULL
NULL,NULL,80,18,3261,-1.0,-1,-1,NULL,NULL,Variable,NULL
NULL,NULL,80,19,3262,-1.0,-1,-1,NULL,NULL,Variable,NULL
NULL,NULL,80,20,3263,-1.0,-1,-1,NULL,NULL,Variable,NULL
NULL,NULL,80,21,3264,-1.0,-1,-1,NULL,NULL,Variable,NULL
NULL,NULL,80,22,3265,-1.0,-1,-1,NULL,NULL,Variable,NULL
NULL,NULL,80,23,3266,-1.0,-1,-1,NULL,NULL,Variable,NULL
NULL,NULL,80,24,3267,-1.0,-1,-1,NULL,NULL,Variable,NULL
NULL,NULL,80,25,3268,-1.0,-1,-1,NULL,NULL,Variable,NULL
NULL,NULL,80,26,3270,-1.0,-1,-1,NULL,NULL,Variable,NULL
NULL,NULL,80,27,3271,-1.0,-1,-1,NULL,NULL,Variable,NULL
NULL,NULL,80,28,3273,-1.0,-1,-1,NULL,NULL,Variable,NULL
NULL,NULL,80,29,3276,-1.0,-1,-1,NULL,NULL,Variable,NULL
NULL,NULL,80,30,3292,-1.0,-1,-1,NULL,NULL,Variable,NULL
NULL,NULL,80,31,3293,-1.0,-1,-1,NULL,NULL,Variable,NULL
NULL,NULL,80,32,3294,-1.0,-1,-1,NULL,NULL,Variable,NULL
NULL,NULL,80,33,3295,-1.0,-1,-1,NULL,NULL,Variable,NULL
NULL,NULL,80,34,3296,-1.0,-1,-1,NULL,NULL,Variable,NULL
NULL,NULL,80,35,3297,-1.0,-1,-1,NULL,NULL,Variable,NULL
NULL,NULL,80,36,3298,-1.0,-1,-1,NULL,NULL,Variable,NULL
NULL,NULL,80,37,3299,-1.0,-1,-1,NULL,NULL,Variable,NULL
NULL,NULL,80,38,3300,-1.0,-1,-1,NULL,NULL,Variable,NULL
NULL,NULL,80,39,3301,-1.0,-1,-1,NULL,NULL,Variable,NULL
NULL,NULL,80,40,3302,-1.0,-1,-1,NULL,NULL,Variable,NULL
NULL,NULL,80,41,3303,-1.0,-1,-1,NULL,NULL,Variable,NULL
NULL,NULL,80,42,3304,-1.0,-1,-1,NULL,NULL,Variable,NULL
NULL,NULL,80,43,3305,-1.0,-1,-1,NULL,NULL,Variable,NULL
NULL,NULL,80,44,3306,-1.0,-1,-1,NULL,NULL,Variable,NULL
NULL,NULL,80,45,3307,-1.0,-1,-1,NULL,NULL,Variable,NULL
NULL,NULL,80,46,3308,-1.0,-1,-1,NULL,NULL,Variable,NULL
NULL,NULL,80,47,3309,-1.0,-1,-1,NULL,NULL,Variable,NULL
NULL,NULL,80,48,3310,-1.0,-1,-1,NULL,NULL,Variable,NULL
NULL,NULL,80,49,3311,-1.0,-1,-1,NULL,NULL,Variable,NULL
NULL,NULL,80,50,3312,-1.0,-1,-1,NULL,NULL,Variable,NULL
NULL,NULL,80,51,3313,-1.0,-1,-1,NULL,NULL,Variable,NULL
NULL,NULL,80,52,3314,-1.0,-1,-1,NULL,NULL,Variable,NULL
NULL,NULL,80,53,3315,-1.0,-1,-1,NULL,NULL,Variable,NULL
NULL,NULL,80,54,3316,-1.0,-1,-1,NULL,NULL,Variable,NULL
NULL,NULL,80,55,3317,-1.0,-1,-1,NULL,NULL,Variable,NULL
NULL,NULL,80,56,3318,-1.0,-1,-1,NULL,NULL,Variable,NULL
NULL,NULL,80,57,3319,-1.0,-1,-1,NULL,NULL,Variable,NULL
NULL,NULL,80,58,3320,-1.0,-1,-1,NULL,NULL,Variable,NULL
NULL,NULL,80,59,3321,-1.0,-1,-1,NULL,NULL,Variable,NULL
NULL,NULL,80,60,3322,-1.0,-1,-1,NULL,NULL,Variable,NULL
NULL,NULL,80,61,3323,-1.0,-1,-1,NULL,NULL,Variable,NULL
NULL,NULL,80,62,3324,-1.0,-1,-1,NULL,NULL,Variable,NULL
NULL,NULL,80,63,3325,-1.0,-1,-1,NULL,NULL,Variable,NULL
NULL,NULL,80,64,3326,-1.0,-1,-1,NULL,NULL,Variable,NULL
NULL,NULL,80,65,3327,-1.0,-1,-1,NULL,NULL,Variable,NULL
NULL,NULL,80,66,3328,-1.0,-1,-1,NULL,NULL,Variable,NULL
NULL,NULL,80,67,3329,-1.0,-1,-1,NULL,NULL,Variable,NULL
NULL,NULL,80,68,3330,-1.0,-1,-1,NULL,NULL,Variable,NULL
NULL,NULL,80,69,3331,-1.0,-1,-1,NULL,NULL,Variable,NULL
NULL,NULL,80,70,3332,-1.0,-1,-1,NULL,NULL,Variable,NULL
NULL,NULL,80,71,3333,-1.0,-1,-1,NULL,NULL,Variable,NULL
NULL,NULL,80,72,3334,-1.0,-1,-1,NULL,NULL,Variable,NULL
NULL,NULL,80,73,3335,-1.0,-1,-1,NULL,NULL,Variable,NULL
NULL,NULL,80,74,3336,-1.0,-1,-1,NULL,NULL,Variable,NULL
NULL,NULL,80,75,3337,-1.0,-1,-1,NULL,NULL,Variable,NULL
NULL,NULL,80,76,3338,-1.0,-1,-1,NULL,NULL,Variable,NULL
NULL,NULL,80,77,3339,-1.0,-1,-1,NULL,NULL,Variable,NULL
NULL,NULL,80,78,3340,-1.0,-1,-1,NULL,NULL,Variable,NULL
NULL,NULL,80,79,3341,-1.0,-1,-1,NULL,NULL,Variable,NULL
NULL,NULL,80,80,3342,-1.0,-1,-1,NULL,NULL,Variable,NULL
NULL,NULL,80,81,3343,-1.0,-1,-1,NULL,NULL,Variable,NULL
NULL,NULL,80,82,3344,-1.0,-1,-1,NULL,NULL,Variable,NULL
NULL,NULL,80,83,3345,-1.0,-1,-1,NULL,NULL,Variable,NULL
NULL,NULL,80,84,3346,-1.0,-1,-1,NULL,NULL,Variable,NULL
NULL,NULL,80,85,3347,-1.0,-1,-1,NULL,NULL,Variable,NULL
NULL,NULL,80,86,3348,-1.0,-1,-1,NULL,NULL,Variable,NULL
NULL,NULL,80,87,3349,-1.0,-1,-1,NULL,NULL,Variable,NULL
NULL,NULL,80,88,3350,-1.0,-1,-1,NULL,NULL,Variable,NULL
NULL,NULL,80,89,3351,-1.0,-1,-1,NULL,NULL,Variable,NULL
NULL,NULL,80,90,3352,-1.0,-1,-1,NULL,NULL,Variable,NULL
NULL,NULL,80,91,3353,-1.0,-1,-1,NULL,NULL,Variable,NULL
NULL,NULL,80,92,3354,-1.0,-1,-1,NULL,NULL,Variable,NULL
NULL,NULL,80,93,3355,-1.0,-1,-1,NULL,NULL,Variable,NULL
NULL,NULL,80,94,3356,-1.0,-1,-1,NULL,NULL,Variable,NULL
NULL,NULL,80,95,3357,-1.0,-1,-1,NULL,NULL,Variable,NULL
NULL,NULL,80,96,3358,-1.0,-1,-1,NULL,NULL,Variable,NULL
NULL,NULL,80,97,3359,-1.0,-1,-1,NULL,NULL,Variable,NULL
NULL,NULL,80,98,3360,-1.0,-1,-1,NULL,NULL,Variable,NULL
NULL,NULL,80,99,3361,-1.0,-1,-1,NULL,NULL,Variable,NULL
NULL,NULL,80,100,3363,-1.0,-1,-1,NULL,NULL,Variable,NULL
NULL,NULL,80,101,3364,-1.0,-1,-1,NULL,NULL,Variable,NULL
NULL,NULL,80,102,3365,-1.0,-1,-1,NULL,NULL,Variable,NULL
NULL,NULL,80,103,3366,-1.0,-1,-1,NULL,NULL,Variable,NULL
NULL,NULL,80,104,3367,-1.0,-1,-1,NULL,NULL,Variable,NULL
NULL,NULL,80,105,3368,-1.0,-1,-1,NULL,NULL,Variable,NULL
NULL,NULL,80,106,3369,-1.0,-1,-1,NULL,NULL,Variable,NULL
NULL,NULL,80,107,3370,-1.0,-1,-1,NULL,NULL,Variable,NULL
NULL,NULL,80,108,3371,-1.0,-1,-1,NULL,NULL,Variable,NULL
NULL,NULL,80,109,3372,-1.0,-1,-1,NULL,NULL,Variable,NULL
NULL,NULL,80,110,3374,-1.0,-1,-1,NULL,NULL,Variable,NULL
NULL,NULL,80,111,3375,-1.0,-1,-1,NULL,NULL,Variable,NULL
NULL,NULL,80,112,3377,-1.0,-1,-1,NULL,NULL,Variable,NULL
NULL,NULL,80,113,3380,-1.0,-1,-1,NULL,NULL,Variable,NULL
NULL,NULL,80,114,3394,-1.0,-1,-1,NULL,NULL,Variable,NULL
NULL,NULL,80,115,3395,-1.0,-1,-1,NULL,NULL,Variable,NULL
NULL,NULL,80,116,3396,-1.0,-1,-1,NULL,NULL,Variable,NULL
NULL,NULL,80,117,3397,-1.0,-1,-1,NULL,NULL,Variable,NULL
NULL,NULL,80,118,3398,-1.0,-1,-1,NULL,NULL,Variable,NULL
NULL,NULL,80,119,3399,-1.0,-1,-1,NULL,NULL,Variable,NULL
NULL,NULL,80,120,3400,-1.0,-1,-1,NULL,NULL,Variable,NULL
NULL,NULL,80,121,3401,-1.0,-1,-1,NULL,NULL,Variable,NULL
NULL,NULL,80,122,3402,-1.0,-1,-1,NULL,NULL,Variable,NULL
NULL,NULL,80,123,3403,-1.0,-1,-1,NULL,NULL,Variable,NULL
NULL,NULL,80,124,3404,-1.0,-1,-1,NULL,NULL,Variable,NULL
NULL,NULL,80,125,3405,-1.0,-1,-1,NULL,NULL,Variable,NULL
NULL,NULL,80,126,3406,-1.0,-1,-1,NULL,NULL,Variable,NULL
NULL,NULL,80,127,3407,-1.0,-1,-1,NULL,NULL,Variable,NULL
NULL,NULL,80,128,3408,-1.0,-1,-1,NULL,NULL,Variable,NULL
NULL,NULL,80,129,3409,-1.0,-1,-1,NULL,NULL,Variable,NULL
NULL,NULL,80,130,3410,-1.0,-1,-1,NULL,NULL,Variable,NULL
NULL,NULL,80,131,3411,-1.0,-1,-1,NULL,NULL,Variable,NULL
NULL,NULL,80,132,3412,-1.0,-1,-1,NULL,NULL,Variable,NULL
NULL,NULL,80,133,3414,-1.0,-1,-1,NULL,NULL,Variable,NULL
NULL,NULL,80,134,3415,-1.0,-1,-1,NULL,NULL,Variable,NULL
NULL,NULL,80,135,3416,-1.0,-1,-1,NULL,NULL,Variable,NULL
NULL,NULL,80,136,3418,-1.0,-1,-1,NULL,NULL,Variable,NULL
NULL,NULL,80,137,3419,-1.0,-1,-1,NULL,NULL,Variable,NULL
NULL,NULL,80,138,3420,-1.0,-1,-1,NULL,NULL,Variable,NULL
NULL,NULL,80,139,3421,-1.0,-1,-1,NULL,NULL,Variable,NULL
NULL,NULL,80,140,3423,-1.0,-1,-1,NULL,NULL,Variable,NULL
NULL,NULL,80,141,3426,-1.0,-1,-1,NULL,NULL,Variable,NULL
NULL,NULL,80,142,3449,-1.0,-1,-1,NULL,NULL,Variable,NULL
NULL,NULL,80,143,3450,-1.0,-1,-1,NULL,NULL,Variable,NULL
NULL,NULL,80,144,3451,-1.0,-1,-1,NULL,NULL,Variable,NULL
NULL,NULL,80,145,3452,-1.0,-1,-1,NULL,NULL,Variable,NULL
NULL,NULL,80,146,3453,-1.0,-1,-1,NULL,NULL,Variable,NULL
NULL,NULL,80,147,3454,-1.0,-1,-1,NULL,NULL,Variable,NULL
NULL,NULL,80,148,3455,-1.0,-1,-1,NULL,NULL,Variable,NULL
NULL,NULL,80,149,3456,-1.0,-1,-1,NULL,NULL,Variable,NULL
NULL,NULL,80,150,3457,-1.0,-1,-1,NULL,NULL,Variable,NULL
NULL,NULL,80,151,3458,-1.0,-1,-1,NULL,NULL,Variable,NULL
NULL,NULL,80,152,3459,-1.0,-1,-1,NULL,NULL,Variable,NULL
NULL,NULL,80,153,3460,-1.0,-1,-1,NULL,NULL,Variable,NULL
NULL,NULL,80,154,3461,-1.0,-1,-1,NULL,NULL,Variable,NULL
NULL,NULL,80,155,3462,-1.0,-1,-1,NULL,NULL,Variable,NULL
NULL,NULL,80,156,3463,-1.0,-1,-1,NULL,NULL,Variable,NULL
NULL,NULL,80,157,3464,-1.0,-1,-1,NULL,NULL,Variable,NULL
NULL,NULL,80,158,3465,-1.0,-1,-1,NULL,NULL,Variable,NULL
NULL,NULL,80,159,3466,-1.0,-1,-1,NULL,NULL,Variable,NULL
NULL,NULL,80,160,3467,-1.0,-1,-1,NULL,NULL,Variable,NULL
NULL,NULL,80,161,3468,-1.0,-1,-1,NULL,NULL,Variable,NULL
NULL,NULL,80,162,3469,-1.0,-1,-1,NULL,NULL,Variable,NULL
NULL,NULL,80,163,3470,-1.0,-1,-1,NULL,NULL,Variable,NULL
NULL,NULL,80,164,3471,-1.0,-1,-1,NULL,NULL,Variable,NULL
NULL,NULL,80,165,3472,-1.0,-1,-1,NULL,NULL,Variable,NULL
NULL,NULL,80,166,3473,-1.0,-1,-1,NULL,NULL,Variable,NULL
NULL,NULL,80,167,3474,-1.0,-1,-1,NULL,NULL,Variable,NULL
NULL,NULL,80,168,3475,-1.0,-1,-1,NULL,NULL,Variable,NULL
NULL,NULL,80,169,3476,-1.0,-1,-1,NULL,NULL,Variable,NULL
NULL,NULL,80,170,3477,-1.0,-1,-1,NULL,NULL,Variable,NULL
NULL,NULL,80,171,3478,-1.0,-1,-1,NULL,NULL,Variable,NULL
NULL,NULL,80,172,3479,-1.0,-1,-1,NULL,NULL,Variable,NULL
NULL,NULL,80,173,3480,-1.0,-1,-1,NULL,NULL,Variable,NULL
NULL,NULL,80,174,3481,-1.0,-1,-1,NULL,NULL,Variable,NULL
NULL,NULL,80,175,3482,-1.0,-1,-1,NULL,NULL,Variable,NULL
NULL,NULL,80,176,3483,-1.0,-1,-1,NULL,NULL,Variable,NULL
NULL,NULL,80,177,3484,-1.0,-1,-1,NULL,NULL,Variable,NULL
NULL,NULL,80,178,3486,-1.0,-1,-1,NULL,NULL,Variable,NULL
NULL,NULL,80,179,3487,-1.0,-1,-1,NULL,NULL,Variable,NULL
NULL,NULL,80,180,3488,-1.0,-1,-1,NULL,NULL,Variable,NULL
NULL,NULL,80,181,3490,-1.0,-1,-1,NULL,NULL,Variable,NULL
NULL,NULL,80,182,3491,-1.0,-1,-1,NULL,NULL,Variable,NULL
NULL,NULL,80,183,3492,-1.0,-1,-1,NULL,NULL,Variable,NULL
NULL,NULL,80,184,3493,-1.0,-1,-1,NULL,NULL,Variable,NULL
NULL,NULL,80,185,3495,-1.0,-1,-1,NULL,NULL,Variable,NULL
NULL,NULL,80,186,3498,-1.0,-1,-1,NULL,NULL,Variable,NULL
NULL,NULL,81,-1000,-1000,21.0,NULL,NULL,NULL,NULL,NULL,NULL
NULL,NULL,81,-999,-999,21.0,NULL,NULL,NULL,NULL,NULL,NULL
NULL,NULL,81,-998,-998,10.5,NULL,NULL,NULL,NULL,NULL,NULL
NULL,NULL,81,-997,-997,10.5,NULL,NULL,NULL,NULL,NULL,NULL
NULL,NULL,81,0,0,-1.0,-1,-1,NULL,NULL,NULL,NULL
NULL,NULL,81,1,3553,-1.0,-1,-1,NULL,NULL,Variable,NULL
NULL,NULL,81,2,3554,-1.0,-1,-1,NULL,NULL,Variable,NULL
NULL,NULL,81,3,3555,-1.0,-1,-1,NULL,NULL,Variable,NULL
NULL,NULL,81,4,3556,-1.0,-1,-1,NULL,NULL,Variable,NULL
NULL,NULL,81,5,3557,-1.0,-1,-1,NULL,NULL,Variable,NULL
NULL,NULL,81,6,3558,-1.0,-1,-1,NULL,NULL,Variable,NULL
NULL,NULL,81,7,3559,-1.0,-1,-1,NULL,NULL,Variable,NULL
NULL,NULL,81,8,3560,-1.0,-1,-1,NULL,NULL,Variable,NULL
NULL,NULL,81,9,3561,-1.0,-1,-1,NULL,NULL,Variable,NULL
NULL,NULL,81,10,3562,-1.0,-1,-1,NULL,NULL,Variable,NULL
NULL,NULL,81,11,3563,-1.0,-1,-1,NULL,NULL,Variable,NULL
NULL,NULL,81,12,3564,-1.0,-1,-1,NULL,NULL,Variable,NULL
NULL,NULL,81,13,3565,-1.0,-1,-1,NULL,NULL,Variable,NULL
NULL,NULL,81,14,3566,-1.0,-1,-1,NULL,NULL,Variable,NULL
NULL,NULL,81,15,3567,-1.0,-1,-1,NULL,NULL,Variable,NULL
NULL,NULL,81,16,3568,-1.0,-1,-1,NULL,NULL,Variable,NULL
NULL,NULL,81,17,3569,-1.0,-1,-1,NULL,NULL,Variable,NULL
NULL,NULL,81,18,3570,-1.0,-1,-1,NULL,NULL,Variable,NULL
NULL,NULL,81,19,3571,-1.0,-1,-1,NULL,NULL,Variable,NULL
NULL,NULL,81,20,3573,-1.0,-1,-1,NULL,NULL,Variable,NULL
NULL,NULL,81,21,3574,-1.0,-1,-1,NULL,NULL,Variable,NULL
NULL,NULL,81,22,3575,-1.0,-1,-1,NULL,NULL,Variable,NULL
NULL,NULL,81,23,3577,-1.0,-1,-1,NULL,NULL,Variable,NULL
NULL,NULL,81,24,3578,-1.0,-1,-1,NULL,NULL,Variable,NULL
NULL,NULL,81,25,3579,-1.0,-1,-1,NULL,NULL,Variable,NULL
NULL,NULL,81,26,3580,-1.0,-1,-1,NULL,NULL,Variable,NULL
NULL,NULL,81,27,3582,-1.0,-1,-1,NULL,NULL,Variable,NULL
NULL,NULL,81,28,3585,-1.0,-1,-1,NULL,NULL,Variable,NULL
NULL,NULL,81,29,3631,-1.0,-1,-1,NULL,NULL,Variable,NULL
NULL,NULL,81,30,3632,-1.0,-1,-1,NULL,NULL,Variable,NULL
NULL,NULL,81,31,3633,-1.0,-1,-1,NULL,NULL,Variable,NULL
NULL,NULL,81,32,3634,-1.0,-1,-1,NULL,NULL,Variable,NULL
NULL,NULL,81,33,3635,-1.0,-1,-1,NULL,NULL,Variable,NULL
NULL,NULL,81,34,3636,-1.0,-1,-1,NULL,NULL,Variable,NULL
NULL,NULL,81,35,3637,-1.0,-1,-1,NULL,NULL,Variable,NULL
NULL,NULL,81,36,3638,-1.0,-1,-1,NULL,NULL,Variable,NULL
NULL,NULL,81,37,3639,-1.0,-1,-1,NULL,NULL,Variable,NULL
NULL,NULL,81,38,3640,-1.0,-1,-1,NULL,NULL,Variable,NULL
NULL,NULL,81,39,3641,-1.0,-1,-1,NULL,NULL,Variable,NULL
NULL,NULL,81,40,3642,-1.0,-1,-1,NULL,NULL,Variable,NULL
NULL,NULL,81,41,3643,-1.0,-1,-1,NULL,NULL,Variable,NULL
NULL,NULL,81,42,3644,-1.0,-1,-1,NULL,NULL,Variable,NULL
NULL,NULL,81,43,3645,-1.0,-1,-1,NULL,NULL,Variable,NULL
NULL,NULL,81,44,3646,-1.0,-1,-1,NULL,NULL,Variable,NULL
NULL,NULL,81,45,3647,-1.0,-1,-1,NULL,NULL,Variable,NULL
NULL,NULL,81,46,3648,-1.0,-1,-1,NULL,NULL,Variable,NULL
NULL,NULL,81,47,3649,-1.0,-1,-1,NULL,NULL,Variable,NULL
NULL,NULL,81,48,3651,-1.0,-1,-1,NULL,NULL,Variable,NULL
NULL,NULL,81,49,3652,-1.0,-1,-1,NULL,NULL,Variable,NULL
NULL,NULL,81,50,3653,-1.0,-1,-1,NULL,NULL,Variable,NULL
NULL,NULL,81,51,3655,-1.0,-1,-1,NULL,NULL,Variable,NULL
NULL,NULL,81,52,3656,-1.0,-1,-1,NULL,NULL,Variable,NULL
NULL,NULL,81,53,3657,-1.0,-1,-1,NULL,NULL,Variable,NULL
NULL,NULL,81,54,3658,-1.0,-1,-1,NULL,NULL,Variable,NULL
NULL,NULL,81,55,3660,-1.0,-1,-1,NULL,NULL,Variable,NULL
NULL,NULL,81,56,3663,-1.0,-1,-1,NULL,NULL,Variable,NULL
NULL,NULL,81,57,3709,-1.0,-1,-1,NULL,NULL,Variable,NULL
NULL,NULL,81,58,3710,-1.0,-1,-1,NULL,NULL,Variable,NULL
NULL,NULL,81,59,3711,-1.0,-1,-1,NULL,NULL,Variable,NULL
NULL,NULL,81,60,3712,-1.0,-1,-1,NULL,NULL,Variable,NULL
NULL,NULL,81,61,3713,-1.0,-1,-1,NULL,NULL,Variable,NULL
NULL,NULL,81,62,3714,-1.0,-1,-1,NULL,NULL,Variable,NULL
NULL,NULL,81,63,3715,-1.0,-1,-1,NULL,NULL,Variable,NULL
NULL,NULL,81,64,3716,-1.0,-1,-1,NULL,NULL,Variable,NULL
NULL,NULL,81,65,3717,-1.0,-1,-1,NULL,NULL,Variable,NULL
NULL,NULL,81,66,3718,-1.0,-1,-1,NULL,NULL,Variable,NULL
NULL,NULL,81,67,3719,-1.0,-1,-1,NULL,NULL,Variable,NULL
NULL,NULL,81,68,3720,-1.0,-1,-1,NULL,NULL,Variable,NULL
NULL,NULL,81,69,3721,-1.0,-1,-1,NULL,NULL,Variable,NULL
NULL,NULL,81,70,3722,-1.0,-1,-1,NULL,NULL,Variable,NULL
NULL,NULL,81,71,3723,-1.0,-1,-1,NULL,NULL,Variable,NULL
NULL,NULL,81,72,3724,-1.0,-1,-1,NULL,NULL,Variable,NULL
NULL,NULL,81,73,3725,-1.0,-1,-1,NULL,NULL,Variable,NULL
NULL,NULL,81,74,3726,-1.0,-1,-1,NULL,NULL,Variable,NULL
NULL,NULL,81,75,3727,-1.0,-1,-1,NULL,NULL,Variable,NULL
NULL,NULL,81,76,3729,-1.0,-1,-1,NULL,NULL,Variable,NULL
NULL,NULL,81,77,3730,-1.0,-1,-1,NULL,NULL,Variable,NULL
NULL,NULL,81,78,3731,-1.0,-1,-1,NULL,NULL,Variable,NULL
NULL,NULL,81,79,3732,-1.0,-1,-1,NULL,NULL,Variable,NULL
NULL,NULL,81,80,3733,-1.0,-1,-1,NULL,NULL,Variable,NULL
NULL,NULL,81,81,3734,-1.0,-1,-1,NULL,NULL,Variable,NULL
NULL,NULL,81,82,3735,-1.0,-1,-1,NULL,NULL,Variable,NULL
NULL,NULL,81,83,3736,-1.0,-1,-1,NULL,NULL,Variable,NULL
NULL,NULL,81,84,3737,-1.0,-1,-1,NULL,NULL,Variable,NULL
NULL,NULL,81,85,3738,-1.0,-1,-1,NULL,NULL,Variable,NULL
NULL,NULL,81,86,3740,-1.0,-1,-1,NULL,NULL,Variable,NULL
NULL,NULL,81,87,3741,-1.0,-1,-1,NULL,NULL,Variable,NULL
NULL,NULL,81,88,3743,-1.0,-1,-1,NULL,NULL,Variable,NULL
NULL,NULL,81,89,3746,-1.0,-1,-1,NULL,NULL,Variable,NULL
NULL,NULL,81,90,3762,-1.0,-1,-1,NULL,NULL,Variable,NULL
NULL,NULL,81,91,3763,-1.0,-1,-1,NULL,NULL,Variable,NULL
NULL,NULL,81,92,3764,-1.0,-1,-1,NULL,NULL,Variable,NULL
NULL,NULL,81,93,3765,-1.0,-1,-1,NULL,NULL,Variable,NULL
NULL,NULL,81,94,3766,-1.0,-1,-1,NULL,NULL,Variable,NULL
NULL,NULL,81,95,3767,-1.0,-1,-1,NULL,NULL,Variable,NULL
NULL,NULL,81,96,3768,-1.0,-1,-1,NULL,NULL,Variable,NULL
NULL,NULL,81,97,3769,-1.0,-1,-1,NULL,NULL,Variable,NULL
NULL,NULL,81,98,3770,-1.0,-1,-1,NULL,NULL,Variable,NULL
NULL,NULL,81,99,3771,-1.0,-1,-1,NULL,NULL,Variable,NULL
NULL,NULL,81,100,3772,-1.0,-1,-1,NULL,NULL,Variable,NULL
NULL,NULL,81,101,3773,-1.0,-1,-1,NULL,NULL,Variable,NULL
NULL,NULL,81,102,3774,-1.0,-1,-1,NULL,NULL,Variable,NULL
NULL,NULL,81,103,3775,-1.0,-1,-1,NULL,NULL,Variable,NULL
NULL,NULL,81,104,3776,-1.0,-1,-1,NULL,NULL,Variable,NULL
NULL,NULL,81,105,3777,-1.0,-1,-1,NULL,NULL,Variable,NULL
NULL,NULL,81,106,3778,-1.0,-1,-1,NULL,NULL,Variable,NULL
NULL,NULL,81,107,3779,-1.0,-1,-1,NULL,NULL,Variable,NULL
NULL,NULL,81,108,3780,-1.0,-1,-1,NULL,NULL,Variable,NULL
NULL,NULL,81,109,3782,-1.0,-1,-1,NULL,NULL,Variable,NULL
NULL,NULL,81,110,3783,-1.0,-1,-1,NULL,NULL,Variable,NULL
NULL,NULL,81,111,3784,-1.0,-1,-1,NULL,NULL,Variable,NULL
NULL,NULL,81,112,3785,-1.0,-1,-1,NULL,NULL,Variable,NULL
NULL,NULL,81,113,3786,-1.0,-1,-1,NULL,NULL,Variable,NULL
NULL,NULL,81,114,3787,-1.0,-1,-1,NULL,NULL,Variable,NULL
NULL,NULL,81,115,3788,-1.0,-1,-1,NULL,NULL,Variable,NULL
NULL,NULL,81,116,3789,-1.0,-1,-1,NULL,NULL,Variable,NULL
NULL,NULL,81,117,3790,-1.0,-1,-1,NULL,NULL,Variable,NULL
NULL,NULL,81,118,3791,-1.0,-1,-1,NULL,NULL,Variable,NULL
NULL,NULL,81,119,3793,-1.0,-1,-1,NULL,NULL,Variable,NULL
NULL,NULL,81,120,3794,-1.0,-1,-1,NULL,NULL,Variable,NULL
NULL,NULL,81,121,3796,-1.0,-1,-1,NULL,NULL,Variable,NULL
NULL,NULL,81,122,3799,-1.0,-1,-1,NULL,NULL,Variable,NULL
NULL,NULL,81,123,3815,-1.0,-1,-1,NULL,NULL,Variable,NULL
NULL,NULL,81,124,3816,-1.0,-1,-1,NULL,NULL,Variable,NULL
NULL,NULL,81,125,3817,-1.0,-1,-1,NULL,NULL,Variable,NULL
NULL,NULL,81,126,3818,-1.0,-1,-1,NULL,NULL,Variable,NULL
NULL,NULL,81,127,3819,-1.0,-1,-1,NULL,NULL,Variable,NULL
NULL,NULL,81,128,3820,-1.0,-1,-1,NULL,NULL,Variable,NULL
NULL,NULL,81,129,3821,-1.0,-1,-1,NULL,NULL,Variable,NULL
NULL,NULL,81,130,3822,-1.0,-1,-1,NULL,NULL,Variable,NULL
NULL,NULL,81,131,3823,-1.0,-1,-1,NULL,NULL,Variable,NULL
NULL,NULL,81,132,3824,-1.0,-1,-1,NULL,NULL,Variable,NULL
NULL,NULL,81,133,3825,-1.0,-1,-1,NULL,NULL,Variable,NULL
NULL,NULL,81,134,3826,-1.0,-1,-1,NULL,NULL,Variable,NULL
NULL,NULL,81,135,3827,-1.0,-1,-1,NULL,NULL,Variable,NULL
NULL,NULL,81,136,3828,-1.0,-1,-1,NULL,NULL,Variable,NULL
NULL,NULL,81,137,3829,-1.0,-1,-1,NULL,NULL,Variable,NULL
NULL,NULL,81,138,3830,-1.0,-1,-1,NULL,NULL,Variable,NULL
NULL,NULL,81,139,3831,-1.0,-1,-1,NULL,NULL,Variable,NULL
NULL,NULL,81,140,3832,-1.0,-1,-1,NULL,NULL,Variable,NULL
NULL,NULL,81,141,3833,-1.0,-1,-1,NULL,NULL,Variable,NULL
NULL,NULL,81,142,3835,-1.0,-1,-1,NULL,NULL,Variable,NULL
NULL,NULL,81,143,3836,-1.0,-1,-1,NULL,NULL,Variable,NULL
NULL,NULL,81,144,3837,-1.0,-1,-1,NULL,NULL,Variable,NULL
NULL,NULL,81,145,3838,-1.0,-1,-1,NULL,NULL,Variable,NULL
NULL,NULL,81,146,3839,-1.0,-1,-1,NULL,NULL,Variable,NULL
NULL,NULL,81,147,3840,-1.0,-1,-1,NULL,NULL,Variable,NULL
NULL,NULL,81,148,3841,-1.0,-1,-1,NULL,NULL,Variable,NULL
NULL,NULL,81,149,3842,-1.0,-1,-1,NULL,NULL,Variable,NULL
NULL,NULL,81,150,3843,-1.0,-1,-1,NULL,NULL,Variable,NULL
NULL,NULL,81,151,3844,-1.0,-1,-1,NULL,NULL,Variable,NULL
NULL,NULL,81,152,3846,-1.0,-1,-1,NULL,NULL,Variable,NULL
NULL,NULL,81,153,3847,-1.0,-1,-1,NULL,NULL,Variable,NULL
NULL,NULL,81,154,3849,-1.0,-1,-1,NULL,NULL,Variable,NULL
NULL,NULL,82,-1000,-1000,21.0,NULL,NULL,NULL,NULL,NULL,NULL
NULL,NULL,82,-999,-999,21.0,NULL,NULL,NULL,NULL,NULL,NULL
NULL,NULL,82,-998,-998,10.5,NULL,NULL,NULL,NULL,NULL,NULL
NULL,NULL,82,-997,-997,10.5,NULL,NULL,NULL,NULL,NULL,NULL
NULL,NULL,82,0,0,-1.0,-1,-1,NULL,NULL,NULL,NULL
NULL,NULL,82,1,3852,-1.0,-1,-1,NULL,NULL,Variable,NULL
NULL,NULL,82,2,3868,-1.0,-1,-1,NULL,NULL,Variable,NULL
NULL,NULL,82,3,3869,-1.0,-1,-1,NULL,NULL,Variable,NULL
NULL,NULL,82,4,3870,-1.0,-1,-1,NULL,NULL,Variable,NULL
NULL,NULL,82,5,3871,-1.0,-1,-1,NULL,NULL,Variable,NULL
NULL,NULL,82,6,3872,-1.0,-1,-1,NULL,NULL,Variable,NULL
NULL,NULL,82,7,3873,-1.0,-1,-1,NULL,NULL,Variable,NULL
NULL,NULL,82,8,3874,-1.0,-1,-1,NULL,NULL,Variable,NULL
NULL,NULL,82,9,3875,-1.0,-1,-1,NULL,NULL,Variable,NULL
NULL,NULL,82,10,3876,-1.0,-1,-1,NULL,NULL,Variable,NULL
NULL,NULL,82,11,3877,-1.0,-1,-1,NULL,NULL,Variable,NULL
NULL,NULL,82,12,3878,-1.0,-1,-1,NULL,NULL,Variable,NULL
NULL,NULL,82,13,3879,-1.0,-1,-1,NULL,NULL,Variable,NULL
NULL,NULL,82,14,3880,-1.0,-1,-1,NULL,NULL,Variable,NULL
NULL,NULL,82,15,3881,-1.0,-1,-1,NULL,NULL,Variable,NULL
NULL,NULL,82,16,3882,-1.0,-1,-1,NULL,NULL,Variable,NULL
NULL,NULL,82,17,3883,-1.0,-1,-1,NULL,NULL,Variable,NULL
NULL,NULL,82,18,3884,-1.0,-1,-1,NULL,NULL,Variable,NULL
NULL,NULL,82,19,3885,-1.0,-1,-1,NULL,NULL,Variable,NULL
NULL,NULL,82,20,3886,-1.0,-1,-1,NULL,NULL,Variable,NULL
NULL,NULL,82,21,3888,-1.0,-1,-1,NULL,NULL,Variable,NULL
NULL,NULL,82,22,3889,-1.0,-1,-1,NULL,NULL,Variable,NULL
NULL,NULL,82,23,3890,-1.0,-1,-1,NULL,NULL,Variable,NULL
NULL,NULL,82,24,3891,-1.0,-1,-1,NULL,NULL,Variable,NULL
NULL,NULL,82,25,3892,-1.0,-1,-1,NULL,NULL,Variable,NULL
NULL,NULL,82,26,3893,-1.0,-1,-1,NULL,NULL,Variable,NULL
NULL,NULL,82,27,3894,-1.0,-1,-1,NULL,NULL,Variable,NULL
NULL,NULL,82,28,3895,-1.0,-1,-1,NULL,NULL,Variable,NULL
NULL,NULL,82,29,3896,-1.0,-1,-1,NULL,NULL,Variable,NULL
NULL,NULL,82,30,3897,-1.0,-1,-1,NULL,NULL,Variable,NULL
NULL,NULL,82,31,3899,-1.0,-1,-1,NULL,NULL,Variable,NULL
NULL,NULL,82,32,3900,-1.0,-1,-1,NULL,NULL,Variable,NULL
NULL,NULL,82,33,3902,-1.0,-1,-1,NULL,NULL,Variable,NULL
NULL,NULL,82,34,3905,-1.0,-1,-1,NULL,NULL,Variable,NULL
NULL,NULL,82,35,3921,-1.0,-1,-1,NULL,NULL,Variable,NULL
NULL,NULL,82,36,3922,-1.0,-1,-1,NULL,NULL,Variable,NULL
NULL,NULL,82,37,3923,-1.0,-1,-1,NULL,NULL,Variable,NULL
NULL,NULL,82,38,3924,-1.0,-1,-1,NULL,NULL,Variable,NULL
NULL,NULL,82,39,3925,-1.0,-1,-1,NULL,NULL,Variable,NULL
NULL,NULL,82,40,3926,-1.0,-1,-1,NULL,NULL,Variable,NULL
NULL,NULL,82,41,3927,-1.0,-1,-1,NULL,NULL,Variable,NULL
NULL,NULL,82,42,3928,-1.0,-1,-1,NULL,NULL,Variable,NULL
NULL,NULL,82,43,3929,-1.0,-1,-1,NULL,NULL,Variable,NULL
NULL,NULL,82,44,3930,-1.0,-1,-1,NULL,NULL,Variable,NULL
NULL,NULL,82,45,3931,-1.0,-1,-1,NULL,NULL,Variable,NULL
NULL,NULL,82,46,3932,-1.0,-1,-1,NULL,NULL,Variable,NULL
NULL,NULL,82,47,3933,-1.0,-1,-1,NULL,NULL,Variable,NULL
NULL,NULL,82,48,3934,-1.0,-1,-1,NULL,NULL,Variable,NULL
NULL,NULL,82,49,3935,-1.0,-1,-1,NULL,NULL,Variable,NULL
NULL,NULL,82,50,3936,-1.0,-1,-1,NULL,NULL,Variable,NULL
NULL,NULL,82,51,3937,-1.0,-1,-1,NULL,NULL,Variable,NULL
NULL,NULL,82,52,3938,-1.0,-1,-1,NULL,NULL,Variable,NULL
NULL,NULL,82,53,3939,-1.0,-1,-1,NULL,NULL,Variable,NULL
NULL,NULL,82,54,3941,-1.0,-1,-1,NULL,NULL,Variable,NULL
NULL,NULL,82,55,3942,-1.0,-1,-1,NULL,NULL,Variable,NULL
NULL,NULL,82,56,3943,-1.0,-1,-1,NULL,NULL,Variable,NULL
NULL,NULL,82,57,3944,-1.0,-1,-1,NULL,NULL,Variable,NULL
NULL,NULL,82,58,3945,-1.0,-1,-1,NULL,NULL,Variable,NULL
NULL,NULL,82,59,3946,-1.0,-1,-1,NULL,NULL,Variable,NULL
NULL,NULL,82,60,3947,-1.0,-1,-1,NULL,NULL,Variable,NULL
NULL,NULL,82,61,3948,-1.0,-1,-1,NULL,NULL,Variable,NULL
NULL,NULL,82,62,3949,-1.0,-1,-1,NULL,NULL,Variable,NULL
NULL,NULL,82,63,3950,-1.0,-1,-1,NULL,NULL,Variable,NULL
NULL,NULL,82,64,3952,-1.0,-1,-1,NULL,NULL,Variable,NULL
NULL,NULL,82,65,3953,-1.0,-1,-1,NULL,NULL,Variable,NULL
NULL,NULL,82,66,3955,-1.0,-1,-1,NULL,NULL,Variable,NULL
NULL,NULL,82,67,3958,-1.0,-1,-1,NULL,NULL,Variable,NULL
NULL,NULL,82,68,3974,-1.0,-1,-1,NULL,NULL,Variable,NULL
NULL,NULL,82,69,3975,-1.0,-1,-1,NULL,NULL,Variable,NULL
NULL,NULL,82,70,3976,-1.0,-1,-1,NULL,NULL,Variable,NULL
NULL,NULL,82,71,3977,-1.0,-1,-1,NULL,NULL,Variable,NULL
NULL,NULL,82,72,3978,-1.0,-1,-1,NULL,NULL,Variable,NULL
NULL,NULL,82,73,3979,-1.0,-1,-1,NULL,NULL,Variable,NULL
NULL,NULL,82,74,3980,-1.0,-1,-1,NULL,NULL,Variable,NULL
NULL,NULL,82,75,3981,-1.0,-1,-1,NULL,NULL,Variable,NULL
NULL,NULL,82,76,3982,-1.0,-1,-1,NULL,NULL,Variable,NULL
NULL,NULL,82,77,3983,-1.0,-1,-1,NULL,NULL,Variable,NULL
NULL,NULL,82,78,3984,-1.0,-1,-1,NULL,NULL,Variable,NULL
NULL,NULL,82,79,3985,-1.0,-1,-1,NULL,NULL,Variable,NULL
NULL,NULL,82,80,3986,-1.0,-1,-1,NULL,NULL,Variable,NULL
NULL,NULL,82,81,3987,-1.0,-1,-1,NULL,NULL,Variable,NULL
NULL,NULL,82,82,3988,-1.0,-1,-1,NULL,NULL,Variable,NULL
NULL,NULL,82,83,3989,-1.0,-1,-1,NULL,NULL,Variable,NULL
NULL,NULL,82,84,3990,-1.0,-1,-1,NULL,NULL,Variable,NULL
NULL,NULL,82,85,3991,-1.0,-1,-1,NULL,NULL,Variable,NULL
NULL,NULL,82,86,3992,-1.0,-1,-1,NULL,NULL,Variable,NULL
NULL,NULL,82,87,3994,-1.0,-1,-1,NULL,NULL,Variable,NULL
NULL,NULL,82,88,3995,-1.0,-1,-1,NULL,NULL,Variable,NULL
NULL,NULL,82,89,3996,-1.0,-1,-1,NULL,NULL,Variable,NULL
NULL,NULL,82,90,3998,-1.0,-1,-1,NULL,NULL,Variable,NULL
NULL,NULL,82,91,3999,-1.0,-1,-1,NULL,NULL,Variable,NULL
NULL,NULL,82,92,4000,-1.0,-1,-1,NULL,NULL,Variable,NULL
NULL,NULL,82,93,4001,-1.0,-1,-1,NULL,NULL,Variable,NULL
NULL,NULL,82,94,4003,-1.0,-1,-1,NULL,NULL,Variable,NULL
NULL,NULL,82,95,4006,-1.0,-1,-1,NULL,NULL,Variable,NULL
NULL,NULL,82,96,4011,-1.0,-1,-1,NULL,NULL,Variable,NULL
NULL,NULL,82,97,4012,-1.0,-1,-1,NULL,NULL,Variable,NULL
NULL,NULL,82,98,4013,-1.0,-1,-1,NULL,NULL,Variable,NULL
NULL,NULL,82,99,4014,-1.0,-1,-1,NULL,NULL,Variable,NULL
NULL,NULL,82,100,4015,-1.0,-1,-1,NULL,NULL,Variable,NULL
NULL,NULL,82,101,4016,-1.0,-1,-1,NULL,NULL,Variable,NULL
NULL,NULL,82,102,4017,-1.0,-1,-1,NULL,NULL,Variable,NULL
NULL,NULL,82,103,4018,-1.0,-1,-1,NULL,NULL,Variable,NULL
NULL,NULL,82,104,4019,-1.0,-1,-1,NULL,NULL,Variable,NULL
NULL,NULL,82,105,4020,-1.0,-1,-1,NULL,NULL,Variable,NULL
NULL,NULL,82,106,4021,-1.0,-1,-1,NULL,NULL,Variable,NULL
NULL,NULL,82,107,4022,-1.0,-1,-1,NULL,NULL,Variable,NULL
NULL,NULL,82,108,4023,-1.0,-1,-1,NULL,NULL,Variable,NULL
NULL,NULL,82,109,4024,-1.0,-1,-1,NULL,NULL,Variable,NULL
NULL,NULL,82,110,4025,-1.0,-1,-1,NULL,NULL,Variable,NULL
NULL,NULL,82,111,4026,-1.0,-1,-1,NULL,NULL,Variable,NULL
NULL,NULL,82,112,4027,-1.0,-1,-1,NULL,NULL,Variable,NULL
NULL,NULL,82,113,4028,-1.0,-1,-1,NULL,NULL,Variable,NULL
NULL,NULL,82,114,4029,-1.0,-1,-1,NULL,NULL,Variable,NULL
NULL,NULL,82,115,4031,-1.0,-1,-1,NULL,NULL,Variable,NULL
NULL,NULL,82,116,4032,-1.0,-1,-1,NULL,NULL,Variable,NULL
NULL,NULL,82,117,4033,-1.0,-1,-1,NULL,NULL,Variable,NULL
NULL,NULL,82,118,4035,-1.0,-1,-1,NULL,NULL,Variable,NULL
NULL,NULL,82,119,4036,-1.0,-1,-1,NULL,NULL,Variable,NULL
NULL,NULL,82,120,4037,-1.0,-1,-1,NULL,NULL,Variable,NULL
NULL,NULL,82,121,4038,-1.0,-1,-1,NULL,NULL,Variable,NULL
NULL,NULL,82,122,4040,-1.0,-1,-1,NULL,NULL,Variable,NULL
NULL,NULL,82,123,4043,-1.0,-1,-1,NULL,NULL,Variable,NULL
NULL,NULL,82,124,4047,-1.0,-1,-1,NULL,NULL,Variable,NULL
NULL,NULL,82,125,4048,-1.0,-1,-1,NULL,NULL,Variable,NULL
NULL,NULL,82,126,4049,-1.0,-1,-1,NULL,NULL,Variable,NULL
NULL,NULL,82,127,4050,-1.0,-1,-1,NULL,NULL,Variable,NULL
NULL,NULL,82,128,4051,-1.0,-1,-1,NULL,NULL,Variable,NULL
NULL,NULL,82,129,4052,-1.0,-1,-1,NULL,NULL,Variable,NULL
NULL,NULL,82,130,4053,-1.0,-1,-1,NULL,NULL,Variable,NULL
NULL,NULL,82,131,4054,-1.0,-1,-1,NULL,NULL,Variable,NULL
NULL,NULL,82,132,4055,-1.0,-1,-1,NULL,NULL,Variable,NULL
NULL,NULL,82,133,4056,-1.0,-1,-1,NULL,NULL,Variable,NULL
NULL,NULL,82,134,4057,-1.0,-1,-1,NULL,NULL,Variable,NULL
NULL,NULL,82,135,4058,-1.0,-1,-1,NULL,NULL,Variable,NULL
NULL,NULL,82,136,4059,-1.0,-1,-1,NULL,NULL,Variable,NULL
NULL,NULL,82,137,4060,-1.0,-1,-1,NULL,NULL,Variable,NULL
NULL,NULL,82,138,4061,-1.0,-1,-1,NULL,NULL,Variable,NULL
NULL,NULL,82,139,4062,-1.0,-1,-1,NULL,NULL,Variable,NULL
NULL,NULL,82,140,4063,-1.0,-1,-1,NULL,NULL,Variable,NULL
NULL,NULL,82,141,4141,-1.0,-1,-1,NULL,NULL,Variable,NULL
NULL,NULL,82,142,4142,-1.0,-1,-1,NULL,NULL,Variable,NULL
NULL,NULL,82,143,4143,-1.0,-1,-1,NULL,NULL,Variable,NULL
NULL,NULL,82,144,4144,-1.0,-1,-1,NULL,NULL,Variable,NULL
NULL,NULL,82,145,4145,-1.0,-1,-1,NULL,NULL,Variable,NULL
NULL,NULL,82,146,4146,-1.0,-1,-1,NULL,NULL,Variable,NULL
NULL,NULL,82,147,4147,-1.0,-1,-1,NULL,NULL,Variable,NULL
NULL,NULL,82,148,4148,-1.0,-1,-1,NULL,NULL,Variable,NULL
NULL,NULL,82,149,4149,-1.0,-1,-1,NULL,NULL,Variable,NULL
NULL,NULL,82,150,4150,-1.0,-1,-1,NULL,NULL,Variable,NULL
NULL,NULL,82,151,4151,-1.0,-1,-1,NULL,NULL,Variable,NULL
NULL,NULL,82,152,4152,-1.0,-1,-1,NULL,NULL,Variable,NULL
NULL,NULL,82,153,4153,-1.0,-1,-1,NULL,NULL,Variable,NULL
NULL,NULL,82,154,4154,-1.0,-1,-1,NULL,NULL,Variable,NULL
NULL,NULL,82,155,4155,-1.0,-1,-1,NULL,NULL,Variable,NULL
NULL,NULL,82,156,4156,-1.0,-1,-1,NULL,NULL,Variable,NULL
NULL,NULL,82,157,4157,-1.0,-1,-1,NULL,NULL,Variable,NULL
NULL,NULL,82,158,4160,-1.0,-1,-1,NULL,NULL,Variable,NULL
NULL,NULL,82,159,4161,-1.0,-1,-1,NULL,NULL,Variable,NULL
NULL,NULL,82,160,4162,-1.0,-1,-1,NULL,NULL,Variable,NULL
NULL,NULL,82,161,4163,-1.0,-1,-1,NULL,NULL,Variable,NULL
NULL,NULL,82,162,4164,-1.0,-1,-1,NULL,NULL,Variable,NULL
NULL,NULL,82,163,4165,-1.0,-1,-1,NULL,NULL,Variable,NULL
NULL,NULL,82,164,4166,-1.0,-1,-1,NULL,NULL,Variable,NULL
NULL,NULL,82,165,4167,-1.0,-1,-1,NULL,NULL,Variable,NULL
NULL,NULL,82,166,4168,-1.0,-1,-1,NULL,NULL,Variable,NULL
NULL,NULL,82,167,4169,-1.0,-1,-1,NULL,NULL,Variable,NULL
NULL,NULL,82,168,4170,-1.0,-1,-1,NULL,NULL,Variable,NULL
NULL,NULL,82,169,4171,-1.0,-1,-1,NULL,NULL,Variable,NULL
NULL,NULL,82,170,4172,-1.0,-1,-1,NULL,NULL,Variable,NULL
NULL,NULL,82,171,4173,-1.0,-1,-1,NULL,NULL,Variable,NULL
NULL,NULL,82,172,4174,-1.0,-1,-1,NULL,NULL,Variable,NULL
NULL,NULL,82,173,4175,-1.0,-1,-1,NULL,NULL,Variable,NULL
NULL,NULL,82,174,4176,-1.0,-1,-1,NULL,NULL,Variable,NULL
NULL,NULL,82,175,4177,-1.0,-1,-1,NULL,NULL,Variable,NULL
NULL,NULL,82,176,4178,-1.0,-1,-1,NULL,NULL,Variable,NULL
NULL,NULL,82,177,4180,-1.0,-1,-1,NULL,NULL,Variable,NULL
NULL,NULL,82,178,4181,-1.0,-1,-1,NULL,NULL,Variable,NULL
NULL,NULL,82,179,4182,-1.0,-1,-1,NULL,NULL,Variable,NULL
NULL,NULL,82,180,4184,-1.0,-1,-1,NULL,NULL,Variable,NULL
NULL,NULL,82,181,4185,-1.0,-1,-1,NULL,NULL,Variable,NULL
NULL,NULL,82,182,4186,-1.0,-1,-1,NULL,NULL,Variable,NULL
NULL,NULL,82,183,4188,-1.0,-1,-1,NULL,NULL,Variable,NULL
NULL,NULL,82,184,4191,-1.0,-1,-1,NULL,NULL,Variable,NULL
NULL,NULL,83,-1000,-1000,21.0,NULL,NULL,NULL,NULL,NULL,NULL
NULL,NULL,83,-999,-999,21.0,NULL,NULL,NULL,NULL,NULL,NULL
NULL,NULL,83,-998,-998,10.5,NULL,NULL,NULL,NULL,NULL,NULL
NULL,NULL,83,-997,-997,10.5,NULL,NULL,NULL,NULL,NULL,NULL
NULL,NULL,83,0,0,-1.0,-1,-1,NULL,NULL,NULL,NULL
NULL,NULL,83,1,4212,-1.0,-1,-1,NULL,NULL,Variable,NULL
NULL,NULL,83,2,4213,-1.0,-1,-1,NULL,NULL,Variable,NULL
NULL,NULL,83,3,4214,-1.0,-1,-1,NULL,NULL,Variable,NULL
NULL,NULL,83,4,4215,-1.0,-1,-1,NULL,NULL,Variable,NULL
NULL,NULL,83,5,4216,-1.0,-1,-1,NULL,NULL,Variable,NULL
NULL,NULL,83,6,4217,-1.0,-1,-1,NULL,NULL,Variable,NULL
NULL,NULL,83,7,4218,-1.0,-1,-1,NULL,NULL,Variable,NULL
NULL,NULL,83,8,4219,-1.0,-1,-1,NULL,NULL,Variable,NULL
NULL,NULL,83,9,4220,-1.0,-1,-1,NULL,NULL,Variable,NULL
NULL,NULL,83,10,4221,-1.0,-1,-1,NULL,NULL,Variable,NULL
NULL,NULL,83,11,4222,-1.0,-1,-1,NULL,NULL,Variable,NULL
NULL,NULL,83,12,4223,-1.0,-1,-1,NULL,NULL,Variable,NULL
NULL,NULL,83,13,4224,-1.0,-1,-1,NULL,NULL,Variable,NULL
NULL,NULL,83,14,4225,-1.0,-1,-1,NULL,NULL,Variable,NULL
NULL,NULL,83,15,4226,-1.0,-1,-1,NULL,NULL,Variable,NULL
NULL,NULL,83,16,4227,-1.0,-1,-1,NULL,NULL,Variable,NULL
NULL,NULL,83,17,4228,-1.0,-1,-1,NULL,NULL,Variable,NULL
NULL,NULL,83,18,4229,-1.0,-1,-1,NULL,NULL,Variable,NULL
NULL,NULL,83,19,4230,-1.0,-1,-1,NULL,NULL,Variable,NULL
NULL,NULL,83,20,4232,-1.0,-1,-1,NULL,NULL,Variable,NULL
NULL,NULL,83,21,4233,-1.0,-1,-1,NULL,NULL,Variable,NULL
NULL,NULL,83,22,4234,-1.0,-1,-1,NULL,NULL,Variable,NULL
NULL,NULL,83,23,4236,-1.0,-1,-1,NULL,NULL,Variable,NULL
NULL,NULL,83,24,4237,-1.0,-1,-1,NULL,NULL,Variable,NULL
NULL,NULL,83,25,4238,-1.0,-1,-1,NULL,NULL,Variable,NULL
NULL,NULL,83,26,4240,-1.0,-1,-1,NULL,NULL,Variable,NULL
NULL,NULL,83,27,4243,-1.0,-1,-1,NULL,NULL,Variable,NULL
NULL,NULL,83,28,4264,-1.0,-1,-1,NULL,NULL,Variable,NULL
NULL,NULL,83,29,4265,-1.0,-1,-1,NULL,NULL,Variable,NULL
NULL,NULL,83,30,4266,-1.0,-1,-1,NULL,NULL,Variable,NULL
NULL,NULL,83,31,4267,-1.0,-1,-1,NULL,NULL,Variable,NULL
NULL,NULL,83,32,4268,-1.0,-1,-1,NULL,NULL,Variable,NULL
NULL,NULL,83,33,4269,-1.0,-1,-1,NULL,NULL,Variable,NULL
NULL,NULL,83,34,4270,-1.0,-1,-1,NULL,NULL,Variable,NULL
NULL,NULL,83,35,4271,-1.0,-1,-1,NULL,NULL,Variable,NULL
NULL,NULL,83,36,4272,-1.0,-1,-1,NULL,NULL,Variable,NULL
NULL,NULL,83,37,4273,-1.0,-1,-1,NULL,NULL,Variable,NULL
NULL,NULL,83,38,4274,-1.0,-1,-1,NULL,NULL,Variable,NULL
NULL,NULL,83,39,4275,-1.0,-1,-1,NULL,NULL,Variable,NULL
NULL,NULL,83,40,4276,-1.0,-1,-1,NULL,NULL,Variable,NULL
NULL,NULL,83,41,4277,-1.0,-1,-1,NULL,NULL,Variable,NULL
NULL,NULL,83,42,4278,-1.0,-1,-1,NULL,NULL,Variable,NULL
NULL,NULL,83,43,4279,-1.0,-1,-1,NULL,NULL,Variable,NULL
NULL,NULL,83,44,4280,-1.0,-1,-1,NULL,NULL,Variable,NULL
NULL,NULL,83,45,4281,-1.0,-1,-1,NULL,NULL,Variable,NULL
NULL,NULL,83,46,4282,-1.0,-1,-1,NULL,NULL,Variable,NULL
NULL,NULL,83,47,4284,-1.0,-1,-1,NULL,NULL,Variable,NULL
NULL,NULL,83,48,4285,-1.0,-1,-1,NULL,NULL,Variable,NULL
NULL,NULL,83,49,4286,-1.0,-1,-1,NULL,NULL,Variable,NULL
NULL,NULL,83,50,4287,-1.0,-1,-1,NULL,NULL,Variable,NULL
NULL,NULL,83,51,4288,-1.0,-1,-1,NULL,NULL,Variable,NULL
NULL,NULL,83,52,4289,-1.0,-1,-1,NULL,NULL,Variable,NULL
NULL,NULL,83,53,4290,-1.0,-1,-1,NULL,NULL,Variable,NULL
NULL,NULL,83,54,4291,-1.0,-1,-1,NULL,NULL,Variable,NULL
NULL,NULL,83,55,4292,-1.0,-1,-1,NULL,NULL,Variable,NULL
NULL,NULL,83,56,4293,-1.0,-1,-1,NULL,NULL,Variable,NULL
NULL,NULL,83,57,4295,-1.0,-1,-1,NULL,NULL,Variable,NULL
NULL,NULL,83,58,4296,-1.0,-1,-1,NULL,NULL,Variable,NULL
NULL,NULL,83,59,4298,-1.0,-1,-1,NULL,NULL,Variable,NULL
NULL,NULL,83,60,4301,-1.0,-1,-1,NULL,NULL,Variable,NULL
NULL,NULL,83,61,4317,-1.0,-1,-1,NULL,NULL,Variable,NULL
NULL,NULL,83,62,4318,-1.0,-1,-1,NULL,NULL,Variable,NULL
NULL,NULL,83,63,4319,-1.0,-1,-1,NULL,NULL,Variable,NULL
NULL,NULL,83,64,4320,-1.0,-1,-1,NULL,NULL,Variable,NULL
NULL,NULL,83,65,4321,-1.0,-1,-1,NULL,NULL,Variable,NULL
NULL,NULL,83,66,4322,-1.0,-1,-1,NULL,NULL,Variable,NULL
NULL,NULL,83,67,4323,-1.0,-1,-1,NULL,NULL,Variable,NULL
NULL,NULL,83,68,4324,-1.0,-1,-1,NULL,NULL,Variable,NULL
NULL,NULL,83,69,4325,-1.0,-1,-1,NULL,NULL,Variable,NULL
NULL,NULL,83,70,4326,-1.0,-1,-1,NULL,NULL,Variable,NULL
NULL,NULL,83,71,4327,-1.0,-1,-1,NULL,NULL,Variable,NULL
NULL,NULL,83,72,4328,-1.0,-1,-1,NULL,NULL,Variable,NULL
NULL,NULL,83,73,4329,-1.0,-1,-1,NULL,NULL,Variable,NULL
NULL,NULL,83,74,4330,-1.0,-1,-1,NULL,NULL,Variable,NULL
NULL,NULL,83,75,4331,-1.0,-1,-1,NULL,NULL,Variable,NULL
NULL,NULL,83,76,4332,-1.0,-1,-1,NULL,NULL,Variable,NULL
NULL,NULL,83,77,4333,-1.0,-1,-1,NULL,NULL,Variable,NULL
NULL,NULL,83,78,4334,-1.0,-1,-1,NULL,NULL,Variable,NULL
NULL,NULL,83,79,4335,-1.0,-1,-1,NULL,NULL,Variable,NULL
NULL,NULL,83,80,4337,-1.0,-1,-1,NULL,NULL,Variable,NULL
NULL,NULL,83,81,4338,-1.0,-1,-1,NULL,NULL,Variable,NULL
NULL,NULL,83,82,4339,-1.0,-1,-1,NULL,NULL,Variable,NULL
NULL,NULL,83,83,4341,-1.0,-1,-1,NULL,NULL,Variable,NULL
NULL,NULL,83,84,4342,-1.0,-1,-1,NULL,NULL,Variable,NULL
NULL,NULL,83,85,4343,-1.0,-1,-1,NULL,NULL,Variable,NULL
NULL,NULL,83,86,4345,-1.0,-1,-1,NULL,NULL,Variable,NULL
NULL,NULL,83,87,4348,-1.0,-1,-1,NULL,NULL,Variable,NULL
NULL,NULL,83,88,4369,-1.0,-1,-1,NULL,NULL,Variable,NULL
NULL,NULL,83,89,4370,-1.0,-1,-1,NULL,NULL,Variable,NULL
NULL,NULL,83,90,4371,-1.0,-1,-1,NULL,NULL,Variable,NULL
NULL,NULL,83,91,4372,-1.0,-1,-1,NULL,NULL,Variable,NULL
NULL,NULL,83,92,4373,-1.0,-1,-1,NULL,NULL,Variable,NULL
NULL,NULL,83,93,4374,-1.0,-1,-1,NULL,NULL,Variable,NULL
NULL,NULL,83,94,4375,-1.0,-1,-1,NULL,NULL,Variable,NULL
NULL,NULL,83,95,4376,-1.0,-1,-1,NULL,NULL,Variable,NULL
NULL,NULL,83,96,4377,-1.0,-1,-1,NULL,NULL,Variable,NULL
NULL,NULL,83,97,4378,-1.0,-1,-1,NULL,NULL,Variable,NULL
NULL,NULL,83,98,4379,-1.0,-1,-1,NULL,NULL,Variable,NULL
NULL,NULL,83,99,4380,-1.0,-1,-1,NULL,NULL,Variable,NULL
NULL,NULL,83,100,4381,-1.0,-1,-1,NULL,NULL,Variable,NULL
NULL,NULL,83,101,4382,-1.0,-1,-1,NULL,NULL,Variable,NULL
NULL,NULL,83,102,4383,-1.0,-1,-1,NULL,NULL,Variable,NULL
NULL,NULL,83,103,4384,-1.0,-1,-1,NULL,NULL,Variable,NULL
NULL,NULL,83,104,4385,-1.0,-1,-1,NULL,NULL,Variable,NULL
NULL,NULL,83,105,4386,-1.0,-1,-1,NULL,NULL,Variable,NULL
NULL,NULL,83,106,4387,-1.0,-1,-1,NULL,NULL,Variable,NULL
NULL,NULL,83,107,4389,-1.0,-1,-1,NULL,NULL,Variable,NULL
NULL,NULL,83,108,4390,-1.0,-1,-1,NULL,NULL,Variable,NULL
NULL,NULL,83,109,4391,-1.0,-1,-1,NULL,NULL,Variable,NULL
NULL,NULL,83,110,4392,-1.0,-1,-1,NULL,NULL,Variable,NULL
NULL,NULL,83,111,4393,-1.0,-1,-1,NULL,NULL,Variable,NULL
NULL,NULL,83,112,4394,-1.0,-1,-1,NULL,NULL,Variable,NULL
NULL,NULL,83,113,4395,-1.0,-1,-1,NULL,NULL,Variable,NULL
NULL,NULL,83,114,4396,-1.0,-1,-1,NULL,NULL,Variable,NULL
NULL,NULL,83,115,4397,-1.0,-1,-1,NULL,NULL,Variable,NULL
NULL,NULL,83,116,4398,-1.0,-1,-1,NULL,NULL,Variable,NULL
NULL,NULL,83,117,4400,-1.0,-1,-1,NULL,NULL,Variable,NULL
NULL,NULL,83,118,4401,-1.0,-1,-1,NULL,NULL,Variable,NULL
NULL,NULL,83,119,4403,-1.0,-1,-1,NULL,NULL,Variable,NULL
NULL,NULL,83,120,4406,-1.0,-1,-1,NULL,NULL,Variable,NULL
NULL,NULL,83,121,4422,-1.0,-1,-1,NULL,NULL,Variable,NULL
NULL,NULL,83,122,4423,-1.0,-1,-1,NULL,NULL,Variable,NULL
NULL,NULL,83,123,4424,-1.0,-1,-1,NULL,NULL,Variable,NULL
NULL,NULL,83,124,4425,-1.0,-1,-1,NULL,NULL,Variable,NULL
NULL,NULL,83,125,4426,-1.0,-1,-1,NULL,NULL,Variable,NULL
NULL,NULL,83,126,4427,-1.0,-1,-1,NULL,NULL,Variable,NULL
NULL,NULL,83,127,4428,-1.0,-1,-1,NULL,NULL,Variable,NULL
NULL,NULL,83,128,4429,-1.0,-1,-1,NULL,NULL,Variable,NULL
NULL,NULL,83,129,4430,-1.0,-1,-1,NULL,NULL,Variable,NULL
NULL,NULL,83,130,4431,-1.0,-1,-1,NULL,NULL,Variable,NULL
NULL,NULL,83,131,4432,-1.0,-1,-1,NULL,NULL,Variable,NULL
NULL,NULL,83,132,4433,-1.0,-1,-1,NULL,NULL,Variable,NULL
NULL,NULL,83,133,4434,-1.0,-1,-1,NULL,NULL,Variable,NULL
NULL,NULL,83,134,4435,-1.0,-1,-1,NULL,NULL,Variable,NULL
NULL,NULL,83,135,4436,-1.0,-1,-1,NULL,NULL,Variable,NULL
NULL,NULL,83,136,4437,-1.0,-1,-1,NULL,NULL,Variable,NULL
NULL,NULL,83,137,4438,-1.0,-1,-1,NULL,NULL,Variable,NULL
NULL,NULL,83,138,4439,-1.0,-1,-1,NULL,NULL,Variable,NULL
NULL,NULL,83,139,4440,-1.0,-1,-1,NULL,NULL,Variable,NULL
NULL,NULL,83,140,4442,-1.0,-1,-1,NULL,NULL,Variable,NULL
NULL,NULL,83,141,4443,-1.0,-1,-1,NULL,NULL,Variable,NULL
NULL,NULL,83,142,4444,-1.0,-1,-1,NULL,NULL,Variable,NULL
NULL,NULL,83,143,4445,-1.0,-1,-1,NULL,NULL,Variable,NULL
NULL,NULL,83,144,4446,-1.0,-1,-1,NULL,NULL,Variable,NULL
NULL,NULL,83,145,4447,-1.0,-1,-1,NULL,NULL,Variable,NULL
NULL,NULL,83,146,4448,-1.0,-1,-1,NULL,NULL,Variable,NULL
NULL,NULL,83,147,4449,-1.0,-1,-1,NULL,NULL,Variable,NULL
NULL,NULL,83,148,4450,-1.0,-1,-1,NULL,NULL,Variable,NULL
NULL,NULL,83,149,4451,-1.0,-1,-1,NULL,NULL,Variable,NULL
NULL,NULL,83,150,4453,-1.0,-1,-1,NULL,NULL,Variable,NULL
NULL,NULL,83,151,4454,-1.0,-1,-1,NULL,NULL,Variable,NULL
NULL,NULL,83,152,4456,-1.0,-1,-1,NULL,NULL,Variable,NULL
NULL,NULL,83,153,4459,-1.0,-1,-1,NULL,NULL,Variable,NULL
NULL,NULL,83,154,4066,-1.0,-1,-1,NULL,NULL,Variable,NULL
NULL,NULL,84,-1000,-1000,21.0,NULL,NULL,NULL,NULL,NULL,NULL
NULL,NULL,84,-999,-999,21.0,NULL,NULL,NULL,NULL,NULL,NULL
NULL,NULL,84,-998,-998,10.5,NULL,NULL,NULL,NULL,NULL,NULL
NULL,NULL,84,-997,-997,10.5,NULL,NULL,NULL,NULL,NULL,NULL
NULL,NULL,84,0,0,-1.0,-1,-1,NULL,NULL,NULL,NULL
NULL,NULL,84,1,4067,-1.0,-1,-1,NULL,NULL,Variable,NULL
NULL,NULL,84,2,4068,-1.0,-1,-1,NULL,NULL,Variable,NULL
NULL,NULL,84,3,4069,-1.0,-1,-1,NULL,NULL,Variable,NULL
NULL,NULL,84,4,4070,-1.0,-1,-1,NULL,NULL,Variable,NULL
NULL,NULL,84,5,4071,-1.0,-1,-1,NULL,NULL,Variable,NULL
NULL,NULL,84,6,4072,-1.0,-1,-1,NULL,NULL,Variable,NULL
NULL,NULL,84,7,4073,-1.0,-1,-1,NULL,NULL,Variable,NULL
NULL,NULL,84,8,4074,-1.0,-1,-1,NULL,NULL,Variable,NULL
NULL,NULL,84,9,4075,-1.0,-1,-1,NULL,NULL,Variable,NULL
NULL,NULL,84,10,4076,-1.0,-1,-1,NULL,NULL,Variable,NULL
NULL,NULL,84,11,4077,-1.0,-1,-1,NULL,NULL,Variable,NULL
NULL,NULL,84,12,4078,-1.0,-1,-1,NULL,NULL,Variable,NULL
NULL,NULL,84,13,4079,-1.0,-1,-1,NULL,NULL,Variable,NULL
NULL,NULL,84,14,4080,-1.0,-1,-1,NULL,NULL,Variable,NULL
NULL,NULL,84,15,4081,-1.0,-1,-1,NULL,NULL,Variable,NULL
NULL,NULL,84,16,4082,-1.0,-1,-1,NULL,NULL,Variable,NULL
NULL,NULL,84,17,4088,-1.0,-1,-1,NULL,NULL,Variable,NULL
NULL,NULL,84,18,4089,-1.0,-1,-1,NULL,NULL,Variable,NULL
NULL,NULL,84,19,4090,-1.0,-1,-1,NULL,NULL,Variable,NULL
NULL,NULL,84,20,4091,-1.0,-1,-1,NULL,NULL,Variable,NULL
NULL,NULL,84,21,4092,-1.0,-1,-1,NULL,NULL,Variable,NULL
NULL,NULL,84,22,4093,-1.0,-1,-1,NULL,NULL,Variable,NULL
NULL,NULL,84,23,4094,-1.0,-1,-1,NULL,NULL,Variable,NULL
NULL,NULL,84,24,4095,-1.0,-1,-1,NULL,NULL,Variable,NULL
NULL,NULL,84,25,4096,-1.0,-1,-1,NULL,NULL,Variable,NULL
NULL,NULL,84,26,4097,-1.0,-1,-1,NULL,NULL,Variable,NULL
NULL,NULL,84,27,4098,-1.0,-1,-1,NULL,NULL,Variable,NULL
NULL,NULL,84,28,4099,-1.0,-1,-1,NULL,NULL,Variable,NULL
NULL,NULL,84,29,4100,-1.0,-1,-1,NULL,NULL,Variable,NULL
NULL,NULL,84,30,4101,-1.0,-1,-1,NULL,NULL,Variable,NULL
NULL,NULL,84,31,4102,-1.0,-1,-1,NULL,NULL,Variable,NULL
NULL,NULL,84,32,4103,-1.0,-1,-1,NULL,NULL,Variable,NULL
NULL,NULL,84,33,4104,-1.0,-1,-1,NULL,NULL,Variable,NULL
NULL,NULL,84,34,4105,-1.0,-1,-1,NULL,NULL,Variable,NULL
NULL,NULL,84,35,4106,-1.0,-1,-1,NULL,NULL,Variable,NULL
NULL,NULL,84,36,4108,-1.0,-1,-1,NULL,NULL,Variable,NULL
NULL,NULL,84,37,4109,-1.0,-1,-1,NULL,NULL,Variable,NULL
NULL,NULL,84,38,4110,-1.0,-1,-1,NULL,NULL,Variable,NULL
NULL,NULL,84,39,4111,-1.0,-1,-1,NULL,NULL,Variable,NULL
NULL,NULL,84,40,4112,-1.0,-1,-1,NULL,NULL,Variable,NULL
NULL,NULL,84,41,4113,-1.0,-1,-1,NULL,NULL,Variable,NULL
NULL,NULL,84,42,4114,-1.0,-1,-1,NULL,NULL,Variable,NULL
NULL,NULL,84,43,4115,-1.0,-1,-1,NULL,NULL,Variable,NULL
NULL,NULL,84,44,4116,-1.0,-1,-1,NULL,NULL,Variable,NULL
NULL,NULL,84,45,4117,-1.0,-1,-1,NULL,NULL,Variable,NULL
NULL,NULL,84,46,4119,-1.0,-1,-1,NULL,NULL,Variable,NULL
NULL,NULL,84,47,4120,-1.0,-1,-1,NULL,NULL,Variable,NULL
NULL,NULL,84,48,4122,-1.0,-1,-1,NULL,NULL,Variable,NULL
NULL,NULL,84,49,4125,-1.0,-1,-1,NULL,NULL,Variable,NULL
NULL,NULL,64,41,216,14.5,NULL,NULL,NULL,NULL,Variable,NULL
NULL,NULL,64,42,217,14.75,NULL,NULL,NULL,NULL,Variable,NULL
NULL,NULL,64,43,218,17.625,NULL,NULL,NULL,NULL,Variable,NULL
NULL,NULL,64,44,-9999,4.0,16777215,0,NULL,NULL,"",NULL
NULL,NULL,64,45,156,11.0,NULL,NULL,NULL,NULL,Variable,NULL
NULL,NULL,64,46,142,11.0,NULL,NULL,NULL,NULL,Variable,NULL
NULL,NULL,64,47,186,11.0,NULL,NULL,NULL,NULL,Variable,NULL
NULL,NULL,64,48,-9999,4.0,16777215,0,NULL,NULL,"",NULL
NULL,NULL,64,49,143,11.0,NULL,NULL,NULL,NULL,Variable,NULL
NULL,NULL,64,50,144,11.0,NULL,NULL,NULL,NULL,Variable,NULL
NULL,NULL,64,51,184,11.0,NULL,NULL,NULL,NULL,Variable,NULL
NULL,NULL,85,-997,-997,10.5,NULL,NULL,NULL,NULL,NULL,NULL
NULL,NULL,85,0,0,-1.0,-1,-1,NULL,NULL,NULL,NULL
NULL,NULL,85,1,1182,-1.0,-1,-1,NULL,NULL,Variable,NULL
NULL,NULL,85,2,1183,-1.0,-1,-1,NULL,NULL,Variable,NULL
NULL,NULL,85,3,1184,-1.0,-1,-1,NULL,NULL,Variable,NULL
NULL,NULL,85,4,1185,-1.0,-1,-1,NULL,NULL,Variable,NULL
NULL,NULL,85,5,1186,-1.0,-1,-1,NULL,NULL,Variable,NULL
NULL,NULL,85,6,1187,-1.0,-1,-1,NULL,NULL,Variable,NULL
NULL,NULL,85,7,1188,-1.0,-1,-1,NULL,NULL,Variable,NULL
NULL,NULL,85,8,1189,-1.0,-1,-1,NULL,NULL,Variable,NULL
NULL,NULL,85,9,1190,-1.0,-1,-1,NULL,NULL,Variable,NULL
NULL,NULL,85,10,1191,-1.0,-1,-1,NULL,NULL,Variable,NULL
NULL,NULL,85,11,1192,-1.0,-1,-1,NULL,NULL,Variable,NULL
NULL,NULL,85,12,1193,-1.0,-1,-1,NULL,NULL,Variable,NULL
NULL,NULL,85,13,1194,-1.0,-1,-1,NULL,NULL,Variable,NULL
NULL,NULL,85,14,1195,-1.0,-1,-1,NULL,NULL,Variable,NULL
NULL,NULL,85,15,1196,-1.0,-1,-1,NULL,NULL,Variable,NULL
NULL,NULL,85,16,1197,-1.0,-1,-1,NULL,NULL,Variable,NULL
NULL,NULL,85,17,1198,-1.0,-1,-1,NULL,NULL,Variable,NULL
NULL,NULL,85,18,1199,-1.0,-1,-1,NULL,NULL,Variable,NULL
NULL,NULL,85,19,1200,-1.0,-1,-1,NULL,NULL,Variable,NULL
NULL,NULL,85,20,1202,-1.0,-1,-1,NULL,NULL,Variable,NULL
NULL,NULL,85,21,1203,-1.0,-1,-1,NULL,NULL,Variable,NULL
NULL,NULL,85,22,1204,-1.0,-1,-1,NULL,NULL,Variable,NULL
NULL,NULL,85,23,1205,-1.0,-1,-1,NULL,NULL,Variable,NULL
NULL,NULL,85,24,1206,-1.0,-1,-1,NULL,NULL,Variable,NULL
NULL,NULL,85,25,1207,-1.0,-1,-1,NULL,NULL,Variable,NULL
NULL,NULL,85,26,1208,-1.0,-1,-1,NULL,NULL,Variable,NULL
NULL,NULL,85,27,1209,-1.0,-1,-1,NULL,NULL,Variable,NULL
NULL,NULL,85,28,1210,-1.0,-1,-1,NULL,NULL,Variable,NULL
NULL,NULL,85,29,1211,-1.0,-1,-1,NULL,NULL,Variable,NULL
NULL,NULL,85,30,1213,-1.0,-1,-1,NULL,NULL,Variable,NULL
NULL,NULL,85,31,1214,-1.0,-1,-1,NULL,NULL,Variable,NULL
NULL,NULL,85,32,1216,-1.0,-1,-1,NULL,NULL,Variable,NULL
NULL,NULL,85,33,1219,-1.0,-1,-1,NULL,NULL,Variable,NULL
NULL,NULL,86,-1000,-1000,21.0,NULL,NULL,NULL,NULL,NULL,NULL
NULL,NULL,86,-999,-999,21.0,NULL,NULL,NULL,NULL,NULL,NULL
NULL,NULL,86,-998,-998,10.5,NULL,NULL,NULL,NULL,NULL,NULL
NULL,NULL,86,-997,-997,10.5,NULL,NULL,NULL,NULL,NULL,NULL
NULL,NULL,86,0,0,-1.0,-1,-1,NULL,NULL,NULL,NULL
NULL,NULL,86,1,1233,-1.0,-1,-1,NULL,NULL,Variable,NULL
NULL,NULL,86,2,1234,-1.0,-1,-1,NULL,NULL,Variable,NULL
NULL,NULL,86,3,1235,-1.0,-1,-1,NULL,NULL,Variable,NULL
NULL,NULL,86,4,1236,-1.0,-1,-1,NULL,NULL,Variable,NULL
NULL,NULL,86,5,1237,-1.0,-1,-1,NULL,NULL,Variable,NULL
NULL,NULL,86,6,1238,-1.0,-1,-1,NULL,NULL,Variable,NULL
NULL,NULL,86,7,1239,-1.0,-1,-1,NULL,NULL,Variable,NULL
NULL,NULL,86,8,1240,-1.0,-1,-1,NULL,NULL,Variable,NULL
NULL,NULL,86,9,1241,-1.0,-1,-1,NULL,NULL,Variable,NULL
NULL,NULL,86,10,1242,-1.0,-1,-1,NULL,NULL,Variable,NULL
NULL,NULL,116,0,0,-1.0,-1,-1,NULL,NULL,NULL,NULL
NULL,NULL,116,1,2979,-1.0,-1,-1,NULL,NULL,Variable,NULL
NULL,NULL,116,2,2980,-1.0,-1,-1,NULL,NULL,Variable,NULL
NULL,NULL,116,3,2981,-1.0,-1,-1,NULL,NULL,Variable,NULL
NULL,NULL,116,4,2982,-1.0,-1,-1,NULL,NULL,Variable,NULL
NULL,NULL,116,5,2983,-1.0,-1,-1,NULL,NULL,Variable,NULL
NULL,NULL,116,6,2984,-1.0,-1,-1,NULL,NULL,Variable,NULL
NULL,NULL,116,7,2985,-1.0,-1,-1,NULL,NULL,Variable,NULL
NULL,NULL,116,8,2986,-1.0,-1,-1,NULL,NULL,Variable,NULL
NULL,NULL,116,9,2987,-1.0,-1,-1,NULL,NULL,Variable,NULL
NULL,NULL,116,10,2988,-1.0,-1,-1,NULL,NULL,Variable,NULL
NULL,NULL,116,11,2989,-1.0,-1,-1,NULL,NULL,Variable,NULL
NULL,NULL,116,12,2990,-1.0,-1,-1,NULL,NULL,Variable,NULL
NULL,NULL,116,13,2991,-1.0,-1,-1,NULL,NULL,Variable,NULL
NULL,NULL,116,14,2992,-1.0,-1,-1,NULL,NULL,Variable,NULL
NULL,NULL,116,15,2993,-1.0,-1,-1,NULL,NULL,Variable,NULL
NULL,NULL,116,16,2994,-1.0,-1,-1,NULL,NULL,Variable,NULL
NULL,NULL,116,17,2995,-1.0,-1,-1,NULL,NULL,Variable,NULL
NULL,NULL,116,18,2996,-1.0,-1,-1,NULL,NULL,Variable,NULL
NULL,NULL,116,19,2997,-1.0,-1,-1,NULL,NULL,Variable,NULL
NULL,NULL,116,20,2999,-1.0,-1,-1,NULL,NULL,Variable,NULL
NULL,NULL,116,21,3000,-1.0,-1,-1,NULL,NULL,Variable,NULL
NULL,NULL,116,22,3001,-1.0,-1,-1,NULL,NULL,Variable,NULL
NULL,NULL,116,23,3002,-1.0,-1,-1,NULL,NULL,Variable,NULL
NULL,NULL,116,24,3003,-1.0,-1,-1,NULL,NULL,Variable,NULL
NULL,NULL,116,25,3004,-1.0,-1,-1,NULL,NULL,Variable,NULL
NULL,NULL,116,26,3005,-1.0,-1,-1,NULL,NULL,Variable,NULL
NULL,NULL,116,27,3006,-1.0,-1,-1,NULL,NULL,Variable,NULL
NULL,NULL,116,28,3007,-1.0,-1,-1,NULL,NULL,Variable,NULL
NULL,NULL,116,29,3008,-1.0,-1,-1,NULL,NULL,Variable,NULL
NULL,NULL,116,30,3010,-1.0,-1,-1,NULL,NULL,Variable,NULL
NULL,NULL,116,31,3011,-1.0,-1,-1,NULL,NULL,Variable,NULL
NULL,NULL,116,32,3013,-1.0,-1,-1,NULL,NULL,Variable,NULL
NULL,NULL,116,33,3016,-1.0,-1,-1,NULL,NULL,Variable,NULL
NULL,NULL,117,-1000,-1000,21.0,NULL,NULL,NULL,NULL,NULL,NULL
NULL,NULL,117,-999,-999,21.0,NULL,NULL,NULL,NULL,NULL,NULL
NULL,NULL,117,-998,-998,10.5,NULL,NULL,NULL,NULL,NULL,NULL
NULL,NULL,117,-997,-997,10.5,NULL,NULL,NULL,NULL,NULL,NULL
NULL,NULL,117,0,0,-1.0,-1,-1,NULL,NULL,NULL,NULL
NULL,NULL,117,1,3019,-1.0,-1,-1,NULL,NULL,Variable,NULL
NULL,NULL,117,2,3020,-1.0,-1,-1,NULL,NULL,Variable,NULL
NULL,NULL,117,3,3021,-1.0,-1,-1,NULL,NULL,Variable,NULL
NULL,NULL,117,4,3022,-1.0,-1,-1,NULL,NULL,Variable,NULL
NULL,NULL,117,5,3023,-1.0,-1,-1,NULL,NULL,Variable,NULL
NULL,NULL,117,6,3024,-1.0,-1,-1,NULL,NULL,Variable,NULL
NULL,NULL,117,7,3025,-1.0,-1,-1,NULL,NULL,Variable,NULL
NULL,NULL,117,8,3026,-1.0,-1,-1,NULL,NULL,Variable,NULL
NULL,NULL,117,9,3027,-1.0,-1,-1,NULL,NULL,Variable,NULL
NULL,NULL,117,10,3028,-1.0,-1,-1,NULL,NULL,Variable,NULL
NULL,NULL,117,11,3029,-1.0,-1,-1,NULL,NULL,Variable,NULL
NULL,NULL,117,12,3030,-1.0,-1,-1,NULL,NULL,Variable,NULL
NULL,NULL,117,13,3031,-1.0,-1,-1,NULL,NULL,Variable,NULL
NULL,NULL,117,14,3032,-1.0,-1,-1,NULL,NULL,Variable,NULL
NULL,NULL,117,15,3033,-1.0,-1,-1,NULL,NULL,Variable,NULL
NULL,NULL,117,16,3034,-1.0,-1,-1,NULL,NULL,Variable,NULL
NULL,NULL,117,17,3035,-1.0,-1,-1,NULL,NULL,Variable,NULL
NULL,NULL,117,18,3036,-1.0,-1,-1,NULL,NULL,Variable,NULL
NULL,NULL,117,19,3037,-1.0,-1,-1,NULL,NULL,Variable,NULL
NULL,NULL,117,20,3038,-1.0,-1,-1,NULL,NULL,Variable,NULL
NULL,NULL,117,21,3039,-1.0,-1,-1,NULL,NULL,Variable,NULL
NULL,NULL,117,22,3040,-1.0,-1,-1,NULL,NULL,Variable,NULL
NULL,NULL,117,23,3041,-1.0,-1,-1,NULL,NULL,Variable,NULL
NULL,NULL,117,24,3042,-1.0,-1,-1,NULL,NULL,Variable,NULL
NULL,NULL,117,25,3043,-1.0,-1,-1,NULL,NULL,Variable,NULL
NULL,NULL,117,26,3044,-1.0,-1,-1,NULL,NULL,Variable,NULL
NULL,NULL,117,27,3045,-1.0,-1,-1,NULL,NULL,Variable,NULL
NULL,NULL,117,28,3046,-1.0,-1,-1,NULL,NULL,Variable,NULL
NULL,NULL,117,29,3047,-1.0,-1,-1,NULL,NULL,Variable,NULL
NULL,NULL,117,30,3048,-1.0,-1,-1,NULL,NULL,Variable,NULL
NULL,NULL,117,31,3050,-1.0,-1,-1,NULL,NULL,Variable,NULL
NULL,NULL,117,32,3052,-1.0,-1,-1,NULL,NULL,Variable,NULL
NULL,NULL,118,-1000,-1000,21.0,NULL,NULL,NULL,NULL,NULL,NULL
NULL,NULL,118,-999,-999,21.0,NULL,NULL,NULL,NULL,NULL,NULL
NULL,NULL,118,-998,-998,10.5,NULL,NULL,NULL,NULL,NULL,NULL
NULL,NULL,118,-997,-997,10.5,NULL,NULL,NULL,NULL,NULL,NULL
NULL,NULL,118,0,0,-1.0,-1,-1,NULL,NULL,NULL,NULL
NULL,NULL,118,1,3075,-1.0,-1,-1,NULL,NULL,Variable,NULL
NULL,NULL,118,2,3076,-1.0,-1,-1,NULL,NULL,Variable,NULL
NULL,NULL,118,3,3077,-1.0,-1,-1,NULL,NULL,Variable,NULL
NULL,NULL,118,4,3078,-1.0,-1,-1,NULL,NULL,Variable,NULL
NULL,NULL,118,5,3079,-1.0,-1,-1,NULL,NULL,Variable,NULL
NULL,NULL,118,6,3080,-1.0,-1,-1,NULL,NULL,Variable,NULL
NULL,NULL,118,7,3081,-1.0,-1,-1,NULL,NULL,Variable,NULL
NULL,NULL,118,8,3082,-1.0,-1,-1,NULL,NULL,Variable,NULL
NULL,NULL,118,9,3083,-1.0,-1,-1,NULL,NULL,Variable,NULL
NULL,NULL,118,10,3084,-1.0,-1,-1,NULL,NULL,Variable,NULL
NULL,NULL,118,11,3085,-1.0,-1,-1,NULL,NULL,Variable,NULL
NULL,NULL,118,12,3086,-1.0,-1,-1,NULL,NULL,Variable,NULL
NULL,NULL,118,13,3087,-1.0,-1,-1,NULL,NULL,Variable,NULL
NULL,NULL,118,14,3088,-1.0,-1,-1,NULL,NULL,Variable,NULL
NULL,NULL,118,15,3089,-1.0,-1,-1,NULL,NULL,Variable,NULL
NULL,NULL,118,16,3090,-1.0,-1,-1,NULL,NULL,Variable,NULL
NULL,NULL,118,17,3091,-1.0,-1,-1,NULL,NULL,Variable,NULL
NULL,NULL,118,18,3092,-1.0,-1,-1,NULL,NULL,Variable,NULL
NULL,NULL,118,19,3093,-1.0,-1,-1,NULL,NULL,Variable,NULL
NULL,NULL,118,20,3094,-1.0,-1,-1,NULL,NULL,Variable,NULL
NULL,NULL,118,21,3095,-1.0,-1,-1,NULL,NULL,Variable,NULL
NULL,NULL,118,22,3096,-1.0,-1,-1,NULL,NULL,Variable,NULL
NULL,NULL,118,23,3097,-1.0,-1,-1,NULL,NULL,Variable,NULL
NULL,NULL,118,24,3098,-1.0,-1,-1,NULL,NULL,Variable,NULL
NULL,NULL,118,25,3099,-1.0,-1,-1,NULL,NULL,Variable,NULL
NULL,NULL,118,26,3100,-1.0,-1,-1,NULL,NULL,Variable,NULL
NULL,NULL,118,27,3101,-1.0,-1,-1,NULL,NULL,Variable,NULL
NULL,NULL,118,28,3102,-1.0,-1,-1,NULL,NULL,Variable,NULL
NULL,NULL,118,29,3103,-1.0,-1,-1,NULL,NULL,Variable,NULL
NULL,NULL,118,30,3104,-1.0,-1,-1,NULL,NULL,Variable,NULL
NULL,NULL,118,31,3106,-1.0,-1,-1,NULL,NULL,Variable,NULL
NULL,NULL,118,32,3108,-1.0,-1,-1,NULL,NULL,Variable,NULL
NULL,NULL,119,-1000,-1000,21.0,NULL,NULL,NULL,NULL,NULL,NULL
NULL,NULL,119,-999,-999,21.0,NULL,NULL,NULL,NULL,NULL,NULL
NULL,NULL,119,-998,-998,10.5,NULL,NULL,NULL,NULL,NULL,NULL
NULL,NULL,119,-997,-997,10.5,NULL,NULL,NULL,NULL,NULL,NULL
NULL,NULL,119,0,0,-1.0,-1,-1,NULL,NULL,NULL,NULL
NULL,NULL,119,1,3131,-1.0,-1,-1,NULL,NULL,Variable,NULL
NULL,NULL,119,2,3132,-1.0,-1,-1,NULL,NULL,Variable,NULL
NULL,NULL,119,3,3133,-1.0,-1,-1,NULL,NULL,Variable,NULL
NULL,NULL,119,4,3134,-1.0,-1,-1,NULL,NULL,Variable,NULL
NULL,NULL,119,5,3135,-1.0,-1,-1,NULL,NULL,Variable,NULL
NULL,NULL,119,6,3136,-1.0,-1,-1,NULL,NULL,Variable,NULL
NULL,NULL,119,7,3137,-1.0,-1,-1,NULL,NULL,Variable,NULL
NULL,NULL,119,8,3138,-1.0,-1,-1,NULL,NULL,Variable,NULL
NULL,NULL,119,9,3139,-1.0,-1,-1,NULL,NULL,Variable,NULL
NULL,NULL,119,10,3140,-1.0,-1,-1,NULL,NULL,Variable,NULL
NULL,NULL,119,11,3141,-1.0,-1,-1,NULL,NULL,Variable,NULL
NULL,NULL,119,12,3142,-1.0,-1,-1,NULL,NULL,Variable,NULL
NULL,NULL,119,13,3143,-1.0,-1,-1,NULL,NULL,Variable,NULL
NULL,NULL,119,14,3144,-1.0,-1,-1,NULL,NULL,Variable,NULL
NULL,NULL,119,15,3145,-1.0,-1,-1,NULL,NULL,Variable,NULL
NULL,NULL,119,16,3146,-1.0,-1,-1,NULL,NULL,Variable,NULL
NULL,NULL,119,17,3147,-1.0,-1,-1,NULL,NULL,Variable,NULL
NULL,NULL,119,18,3148,-1.0,-1,-1,NULL,NULL,Variable,NULL
NULL,NULL,119,19,3149,-1.0,-1,-1,NULL,NULL,Variable,NULL
NULL,NULL,119,20,3151,-1.0,-1,-1,NULL,NULL,Variable,NULL
NULL,NULL,119,21,3152,-1.0,-1,-1,NULL,NULL,Variable,NULL
NULL,NULL,119,22,3153,-1.0,-1,-1,NULL,NULL,Variable,NULL
NULL,NULL,119,23,3155,-1.0,-1,-1,NULL,NULL,Variable,NULL
NULL,NULL,119,24,3156,-1.0,-1,-1,NULL,NULL,Variable,NULL
NULL,NULL,119,25,3157,-1.0,-1,-1,NULL,NULL,Variable,NULL
NULL,NULL,119,26,3158,-1.0,-1,-1,NULL,NULL,Variable,NULL
NULL,NULL,119,27,3160,-1.0,-1,-1,NULL,NULL,Variable,NULL
NULL,NULL,119,28,3163,-1.0,-1,-1,NULL,NULL,Variable,NULL
NULL,NULL,120,-1000,-1000,21.0,NULL,NULL,NULL,NULL,NULL,NULL
NULL,NULL,120,-999,-999,21.0,NULL,NULL,NULL,NULL,NULL,NULL
NULL,NULL,120,-998,-998,10.5,NULL,NULL,NULL,NULL,NULL,NULL
NULL,NULL,120,-997,-997,10.5,NULL,NULL,NULL,NULL,NULL,NULL
NULL,NULL,120,0,0,-1.0,-1,-1,NULL,NULL,NULL,NULL
NULL,NULL,120,1,3185,-1.0,-1,-1,NULL,NULL,Variable,NULL
NULL,NULL,120,2,3186,-1.0,-1,-1,NULL,NULL,Variable,NULL
NULL,NULL,120,3,3187,-1.0,-1,-1,NULL,NULL,Variable,NULL
NULL,NULL,120,4,3188,-1.0,-1,-1,NULL,NULL,Variable,NULL
NULL,NULL,120,5,3189,-1.0,-1,-1,NULL,NULL,Variable,NULL
NULL,NULL,120,6,3190,-1.0,-1,-1,NULL,NULL,Variable,NULL
NULL,NULL,120,7,3191,-1.0,-1,-1,NULL,NULL,Variable,NULL
NULL,NULL,120,8,3192,-1.0,-1,-1,NULL,NULL,Variable,NULL
NULL,NULL,120,9,3193,-1.0,-1,-1,NULL,NULL,Variable,NULL
NULL,NULL,120,10,3194,-1.0,-1,-1,NULL,NULL,Variable,NULL
NULL,NULL,120,11,3195,-1.0,-1,-1,NULL,NULL,Variable,NULL
NULL,NULL,120,12,3196,-1.0,-1,-1,NULL,NULL,Variable,NULL
NULL,NULL,120,13,3197,-1.0,-1,-1,NULL,NULL,Variable,NULL
NULL,NULL,120,14,3198,-1.0,-1,-1,NULL,NULL,Variable,NULL
NULL,NULL,120,15,3199,-1.0,-1,-1,NULL,NULL,Variable,NULL
NULL,NULL,120,16,3200,-1.0,-1,-1,NULL,NULL,Variable,NULL
NULL,NULL,120,17,3201,-1.0,-1,-1,NULL,NULL,Variable,NULL
NULL,NULL,120,18,3202,-1.0,-1,-1,NULL,NULL,Variable,NULL
NULL,NULL,120,19,3203,-1.0,-1,-1,NULL,NULL,Variable,NULL
NULL,NULL,120,20,3205,-1.0,-1,-1,NULL,NULL,Variable,NULL
NULL,NULL,120,21,3206,-1.0,-1,-1,NULL,NULL,Variable,NULL
NULL,NULL,120,22,3207,-1.0,-1,-1,NULL,NULL,Variable,NULL
NULL,NULL,120,23,3209,-1.0,-1,-1,NULL,NULL,Variable,NULL
NULL,NULL,120,24,3210,-1.0,-1,-1,NULL,NULL,Variable,NULL
NULL,NULL,120,25,3211,-1.0,-1,-1,NULL,NULL,Variable,NULL
NULL,NULL,120,26,3212,-1.0,-1,-1,NULL,NULL,Variable,NULL
NULL,NULL,120,27,3214,-1.0,-1,-1,NULL,NULL,Variable,NULL
NULL,NULL,120,28,3217,-1.0,-1,-1,NULL,NULL,Variable,NULL
NULL,NULL,121,-1000,-1000,21.0,NULL,NULL,NULL,NULL,NULL,NULL
NULL,NULL,121,-999,-999,21.0,NULL,NULL,NULL,NULL,NULL,NULL
NULL,NULL,121,-998,-998,10.5,NULL,NULL,NULL,NULL,NULL,NULL
NULL,NULL,121,-997,-997,10.5,NULL,NULL,NULL,NULL,NULL,NULL
NULL,NULL,121,0,0,-1.0,-1,-1,NULL,NULL,NULL,NULL
NULL,NULL,121,1,3239,-1.0,-1,-1,NULL,NULL,Variable,NULL
NULL,NULL,121,2,3240,-1.0,-1,-1,NULL,NULL,Variable,NULL
NULL,NULL,121,3,3241,-1.0,-1,-1,NULL,NULL,Variable,NULL
NULL,NULL,121,4,3242,-1.0,-1,-1,NULL,NULL,Variable,NULL
NULL,NULL,121,5,3243,-1.0,-1,-1,NULL,NULL,Variable,NULL
NULL,NULL,121,6,3244,-1.0,-1,-1,NULL,NULL,Variable,NULL
NULL,NULL,121,7,3245,-1.0,-1,-1,NULL,NULL,Variable,NULL
NULL,NULL,121,8,3246,-1.0,-1,-1,NULL,NULL,Variable,NULL
NULL,NULL,121,9,3247,-1.0,-1,-1,NULL,NULL,Variable,NULL
NULL,NULL,121,10,3248,-1.0,-1,-1,NULL,NULL,Variable,NULL
NULL,NULL,121,11,3249,-1.0,-1,-1,NULL,NULL,Variable,NULL
NULL,NULL,121,12,3250,-1.0,-1,-1,NULL,NULL,Variable,NULL
NULL,NULL,121,13,3251,-1.0,-1,-1,NULL,NULL,Variable,NULL
NULL,NULL,121,14,3252,-1.0,-1,-1,NULL,NULL,Variable,NULL
NULL,NULL,121,15,3253,-1.0,-1,-1,NULL,NULL,Variable,NULL
NULL,NULL,121,16,3254,-1.0,-1,-1,NULL,NULL,Variable,NULL
NULL,NULL,121,17,3255,-1.0,-1,-1,NULL,NULL,Variable,NULL
NULL,NULL,121,18,3256,-1.0,-1,-1,NULL,NULL,Variable,NULL
NULL,NULL,121,19,3257,-1.0,-1,-1,NULL,NULL,Variable,NULL
NULL,NULL,121,20,3259,-1.0,-1,-1,NULL,NULL,Variable,NULL
NULL,NULL,121,21,3260,-1.0,-1,-1,NULL,NULL,Variable,NULL
NULL,NULL,121,22,3261,-1.0,-1,-1,NULL,NULL,Variable,NULL
NULL,NULL,121,23,3262,-1.0,-1,-1,NULL,NULL,Variable,NULL
NULL,NULL,121,24,3263,-1.0,-1,-1,NULL,NULL,Variable,NULL
NULL,NULL,121,25,3264,-1.0,-1,-1,NULL,NULL,Variable,NULL
NULL,NULL,121,26,3265,-1.0,-1,-1,NULL,NULL,Variable,NULL
NULL,NULL,121,27,3266,-1.0,-1,-1,NULL,NULL,Variable,NULL
NULL,NULL,121,28,3267,-1.0,-1,-1,NULL,NULL,Variable,NULL
NULL,NULL,121,29,3268,-1.0,-1,-1,NULL,NULL,Variable,NULL
NULL,NULL,121,30,3270,-1.0,-1,-1,NULL,NULL,Variable,NULL
NULL,NULL,121,31,3271,-1.0,-1,-1,NULL,NULL,Variable,NULL
NULL,NULL,121,32,3273,-1.0,-1,-1,NULL,NULL,Variable,NULL
NULL,NULL,121,33,3276,-1.0,-1,-1,NULL,NULL,Variable,NULL
NULL,NULL,122,-1000,-1000,21.0,NULL,NULL,NULL,NULL,NULL,NULL
NULL,NULL,122,-999,-999,21.0,NULL,NULL,NULL,NULL,NULL,NULL
NULL,NULL,122,-998,-998,10.5,NULL,NULL,NULL,NULL,NULL,NULL
NULL,NULL,122,-997,-997,10.5,NULL,NULL,NULL,NULL,NULL,NULL
NULL,NULL,122,0,0,-1.0,-1,-1,NULL,NULL,NULL,NULL
NULL,NULL,122,1,3292,-1.0,-1,-1,NULL,NULL,Variable,NULL
NULL,NULL,122,2,3293,-1.0,-1,-1,NULL,NULL,Variable,NULL
NULL,NULL,122,3,3294,-1.0,-1,-1,NULL,NULL,Variable,NULL
NULL,NULL,122,4,3295,-1.0,-1,-1,NULL,NULL,Variable,NULL
NULL,NULL,122,5,3296,-1.0,-1,-1,NULL,NULL,Variable,NULL
NULL,NULL,122,6,3297,-1.0,-1,-1,NULL,NULL,Variable,NULL
NULL,NULL,122,7,3298,-1.0,-1,-1,NULL,NULL,Variable,NULL
NULL,NULL,122,8,3299,-1.0,-1,-1,NULL,NULL,Variable,NULL
NULL,NULL,122,9,3300,-1.0,-1,-1,NULL,NULL,Variable,NULL
NULL,NULL,122,10,3301,-1.0,-1,-1,NULL,NULL,Variable,NULL
NULL,NULL,122,11,3302,-1.0,-1,-1,NULL,NULL,Variable,NULL
NULL,NULL,122,12,3303,-1.0,-1,-1,NULL,NULL,Variable,NULL
NULL,NULL,122,13,3304,-1.0,-1,-1,NULL,NULL,Variable,NULL
NULL,NULL,122,14,3305,-1.0,-1,-1,NULL,NULL,Variable,NULL
NULL,NULL,122,15,3306,-1.0,-1,-1,NULL,NULL,Variable,NULL
NULL,NULL,122,16,3307,-1.0,-1,-1,NULL,NULL,Variable,NULL
NULL,NULL,122,17,3308,-1.0,-1,-1,NULL,NULL,Variable,NULL
NULL,NULL,122,18,3309,-1.0,-1,-1,NULL,NULL,Variable,NULL
NULL,NULL,122,19,3310,-1.0,-1,-1,NULL,NULL,Variable,NULL
NULL,NULL,122,20,3311,-1.0,-1,-1,NULL,NULL,Variable,NULL
NULL,NULL,122,21,3312,-1.0,-1,-1,NULL,NULL,Variable,NULL
NULL,NULL,122,22,3313,-1.0,-1,-1,NULL,NULL,Variable,NULL
NULL,NULL,122,23,3314,-1.0,-1,-1,NULL,NULL,Variable,NULL
NULL,NULL,122,24,3315,-1.0,-1,-1,NULL,NULL,Variable,NULL
NULL,NULL,122,25,3316,-1.0,-1,-1,NULL,NULL,Variable,NULL
NULL,NULL,122,26,3317,-1.0,-1,-1,NULL,NULL,Variable,NULL
NULL,NULL,122,27,3318,-1.0,-1,-1,NULL,NULL,Variable,NULL
NULL,NULL,122,28,3319,-1.0,-1,-1,NULL,NULL,Variable,NULL
NULL,NULL,122,29,3320,-1.0,-1,-1,NULL,NULL,Variable,NULL
NULL,NULL,122,30,3321,-1.0,-1,-1,NULL,NULL,Variable,NULL
NULL,NULL,122,31,3322,-1.0,-1,-1,NULL,NULL,Variable,NULL
NULL,NULL,122,32,3323,-1.0,-1,-1,NULL,NULL,Variable,NULL
NULL,NULL,122,33,3324,-1.0,-1,-1,NULL,NULL,Variable,NULL
NULL,NULL,122,34,3325,-1.0,-1,-1,NULL,NULL,Variable,NULL
NULL,NULL,122,35,3326,-1.0,-1,-1,NULL,NULL,Variable,NULL
NULL,NULL,122,36,3327,-1.0,-1,-1,NULL,NULL,Variable,NULL
NULL,NULL,122,37,3328,-1.0,-1,-1,NULL,NULL,Variable,NULL
NULL,NULL,122,38,3329,-1.0,-1,-1,NULL,NULL,Variable,NULL
NULL,NULL,122,39,3330,-1.0,-1,-1,NULL,NULL,Variable,NULL
NULL,NULL,122,40,3331,-1.0,-1,-1,NULL,NULL,Variable,NULL
NULL,NULL,122,41,3332,-1.0,-1,-1,NULL,NULL,Variable,NULL
NULL,NULL,122,42,3333,-1.0,-1,-1,NULL,NULL,Variable,NULL
NULL,NULL,122,43,3334,-1.0,-1,-1,NULL,NULL,Variable,NULL
NULL,NULL,122,44,3335,-1.0,-1,-1,NULL,NULL,Variable,NULL
NULL,NULL,122,45,3336,-1.0,-1,-1,NULL,NULL,Variable,NULL
NULL,NULL,122,46,3337,-1.0,-1,-1,NULL,NULL,Variable,NULL
NULL,NULL,122,47,3338,-1.0,-1,-1,NULL,NULL,Variable,NULL
NULL,NULL,122,48,3339,-1.0,-1,-1,NULL,NULL,Variable,NULL
NULL,NULL,122,49,3340,-1.0,-1,-1,NULL,NULL,Variable,NULL
NULL,NULL,122,50,3341,-1.0,-1,-1,NULL,NULL,Variable,NULL
NULL,NULL,122,51,3342,-1.0,-1,-1,NULL,NULL,Variable,NULL
NULL,NULL,123,-1000,-1000,21.0,NULL,NULL,NULL,NULL,NULL,NULL
NULL,NULL,123,-999,-999,21.0,NULL,NULL,NULL,NULL,NULL,NULL
NULL,NULL,123,-998,-998,10.5,NULL,NULL,NULL,NULL,NULL,NULL
NULL,NULL,123,-997,-997,10.5,NULL,NULL,NULL,NULL,NULL,NULL
NULL,NULL,123,0,0,-1.0,-1,-1,NULL,NULL,NULL,NULL
NULL,NULL,123,1,3343,-1.0,-1,-1,NULL,NULL,Variable,NULL
NULL,NULL,123,2,3344,-1.0,-1,-1,NULL,NULL,Variable,NULL
NULL,NULL,123,3,3345,-1.0,-1,-1,NULL,NULL,Variable,NULL
NULL,NULL,123,4,3346,-1.0,-1,-1,NULL,NULL,Variable,NULL
NULL,NULL,123,5,3347,-1.0,-1,-1,NULL,NULL,Variable,NULL
NULL,NULL,123,6,3348,-1.0,-1,-1,NULL,NULL,Variable,NULL
NULL,NULL,123,7,3349,-1.0,-1,-1,NULL,NULL,Variable,NULL
NULL,NULL,123,8,3350,-1.0,-1,-1,NULL,NULL,Variable,NULL
NULL,NULL,123,9,3351,-1.0,-1,-1,NULL,NULL,Variable,NULL
NULL,NULL,123,10,3352,-1.0,-1,-1,NULL,NULL,Variable,NULL
NULL,NULL,123,11,3353,-1.0,-1,-1,NULL,NULL,Variable,NULL
NULL,NULL,123,12,3354,-1.0,-1,-1,NULL,NULL,Variable,NULL
NULL,NULL,123,13,3355,-1.0,-1,-1,NULL,NULL,Variable,NULL
NULL,NULL,123,14,3356,-1.0,-1,-1,NULL,NULL,Variable,NULL
NULL,NULL,123,15,3357,-1.0,-1,-1,NULL,NULL,Variable,NULL
NULL,NULL,123,16,3358,-1.0,-1,-1,NULL,NULL,Variable,NULL
NULL,NULL,123,17,3359,-1.0,-1,-1,NULL,NULL,Variable,NULL
NULL,NULL,123,18,3360,-1.0,-1,-1,NULL,NULL,Variable,NULL
NULL,NULL,123,19,3361,-1.0,-1,-1,NULL,NULL,Variable,NULL
NULL,NULL,123,20,3363,-1.0,-1,-1,NULL,NULL,Variable,NULL
NULL,NULL,123,21,3364,-1.0,-1,-1,NULL,NULL,Variable,NULL
NULL,NULL,123,22,3365,-1.0,-1,-1,NULL,NULL,Variable,NULL
NULL,NULL,123,23,3366,-1.0,-1,-1,NULL,NULL,Variable,NULL
NULL,NULL,123,24,3367,-1.0,-1,-1,NULL,NULL,Variable,NULL
NULL,NULL,123,25,3368,-1.0,-1,-1,NULL,NULL,Variable,NULL
NULL,NULL,123,26,3369,-1.0,-1,-1,NULL,NULL,Variable,NULL
NULL,NULL,123,27,3370,-1.0,-1,-1,NULL,NULL,Variable,NULL
NULL,NULL,123,28,3371,-1.0,-1,-1,NULL,NULL,Variable,NULL
NULL,NULL,123,29,3372,-1.0,-1,-1,NULL,NULL,Variable,NULL
NULL,NULL,123,30,3374,-1.0,-1,-1,NULL,NULL,Variable,NULL
NULL,NULL,123,31,3375,-1.0,-1,-1,NULL,NULL,Variable,NULL
NULL,NULL,123,32,3377,-1.0,-1,-1,NULL,NULL,Variable,NULL
NULL,NULL,123,33,3380,-1.0,-1,-1,NULL,NULL,Variable,NULL
NULL,NULL,124,-1000,-1000,21.0,NULL,NULL,NULL,NULL,NULL,NULL
NULL,NULL,124,-999,-999,21.0,NULL,NULL,NULL,NULL,NULL,NULL
NULL,NULL,124,-998,-998,10.5,NULL,NULL,NULL,NULL,NULL,NULL
NULL,NULL,124,-997,-997,10.5,NULL,NULL,NULL,NULL,NULL,NULL
NULL,NULL,124,0,0,-1.0,-1,-1,NULL,NULL,NULL,NULL
NULL,NULL,124,1,3394,-1.0,-1,-1,NULL,NULL,Variable,NULL
NULL,NULL,124,2,3395,-1.0,-1,-1,NULL,NULL,Variable,NULL
NULL,NULL,124,3,3396,-1.0,-1,-1,NULL,NULL,Variable,NULL
NULL,NULL,124,4,3397,-1.0,-1,-1,NULL,NULL,Variable,NULL
NULL,NULL,124,5,3398,-1.0,-1,-1,NULL,NULL,Variable,NULL
NULL,NULL,124,6,3399,-1.0,-1,-1,NULL,NULL,Variable,NULL
NULL,NULL,124,7,3400,-1.0,-1,-1,NULL,NULL,Variable,NULL
NULL,NULL,124,8,3401,-1.0,-1,-1,NULL,NULL,Variable,NULL
NULL,NULL,124,9,3402,-1.0,-1,-1,NULL,NULL,Variable,NULL
NULL,NULL,124,10,3403,-1.0,-1,-1,NULL,NULL,Variable,NULL
NULL,NULL,124,11,3404,-1.0,-1,-1,NULL,NULL,Variable,NULL
NULL,NULL,124,12,3405,-1.0,-1,-1,NULL,NULL,Variable,NULL
NULL,NULL,124,13,3406,-1.0,-1,-1,NULL,NULL,Variable,NULL
NULL,NULL,124,14,3407,-1.0,-1,-1,NULL,NULL,Variable,NULL
NULL,NULL,124,15,3408,-1.0,-1,-1,NULL,NULL,Variable,NULL
NULL,NULL,124,16,3409,-1.0,-1,-1,NULL,NULL,Variable,NULL
NULL,NULL,124,17,3410,-1.0,-1,-1,NULL,NULL,Variable,NULL
NULL,NULL,124,18,3411,-1.0,-1,-1,NULL,NULL,Variable,NULL
NULL,NULL,124,19,3412,-1.0,-1,-1,NULL,NULL,Variable,NULL
NULL,NULL,124,20,3414,-1.0,-1,-1,NULL,NULL,Variable,NULL
NULL,NULL,124,21,3415,-1.0,-1,-1,NULL,NULL,Variable,NULL
NULL,NULL,124,22,3416,-1.0,-1,-1,NULL,NULL,Variable,NULL
NULL,NULL,124,23,3418,-1.0,-1,-1,NULL,NULL,Variable,NULL
NULL,NULL,124,24,3419,-1.0,-1,-1,NULL,NULL,Variable,NULL
NULL,NULL,124,25,3420,-1.0,-1,-1,NULL,NULL,Variable,NULL
NULL,NULL,124,26,3421,-1.0,-1,-1,NULL,NULL,Variable,NULL
NULL,NULL,124,27,3423,-1.0,-1,-1,NULL,NULL,Variable,NULL
NULL,NULL,124,28,3426,-1.0,-1,-1,NULL,NULL,Variable,NULL
NULL,NULL,125,-1000,-1000,21.0,NULL,NULL,NULL,NULL,NULL,NULL
NULL,NULL,125,-999,-999,21.0,NULL,NULL,NULL,NULL,NULL,NULL
NULL,NULL,125,-998,-998,10.5,NULL,NULL,NULL,NULL,NULL,NULL
NULL,NULL,125,-997,-997,10.5,NULL,NULL,NULL,NULL,NULL,NULL
NULL,NULL,125,0,0,-1.0,-1,-1,NULL,NULL,NULL,NULL
NULL,NULL,125,1,3449,-1.0,-1,-1,NULL,NULL,Variable,NULL
NULL,NULL,125,2,3450,-1.0,-1,-1,NULL,NULL,Variable,NULL
NULL,NULL,125,3,3451,-1.0,-1,-1,NULL,NULL,Variable,NULL
NULL,NULL,125,4,3452,-1.0,-1,-1,NULL,NULL,Variable,NULL
NULL,NULL,125,5,3453,-1.0,-1,-1,NULL,NULL,Variable,NULL
NULL,NULL,125,6,3454,-1.0,-1,-1,NULL,NULL,Variable,NULL
NULL,NULL,125,7,3455,-1.0,-1,-1,NULL,NULL,Variable,NULL
NULL,NULL,125,8,3456,-1.0,-1,-1,NULL,NULL,Variable,NULL
NULL,NULL,125,9,3457,-1.0,-1,-1,NULL,NULL,Variable,NULL
NULL,NULL,125,10,3458,-1.0,-1,-1,NULL,NULL,Variable,NULL
NULL,NULL,125,11,3459,-1.0,-1,-1,NULL,NULL,Variable,NULL
NULL,NULL,125,12,3460,-1.0,-1,-1,NULL,NULL,Variable,NULL
NULL,NULL,125,13,3461,-1.0,-1,-1,NULL,NULL,Variable,NULL
NULL,NULL,125,14,3462,-1.0,-1,-1,NULL,NULL,Variable,NULL
NULL,NULL,86,11,1243,-1.0,-1,-1,NULL,NULL,Variable,NULL
NULL,NULL,86,12,1244,-1.0,-1,-1,NULL,NULL,Variable,NULL
NULL,NULL,86,13,1245,-1.0,-1,-1,NULL,NULL,Variable,NULL
NULL,NULL,86,14,1246,-1.0,-1,-1,NULL,NULL,Variable,NULL
NULL,NULL,86,15,1247,-1.0,-1,-1,NULL,NULL,Variable,NULL
NULL,NULL,86,16,1248,-1.0,-1,-1,NULL,NULL,Variable,NULL
NULL,NULL,86,17,1249,-1.0,-1,-1,NULL,NULL,Variable,NULL
NULL,NULL,86,18,1250,-1.0,-1,-1,NULL,NULL,Variable,NULL
NULL,NULL,86,19,1251,-1.0,-1,-1,NULL,NULL,Variable,NULL
NULL,NULL,86,20,1253,-1.0,-1,-1,NULL,NULL,Variable,NULL
NULL,NULL,86,21,1254,-1.0,-1,-1,NULL,NULL,Variable,NULL
NULL,NULL,86,22,1255,-1.0,-1,-1,NULL,NULL,Variable,NULL
NULL,NULL,86,23,1256,-1.0,-1,-1,NULL,NULL,Variable,NULL
NULL,NULL,86,24,1257,-1.0,-1,-1,NULL,NULL,Variable,NULL
NULL,NULL,86,25,1258,-1.0,-1,-1,NULL,NULL,Variable,NULL
NULL,NULL,86,26,1259,-1.0,-1,-1,NULL,NULL,Variable,NULL
NULL,NULL,86,27,1260,-1.0,-1,-1,NULL,NULL,Variable,NULL
NULL,NULL,86,28,1261,-1.0,-1,-1,NULL,NULL,Variable,NULL
NULL,NULL,86,29,1262,-1.0,-1,-1,NULL,NULL,Variable,NULL
NULL,NULL,86,30,1264,-1.0,-1,-1,NULL,NULL,Variable,NULL
NULL,NULL,86,31,1265,-1.0,-1,-1,NULL,NULL,Variable,NULL
NULL,NULL,86,32,1267,-1.0,-1,-1,NULL,NULL,Variable,NULL
NULL,NULL,86,33,1270,-1.0,-1,-1,NULL,NULL,Variable,NULL
NULL,NULL,87,-1000,-1000,21.0,NULL,NULL,NULL,NULL,NULL,NULL
NULL,NULL,87,-999,-999,21.0,NULL,NULL,NULL,NULL,NULL,NULL
NULL,NULL,87,-998,-998,10.5,NULL,NULL,NULL,NULL,NULL,NULL
NULL,NULL,87,-997,-997,10.5,NULL,NULL,NULL,NULL,NULL,NULL
NULL,NULL,87,0,0,-1.0,-1,-1,NULL,NULL,NULL,NULL
NULL,NULL,87,1,1275,-1.0,-1,-1,NULL,NULL,Variable,NULL
NULL,NULL,87,2,1276,-1.0,-1,-1,NULL,NULL,Variable,NULL
NULL,NULL,87,3,1277,-1.0,-1,-1,NULL,NULL,Variable,NULL
NULL,NULL,87,4,1278,-1.0,-1,-1,NULL,NULL,Variable,NULL
NULL,NULL,87,5,1279,-1.0,-1,-1,NULL,NULL,Variable,NULL
NULL,NULL,87,6,1280,-1.0,-1,-1,NULL,NULL,Variable,NULL
NULL,NULL,87,7,1281,-1.0,-1,-1,NULL,NULL,Variable,NULL
NULL,NULL,87,8,1282,-1.0,-1,-1,NULL,NULL,Variable,NULL
NULL,NULL,87,9,1283,-1.0,-1,-1,NULL,NULL,Variable,NULL
NULL,NULL,87,10,1284,-1.0,-1,-1,NULL,NULL,Variable,NULL
NULL,NULL,87,11,1285,-1.0,-1,-1,NULL,NULL,Variable,NULL
NULL,NULL,87,12,1286,-1.0,-1,-1,NULL,NULL,Variable,NULL
NULL,NULL,87,13,1287,-1.0,-1,-1,NULL,NULL,Variable,NULL
NULL,NULL,87,14,1288,-1.0,-1,-1,NULL,NULL,Variable,NULL
NULL,NULL,87,15,1289,-1.0,-1,-1,NULL,NULL,Variable,NULL
NULL,NULL,87,16,1290,-1.0,-1,-1,NULL,NULL,Variable,NULL
NULL,NULL,87,17,1291,-1.0,-1,-1,NULL,NULL,Variable,NULL
NULL,NULL,87,18,1292,-1.0,-1,-1,NULL,NULL,Variable,NULL
NULL,NULL,87,19,1293,-1.0,-1,-1,NULL,NULL,Variable,NULL
NULL,NULL,87,20,1295,-1.0,-1,-1,NULL,NULL,Variable,NULL
NULL,NULL,87,21,1296,-1.0,-1,-1,NULL,NULL,Variable,NULL
NULL,NULL,87,22,1297,-1.0,-1,-1,NULL,NULL,Variable,NULL
NULL,NULL,87,23,1298,-1.0,-1,-1,NULL,NULL,Variable,NULL
NULL,NULL,87,24,1299,-1.0,-1,-1,NULL,NULL,Variable,NULL
NULL,NULL,87,25,1300,-1.0,-1,-1,NULL,NULL,Variable,NULL
NULL,NULL,87,26,1301,-1.0,-1,-1,NULL,NULL,Variable,NULL
NULL,NULL,87,27,1302,-1.0,-1,-1,NULL,NULL,Variable,NULL
NULL,NULL,87,28,1303,-1.0,-1,-1,NULL,NULL,Variable,NULL
NULL,NULL,87,29,1304,-1.0,-1,-1,NULL,NULL,Variable,NULL
NULL,NULL,87,30,1306,-1.0,-1,-1,NULL,NULL,Variable,NULL
NULL,NULL,87,31,1307,-1.0,-1,-1,NULL,NULL,Variable,NULL
NULL,NULL,87,32,1309,-1.0,-1,-1,NULL,NULL,Variable,NULL
NULL,NULL,87,33,1312,-1.0,-1,-1,NULL,NULL,Variable,NULL
NULL,NULL,88,-1000,-1000,21.0,NULL,NULL,NULL,NULL,NULL,NULL
NULL,NULL,88,-999,-999,21.0,NULL,NULL,NULL,NULL,NULL,NULL
NULL,NULL,88,-998,-998,10.5,NULL,NULL,NULL,NULL,NULL,NULL
NULL,NULL,88,-997,-997,10.5,NULL,NULL,NULL,NULL,NULL,NULL
NULL,NULL,88,0,0,-1.0,-1,-1,NULL,NULL,NULL,NULL
NULL,NULL,88,1,1322,-1.0,-1,-1,NULL,NULL,Variable,NULL
NULL,NULL,88,2,1323,-1.0,-1,-1,NULL,NULL,Variable,NULL
NULL,NULL,88,3,1324,-1.0,-1,-1,NULL,NULL,Variable,NULL
NULL,NULL,88,4,1325,-1.0,-1,-1,NULL,NULL,Variable,NULL
NULL,NULL,88,5,1326,-1.0,-1,-1,NULL,NULL,Variable,NULL
NULL,NULL,88,6,1327,-1.0,-1,-1,NULL,NULL,Variable,NULL
NULL,NULL,88,7,1328,-1.0,-1,-1,NULL,NULL,Variable,NULL
NULL,NULL,88,8,1329,-1.0,-1,-1,NULL,NULL,Variable,NULL
NULL,NULL,88,9,1330,-1.0,-1,-1,NULL,NULL,Variable,NULL
NULL,NULL,88,10,1331,-1.0,-1,-1,NULL,NULL,Variable,NULL
NULL,NULL,88,11,1332,-1.0,-1,-1,NULL,NULL,Variable,NULL
NULL,NULL,88,12,1333,-1.0,-1,-1,NULL,NULL,Variable,NULL
NULL,NULL,88,13,1334,-1.0,-1,-1,NULL,NULL,Variable,NULL
NULL,NULL,88,14,1335,-1.0,-1,-1,NULL,NULL,Variable,NULL
NULL,NULL,88,15,1336,-1.0,-1,-1,NULL,NULL,Variable,NULL
NULL,NULL,88,16,1337,-1.0,-1,-1,NULL,NULL,Variable,NULL
NULL,NULL,88,17,1338,-1.0,-1,-1,NULL,NULL,Variable,NULL
NULL,NULL,88,18,1339,-1.0,-1,-1,NULL,NULL,Variable,NULL
NULL,NULL,88,19,1340,-1.0,-1,-1,NULL,NULL,Variable,NULL
NULL,NULL,88,20,1342,-1.0,-1,-1,NULL,NULL,Variable,NULL
NULL,NULL,88,21,1343,-1.0,-1,-1,NULL,NULL,Variable,NULL
NULL,NULL,88,22,1344,-1.0,-1,-1,NULL,NULL,Variable,NULL
NULL,NULL,88,23,1345,-1.0,-1,-1,NULL,NULL,Variable,NULL
NULL,NULL,88,24,1346,-1.0,-1,-1,NULL,NULL,Variable,NULL
NULL,NULL,88,25,1347,-1.0,-1,-1,NULL,NULL,Variable,NULL
NULL,NULL,88,26,1348,-1.0,-1,-1,NULL,NULL,Variable,NULL
NULL,NULL,88,27,1349,-1.0,-1,-1,NULL,NULL,Variable,NULL
NULL,NULL,88,28,1350,-1.0,-1,-1,NULL,NULL,Variable,NULL
NULL,NULL,88,29,1351,-1.0,-1,-1,NULL,NULL,Variable,NULL
NULL,NULL,88,30,1353,-1.0,-1,-1,NULL,NULL,Variable,NULL
NULL,NULL,88,31,1354,-1.0,-1,-1,NULL,NULL,Variable,NULL
NULL,NULL,88,32,1356,-1.0,-1,-1,NULL,NULL,Variable,NULL
NULL,NULL,88,33,1359,-1.0,-1,-1,NULL,NULL,Variable,NULL
NULL,NULL,89,-1000,-1000,21.0,NULL,NULL,NULL,NULL,NULL,NULL
NULL,NULL,89,-999,-999,21.0,NULL,NULL,NULL,NULL,NULL,NULL
NULL,NULL,89,-998,-998,10.5,NULL,NULL,NULL,NULL,NULL,NULL
NULL,NULL,89,-997,-997,10.5,NULL,NULL,NULL,NULL,NULL,NULL
NULL,NULL,89,0,0,-1.0,-1,-1,NULL,NULL,NULL,NULL
NULL,NULL,89,1,1373,-1.0,-1,-1,NULL,NULL,Variable,NULL
NULL,NULL,89,2,1374,-1.0,-1,-1,NULL,NULL,Variable,NULL
NULL,NULL,89,3,1375,-1.0,-1,-1,NULL,NULL,Variable,NULL
NULL,NULL,89,4,1376,-1.0,-1,-1,NULL,NULL,Variable,NULL
NULL,NULL,89,5,1377,-1.0,-1,-1,NULL,NULL,Variable,NULL
NULL,NULL,89,6,1378,-1.0,-1,-1,NULL,NULL,Variable,NULL
NULL,NULL,89,7,1379,-1.0,-1,-1,NULL,NULL,Variable,NULL
NULL,NULL,89,8,1380,-1.0,-1,-1,NULL,NULL,Variable,NULL
NULL,NULL,89,9,1381,-1.0,-1,-1,NULL,NULL,Variable,NULL
NULL,NULL,89,10,1382,-1.0,-1,-1,NULL,NULL,Variable,NULL
NULL,NULL,89,11,1383,-1.0,-1,-1,NULL,NULL,Variable,NULL
NULL,NULL,89,12,1384,-1.0,-1,-1,NULL,NULL,Variable,NULL
NULL,NULL,89,13,1385,-1.0,-1,-1,NULL,NULL,Variable,NULL
NULL,NULL,89,14,1386,-1.0,-1,-1,NULL,NULL,Variable,NULL
NULL,NULL,89,15,1387,-1.0,-1,-1,NULL,NULL,Variable,NULL
NULL,NULL,89,16,1388,-1.0,-1,-1,NULL,NULL,Variable,NULL
NULL,NULL,89,17,1389,-1.0,-1,-1,NULL,NULL,Variable,NULL
NULL,NULL,89,18,1390,-1.0,-1,-1,NULL,NULL,Variable,NULL
NULL,NULL,89,19,1391,-1.0,-1,-1,NULL,NULL,Variable,NULL
NULL,NULL,89,20,1393,-1.0,-1,-1,NULL,NULL,Variable,NULL
NULL,NULL,89,21,1394,-1.0,-1,-1,NULL,NULL,Variable,NULL
NULL,NULL,89,22,1395,-1.0,-1,-1,NULL,NULL,Variable,NULL
NULL,NULL,89,23,1396,-1.0,-1,-1,NULL,NULL,Variable,NULL
NULL,NULL,89,24,1397,-1.0,-1,-1,NULL,NULL,Variable,NULL
NULL,NULL,89,25,1398,-1.0,-1,-1,NULL,NULL,Variable,NULL
NULL,NULL,89,26,1399,-1.0,-1,-1,NULL,NULL,Variable,NULL
NULL,NULL,89,27,1400,-1.0,-1,-1,NULL,NULL,Variable,NULL
NULL,NULL,89,28,1401,-1.0,-1,-1,NULL,NULL,Variable,NULL
NULL,NULL,89,29,1402,-1.0,-1,-1,NULL,NULL,Variable,NULL
NULL,NULL,89,30,1404,-1.0,-1,-1,NULL,NULL,Variable,NULL
NULL,NULL,89,31,1405,-1.0,-1,-1,NULL,NULL,Variable,NULL
NULL,NULL,89,32,1407,-1.0,-1,-1,NULL,NULL,Variable,NULL
NULL,NULL,89,33,1410,-1.0,-1,-1,NULL,NULL,Variable,NULL
NULL,NULL,90,-1000,-1000,21.0,NULL,NULL,NULL,NULL,NULL,NULL
NULL,NULL,90,-999,-999,21.0,NULL,NULL,NULL,NULL,NULL,NULL
NULL,NULL,90,-998,-998,10.5,NULL,NULL,NULL,NULL,NULL,NULL
NULL,NULL,90,-997,-997,10.5,NULL,NULL,NULL,NULL,NULL,NULL
NULL,NULL,90,0,0,-1.0,-1,-1,NULL,NULL,NULL,NULL
NULL,NULL,90,1,1433,-1.0,-1,-1,NULL,NULL,Variable,NULL
NULL,NULL,90,2,1434,-1.0,-1,-1,NULL,NULL,Variable,NULL
NULL,NULL,90,3,1435,-1.0,-1,-1,NULL,NULL,Variable,NULL
NULL,NULL,90,4,1436,-1.0,-1,-1,NULL,NULL,Variable,NULL
NULL,NULL,90,5,1437,-1.0,-1,-1,NULL,NULL,Variable,NULL
NULL,NULL,90,6,1438,-1.0,-1,-1,NULL,NULL,Variable,NULL
NULL,NULL,90,7,1439,-1.0,-1,-1,NULL,NULL,Variable,NULL
NULL,NULL,90,8,1440,-1.0,-1,-1,NULL,NULL,Variable,NULL
NULL,NULL,90,9,1441,-1.0,-1,-1,NULL,NULL,Variable,NULL
NULL,NULL,90,10,1442,-1.0,-1,-1,NULL,NULL,Variable,NULL
NULL,NULL,90,11,1443,-1.0,-1,-1,NULL,NULL,Variable,NULL
NULL,NULL,90,12,1444,-1.0,-1,-1,NULL,NULL,Variable,NULL
NULL,NULL,90,13,1445,-1.0,-1,-1,NULL,NULL,Variable,NULL
NULL,NULL,90,14,1446,-1.0,-1,-1,NULL,NULL,Variable,NULL
NULL,NULL,90,15,1447,-1.0,-1,-1,NULL,NULL,Variable,NULL
NULL,NULL,90,16,1448,-1.0,-1,-1,NULL,NULL,Variable,NULL
NULL,NULL,90,17,1449,-1.0,-1,-1,NULL,NULL,Variable,NULL
NULL,NULL,90,18,1450,-1.0,-1,-1,NULL,NULL,Variable,NULL
NULL,NULL,90,19,1451,-1.0,-1,-1,NULL,NULL,Variable,NULL
NULL,NULL,90,20,1452,-1.0,-1,-1,NULL,NULL,Variable,NULL
NULL,NULL,90,21,1453,-1.0,-1,-1,NULL,NULL,Variable,NULL
NULL,NULL,90,22,1454,-1.0,-1,-1,NULL,NULL,Variable,NULL
NULL,NULL,90,23,1455,-1.0,-1,-1,NULL,NULL,Variable,NULL
NULL,NULL,90,24,1456,-1.0,-1,-1,NULL,NULL,Variable,NULL
NULL,NULL,90,25,1457,-1.0,-1,-1,NULL,NULL,Variable,NULL
NULL,NULL,90,26,1458,-1.0,-1,-1,NULL,NULL,Variable,NULL
NULL,NULL,90,27,1459,-1.0,-1,-1,NULL,NULL,Variable,NULL
NULL,NULL,90,28,1460,-1.0,-1,-1,NULL,NULL,Variable,NULL
NULL,NULL,90,29,1461,-1.0,-1,-1,NULL,NULL,Variable,NULL
NULL,NULL,90,30,1462,-1.0,-1,-1,NULL,NULL,Variable,NULL
NULL,NULL,90,31,1463,-1.0,-1,-1,NULL,NULL,Variable,NULL
NULL,NULL,90,32,1464,-1.0,-1,-1,NULL,NULL,Variable,NULL
NULL,NULL,90,33,1465,-1.0,-1,-1,NULL,NULL,Variable,NULL
NULL,NULL,90,34,1466,-1.0,-1,-1,NULL,NULL,Variable,NULL
NULL,NULL,90,35,1467,-1.0,-1,-1,NULL,NULL,Variable,NULL
NULL,NULL,90,36,1468,-1.0,-1,-1,NULL,NULL,Variable,NULL
NULL,NULL,90,37,1470,-1.0,-1,-1,NULL,NULL,Variable,NULL
NULL,NULL,90,38,1471,-1.0,-1,-1,NULL,NULL,Variable,NULL
NULL,NULL,90,39,1472,-1.0,-1,-1,NULL,NULL,Variable,NULL
NULL,NULL,90,40,1473,-1.0,-1,-1,NULL,NULL,Variable,NULL
NULL,NULL,90,41,1474,-1.0,-1,-1,NULL,NULL,Variable,NULL
NULL,NULL,90,42,1475,-1.0,-1,-1,NULL,NULL,Variable,NULL
NULL,NULL,90,43,1476,-1.0,-1,-1,NULL,NULL,Variable,NULL
NULL,NULL,90,44,1477,-1.0,-1,-1,NULL,NULL,Variable,NULL
NULL,NULL,90,45,1478,-1.0,-1,-1,NULL,NULL,Variable,NULL
NULL,NULL,90,46,1479,-1.0,-1,-1,NULL,NULL,Variable,NULL
NULL,NULL,90,47,1481,-1.0,-1,-1,NULL,NULL,Variable,NULL
NULL,NULL,90,48,1482,-1.0,-1,-1,NULL,NULL,Variable,NULL
NULL,NULL,90,49,1484,-1.0,-1,-1,NULL,NULL,Variable,NULL
NULL,NULL,90,50,1487,-1.0,-1,-1,NULL,NULL,Variable,NULL
NULL,NULL,91,-1000,-1000,21.0,NULL,NULL,NULL,NULL,NULL,NULL
NULL,NULL,91,-999,-999,21.0,NULL,NULL,NULL,NULL,NULL,NULL
NULL,NULL,91,-998,-998,10.5,NULL,NULL,NULL,NULL,NULL,NULL
NULL,NULL,91,-997,-997,10.5,NULL,NULL,NULL,NULL,NULL,NULL
NULL,NULL,91,0,0,-1.0,-1,-1,NULL,NULL,NULL,NULL
NULL,NULL,91,1,1519,-1.0,-1,-1,NULL,NULL,Variable,NULL
NULL,NULL,91,2,1520,-1.0,-1,-1,NULL,NULL,Variable,NULL
NULL,NULL,91,3,1521,-1.0,-1,-1,NULL,NULL,Variable,NULL
NULL,NULL,91,4,1522,-1.0,-1,-1,NULL,NULL,Variable,NULL
NULL,NULL,91,5,1523,-1.0,-1,-1,NULL,NULL,Variable,NULL
NULL,NULL,91,6,1524,-1.0,-1,-1,NULL,NULL,Variable,NULL
NULL,NULL,91,7,1525,-1.0,-1,-1,NULL,NULL,Variable,NULL
NULL,NULL,91,8,1526,-1.0,-1,-1,NULL,NULL,Variable,NULL
NULL,NULL,91,9,1527,-1.0,-1,-1,NULL,NULL,Variable,NULL
NULL,NULL,91,10,1528,-1.0,-1,-1,NULL,NULL,Variable,NULL
NULL,NULL,91,11,1529,-1.0,-1,-1,NULL,NULL,Variable,NULL
NULL,NULL,91,12,1530,-1.0,-1,-1,NULL,NULL,Variable,NULL
NULL,NULL,91,13,1531,-1.0,-1,-1,NULL,NULL,Variable,NULL
NULL,NULL,91,14,1532,-1.0,-1,-1,NULL,NULL,Variable,NULL
NULL,NULL,91,15,1533,-1.0,-1,-1,NULL,NULL,Variable,NULL
NULL,NULL,91,16,1534,-1.0,-1,-1,NULL,NULL,Variable,NULL
NULL,NULL,91,17,1535,-1.0,-1,-1,NULL,NULL,Variable,NULL
NULL,NULL,91,18,1536,-1.0,-1,-1,NULL,NULL,Variable,NULL
NULL,NULL,91,19,1537,-1.0,-1,-1,NULL,NULL,Variable,NULL
NULL,NULL,91,20,1538,-1.0,-1,-1,NULL,NULL,Variable,NULL
NULL,NULL,91,21,1539,-1.0,-1,-1,NULL,NULL,Variable,NULL
NULL,NULL,91,22,1540,-1.0,-1,-1,NULL,NULL,Variable,NULL
NULL,NULL,91,23,1541,-1.0,-1,-1,NULL,NULL,Variable,NULL
NULL,NULL,91,24,1542,-1.0,-1,-1,NULL,NULL,Variable,NULL
NULL,NULL,91,25,1543,-1.0,-1,-1,NULL,NULL,Variable,NULL
NULL,NULL,91,26,1544,-1.0,-1,-1,NULL,NULL,Variable,NULL
NULL,NULL,91,27,1545,-1.0,-1,-1,NULL,NULL,Variable,NULL
NULL,NULL,91,28,1546,-1.0,-1,-1,NULL,NULL,Variable,NULL
NULL,NULL,91,29,1547,-1.0,-1,-1,NULL,NULL,Variable,NULL
NULL,NULL,91,30,1548,-1.0,-1,-1,NULL,NULL,Variable,NULL
NULL,NULL,91,31,1549,-1.0,-1,-1,NULL,NULL,Variable,NULL
NULL,NULL,91,32,1550,-1.0,-1,-1,NULL,NULL,Variable,NULL
NULL,NULL,91,33,1551,-1.0,-1,-1,NULL,NULL,Variable,NULL
NULL,NULL,91,34,1552,-1.0,-1,-1,NULL,NULL,Variable,NULL
NULL,NULL,91,35,1553,-1.0,-1,-1,NULL,NULL,Variable,NULL
NULL,NULL,91,36,1554,-1.0,-1,-1,NULL,NULL,Variable,NULL
NULL,NULL,91,37,1556,-1.0,-1,-1,NULL,NULL,Variable,NULL
NULL,NULL,91,38,1557,-1.0,-1,-1,NULL,NULL,Variable,NULL
NULL,NULL,91,39,1558,-1.0,-1,-1,NULL,NULL,Variable,NULL
NULL,NULL,91,40,1559,-1.0,-1,-1,NULL,NULL,Variable,NULL
NULL,NULL,91,41,1560,-1.0,-1,-1,NULL,NULL,Variable,NULL
NULL,NULL,91,42,1561,-1.0,-1,-1,NULL,NULL,Variable,NULL
NULL,NULL,91,43,1562,-1.0,-1,-1,NULL,NULL,Variable,NULL
NULL,NULL,91,44,1563,-1.0,-1,-1,NULL,NULL,Variable,NULL
NULL,NULL,91,45,1564,-1.0,-1,-1,NULL,NULL,Variable,NULL
NULL,NULL,91,46,1565,-1.0,-1,-1,NULL,NULL,Variable,NULL
NULL,NULL,91,47,1567,-1.0,-1,-1,NULL,NULL,Variable,NULL
NULL,NULL,91,48,1568,-1.0,-1,-1,NULL,NULL,Variable,NULL
NULL,NULL,91,49,1570,-1.0,-1,-1,NULL,NULL,Variable,NULL
NULL,NULL,91,50,1573,-1.0,-1,-1,NULL,NULL,Variable,NULL
NULL,NULL,92,-1000,-1000,21.0,NULL,NULL,NULL,NULL,NULL,NULL
NULL,NULL,92,-999,-999,21.0,NULL,NULL,NULL,NULL,NULL,NULL
NULL,NULL,92,-998,-998,10.5,NULL,NULL,NULL,NULL,NULL,NULL
NULL,NULL,92,-997,-997,10.5,NULL,NULL,NULL,NULL,NULL,NULL
NULL,NULL,92,0,0,-1.0,-1,-1,NULL,NULL,NULL,NULL
NULL,NULL,92,1,1605,-1.0,-1,-1,NULL,NULL,Variable,NULL
NULL,NULL,92,2,1606,-1.0,-1,-1,NULL,NULL,Variable,NULL
NULL,NULL,92,3,1607,-1.0,-1,-1,NULL,NULL,Variable,NULL
NULL,NULL,92,4,1608,-1.0,-1,-1,NULL,NULL,Variable,NULL
NULL,NULL,92,5,1609,-1.0,-1,-1,NULL,NULL,Variable,NULL
NULL,NULL,92,6,1610,-1.0,-1,-1,NULL,NULL,Variable,NULL
NULL,NULL,92,7,1611,-1.0,-1,-1,NULL,NULL,Variable,NULL
NULL,NULL,92,8,1612,-1.0,-1,-1,NULL,NULL,Variable,NULL
NULL,NULL,92,9,1613,-1.0,-1,-1,NULL,NULL,Variable,NULL
NULL,NULL,92,10,1614,-1.0,-1,-1,NULL,NULL,Variable,NULL
NULL,NULL,92,11,1615,-1.0,-1,-1,NULL,NULL,Variable,NULL
NULL,NULL,92,12,1616,-1.0,-1,-1,NULL,NULL,Variable,NULL
NULL,NULL,92,13,1617,-1.0,-1,-1,NULL,NULL,Variable,NULL
NULL,NULL,92,14,1618,-1.0,-1,-1,NULL,NULL,Variable,NULL
NULL,NULL,92,15,1619,-1.0,-1,-1,NULL,NULL,Variable,NULL
NULL,NULL,92,16,1620,-1.0,-1,-1,NULL,NULL,Variable,NULL
NULL,NULL,92,17,1621,-1.0,-1,-1,NULL,NULL,Variable,NULL
NULL,NULL,92,18,1622,-1.0,-1,-1,NULL,NULL,Variable,NULL
NULL,NULL,92,19,1623,-1.0,-1,-1,NULL,NULL,Variable,NULL
NULL,NULL,92,20,1625,-1.0,-1,-1,NULL,NULL,Variable,NULL
NULL,NULL,92,21,1626,-1.0,-1,-1,NULL,NULL,Variable,NULL
NULL,NULL,92,22,1627,-1.0,-1,-1,NULL,NULL,Variable,NULL
NULL,NULL,92,23,1628,-1.0,-1,-1,NULL,NULL,Variable,NULL
NULL,NULL,92,24,1629,-1.0,-1,-1,NULL,NULL,Variable,NULL
NULL,NULL,92,25,1630,-1.0,-1,-1,NULL,NULL,Variable,NULL
NULL,NULL,92,26,1631,-1.0,-1,-1,NULL,NULL,Variable,NULL
NULL,NULL,92,27,1632,-1.0,-1,-1,NULL,NULL,Variable,NULL
NULL,NULL,92,28,1633,-1.0,-1,-1,NULL,NULL,Variable,NULL
NULL,NULL,92,29,1634,-1.0,-1,-1,NULL,NULL,Variable,NULL
NULL,NULL,92,30,1636,-1.0,-1,-1,NULL,NULL,Variable,NULL
NULL,NULL,92,31,1637,-1.0,-1,-1,NULL,NULL,Variable,NULL
NULL,NULL,92,32,1639,-1.0,-1,-1,NULL,NULL,Variable,NULL
NULL,NULL,92,33,1642,-1.0,-1,-1,NULL,NULL,Variable,NULL
NULL,NULL,93,-1000,-1000,21.0,NULL,NULL,NULL,NULL,NULL,NULL
NULL,NULL,93,-999,-999,21.0,NULL,NULL,NULL,NULL,NULL,NULL
NULL,NULL,93,-998,-998,10.5,NULL,NULL,NULL,NULL,NULL,NULL
NULL,NULL,93,-997,-997,10.5,NULL,NULL,NULL,NULL,NULL,NULL
NULL,NULL,93,0,0,-1.0,-1,-1,NULL,NULL,NULL,NULL
NULL,NULL,93,1,1656,-1.0,-1,-1,NULL,NULL,Variable,NULL
NULL,NULL,93,2,1657,-1.0,-1,-1,NULL,NULL,Variable,NULL
NULL,NULL,93,3,1658,-1.0,-1,-1,NULL,NULL,Variable,NULL
NULL,NULL,93,4,1659,-1.0,-1,-1,NULL,NULL,Variable,NULL
NULL,NULL,93,5,1660,-1.0,-1,-1,NULL,NULL,Variable,NULL
NULL,NULL,93,6,1661,-1.0,-1,-1,NULL,NULL,Variable,NULL
NULL,NULL,93,7,1662,-1.0,-1,-1,NULL,NULL,Variable,NULL
NULL,NULL,93,8,1663,-1.0,-1,-1,NULL,NULL,Variable,NULL
NULL,NULL,93,9,1664,-1.0,-1,-1,NULL,NULL,Variable,NULL
NULL,NULL,93,10,1665,-1.0,-1,-1,NULL,NULL,Variable,NULL
NULL,NULL,93,11,1666,-1.0,-1,-1,NULL,NULL,Variable,NULL
NULL,NULL,93,12,1667,-1.0,-1,-1,NULL,NULL,Variable,NULL
NULL,NULL,93,13,1668,-1.0,-1,-1,NULL,NULL,Variable,NULL
NULL,NULL,93,14,1669,-1.0,-1,-1,NULL,NULL,Variable,NULL
NULL,NULL,93,15,1670,-1.0,-1,-1,NULL,NULL,Variable,NULL
NULL,NULL,93,16,1671,-1.0,-1,-1,NULL,NULL,Variable,NULL
NULL,NULL,93,17,1672,-1.0,-1,-1,NULL,NULL,Variable,NULL
NULL,NULL,93,18,1673,-1.0,-1,-1,NULL,NULL,Variable,NULL
NULL,NULL,93,19,1674,-1.0,-1,-1,NULL,NULL,Variable,NULL
NULL,NULL,93,20,1676,-1.0,-1,-1,NULL,NULL,Variable,NULL
NULL,NULL,93,21,1677,-1.0,-1,-1,NULL,NULL,Variable,NULL
NULL,NULL,93,22,1678,-1.0,-1,-1,NULL,NULL,Variable,NULL
NULL,NULL,93,23,1679,-1.0,-1,-1,NULL,NULL,Variable,NULL
NULL,NULL,93,24,1680,-1.0,-1,-1,NULL,NULL,Variable,NULL
NULL,NULL,93,25,1681,-1.0,-1,-1,NULL,NULL,Variable,NULL
NULL,NULL,93,26,1682,-1.0,-1,-1,NULL,NULL,Variable,NULL
NULL,NULL,93,27,1683,-1.0,-1,-1,NULL,NULL,Variable,NULL
NULL,NULL,93,28,1684,-1.0,-1,-1,NULL,NULL,Variable,NULL
NULL,NULL,93,29,1685,-1.0,-1,-1,NULL,NULL,Variable,NULL
NULL,NULL,93,30,1687,-1.0,-1,-1,NULL,NULL,Variable,NULL
NULL,NULL,93,31,1688,-1.0,-1,-1,NULL,NULL,Variable,NULL
NULL,NULL,93,32,1690,-1.0,-1,-1,NULL,NULL,Variable,NULL
NULL,NULL,93,33,1693,-1.0,-1,-1,NULL,NULL,Variable,NULL
NULL,NULL,94,-1000,-1000,21.0,NULL,NULL,NULL,NULL,NULL,NULL
NULL,NULL,94,-999,-999,21.0,NULL,NULL,NULL,NULL,NULL,NULL
NULL,NULL,94,-998,-998,10.5,NULL,NULL,NULL,NULL,NULL,NULL
NULL,NULL,94,-997,-997,10.5,NULL,NULL,NULL,NULL,NULL,NULL
NULL,NULL,94,0,0,-1.0,-1,-1,NULL,NULL,NULL,NULL
NULL,NULL,94,1,1716,-1.0,-1,-1,NULL,NULL,Variable,NULL
NULL,NULL,94,2,1717,-1.0,-1,-1,NULL,NULL,Variable,NULL
NULL,NULL,94,3,1718,-1.0,-1,-1,NULL,NULL,Variable,NULL
NULL,NULL,94,4,1719,-1.0,-1,-1,NULL,NULL,Variable,NULL
NULL,NULL,94,5,1720,-1.0,-1,-1,NULL,NULL,Variable,NULL
NULL,NULL,94,6,1721,-1.0,-1,-1,NULL,NULL,Variable,NULL
NULL,NULL,94,7,1722,-1.0,-1,-1,NULL,NULL,Variable,NULL
NULL,NULL,94,8,1723,-1.0,-1,-1,NULL,NULL,Variable,NULL
NULL,NULL,94,9,1724,-1.0,-1,-1,NULL,NULL,Variable,NULL
NULL,NULL,94,10,1725,-1.0,-1,-1,NULL,NULL,Variable,NULL
NULL,NULL,94,11,1726,-1.0,-1,-1,NULL,NULL,Variable,NULL
NULL,NULL,94,12,1727,-1.0,-1,-1,NULL,NULL,Variable,NULL
NULL,NULL,94,13,1728,-1.0,-1,-1,NULL,NULL,Variable,NULL
NULL,NULL,94,14,1729,-1.0,-1,-1,NULL,NULL,Variable,NULL
NULL,NULL,94,15,1730,-1.0,-1,-1,NULL,NULL,Variable,NULL
NULL,NULL,94,16,1731,-1.0,-1,-1,NULL,NULL,Variable,NULL
NULL,NULL,94,17,1732,-1.0,-1,-1,NULL,NULL,Variable,NULL
NULL,NULL,94,18,1733,-1.0,-1,-1,NULL,NULL,Variable,NULL
NULL,NULL,94,19,1734,-1.0,-1,-1,NULL,NULL,Variable,NULL
NULL,NULL,94,20,1735,-1.0,-1,-1,NULL,NULL,Variable,NULL
NULL,NULL,94,21,1736,-1.0,-1,-1,NULL,NULL,Variable,NULL
NULL,NULL,94,22,1737,-1.0,-1,-1,NULL,NULL,Variable,NULL
NULL,NULL,94,23,1738,-1.0,-1,-1,NULL,NULL,Variable,NULL
NULL,NULL,94,24,1739,-1.0,-1,-1,NULL,NULL,Variable,NULL
NULL,NULL,94,25,1740,-1.0,-1,-1,NULL,NULL,Variable,NULL
NULL,NULL,94,26,1741,-1.0,-1,-1,NULL,NULL,Variable,NULL
NULL,NULL,94,27,1742,-1.0,-1,-1,NULL,NULL,Variable,NULL
NULL,NULL,94,28,1743,-1.0,-1,-1,NULL,NULL,Variable,NULL
NULL,NULL,94,29,1744,-1.0,-1,-1,NULL,NULL,Variable,NULL
NULL,NULL,94,30,1745,-1.0,-1,-1,NULL,NULL,Variable,NULL
NULL,NULL,94,31,1746,-1.0,-1,-1,NULL,NULL,Variable,NULL
NULL,NULL,94,32,1747,-1.0,-1,-1,NULL,NULL,Variable,NULL
NULL,NULL,94,33,1748,-1.0,-1,-1,NULL,NULL,Variable,NULL
NULL,NULL,94,34,1749,-1.0,-1,-1,NULL,NULL,Variable,NULL
NULL,NULL,94,35,1750,-1.0,-1,-1,NULL,NULL,Variable,NULL
NULL,NULL,94,36,1751,-1.0,-1,-1,NULL,NULL,Variable,NULL
NULL,NULL,94,37,1753,-1.0,-1,-1,NULL,NULL,Variable,NULL
NULL,NULL,94,38,1754,-1.0,-1,-1,NULL,NULL,Variable,NULL
NULL,NULL,94,39,1755,-1.0,-1,-1,NULL,NULL,Variable,NULL
NULL,NULL,94,40,1756,-1.0,-1,-1,NULL,NULL,Variable,NULL
NULL,NULL,94,41,1757,-1.0,-1,-1,NULL,NULL,Variable,NULL
NULL,NULL,94,42,1758,-1.0,-1,-1,NULL,NULL,Variable,NULL
NULL,NULL,94,43,1759,-1.0,-1,-1,NULL,NULL,Variable,NULL
NULL,NULL,94,44,1760,-1.0,-1,-1,NULL,NULL,Variable,NULL
NULL,NULL,94,45,1761,-1.0,-1,-1,NULL,NULL,Variable,NULL
NULL,NULL,94,46,1762,-1.0,-1,-1,NULL,NULL,Variable,NULL
NULL,NULL,94,47,1764,-1.0,-1,-1,NULL,NULL,Variable,NULL
NULL,NULL,94,48,1765,-1.0,-1,-1,NULL,NULL,Variable,NULL
NULL,NULL,94,49,1767,-1.0,-1,-1,NULL,NULL,Variable,NULL
NULL,NULL,94,50,1770,-1.0,-1,-1,NULL,NULL,Variable,NULL
NULL,NULL,95,-1000,-1000,21.0,NULL,NULL,NULL,NULL,NULL,NULL
NULL,NULL,95,-999,-999,21.0,NULL,NULL,NULL,NULL,NULL,NULL
NULL,NULL,95,-998,-998,10.5,NULL,NULL,NULL,NULL,NULL,NULL
NULL,NULL,95,-997,-997,10.5,NULL,NULL,NULL,NULL,NULL,NULL
NULL,NULL,95,0,0,-1.0,-1,-1,NULL,NULL,NULL,NULL
NULL,NULL,95,1,1802,-1.0,-1,-1,NULL,NULL,Variable,NULL
NULL,NULL,95,2,1803,-1.0,-1,-1,NULL,NULL,Variable,NULL
NULL,NULL,95,3,1804,-1.0,-1,-1,NULL,NULL,Variable,NULL
NULL,NULL,95,4,1805,-1.0,-1,-1,NULL,NULL,Variable,NULL
NULL,NULL,95,5,1806,-1.0,-1,-1,NULL,NULL,Variable,NULL
NULL,NULL,95,6,1807,-1.0,-1,-1,NULL,NULL,Variable,NULL
NULL,NULL,95,7,1808,-1.0,-1,-1,NULL,NULL,Variable,NULL
NULL,NULL,95,8,1809,-1.0,-1,-1,NULL,NULL,Variable,NULL
NULL,NULL,95,9,1810,-1.0,-1,-1,NULL,NULL,Variable,NULL
NULL,NULL,95,10,1811,-1.0,-1,-1,NULL,NULL,Variable,NULL
NULL,NULL,95,11,1812,-1.0,-1,-1,NULL,NULL,Variable,NULL
NULL,NULL,95,12,1813,-1.0,-1,-1,NULL,NULL,Variable,NULL
NULL,NULL,95,13,1814,-1.0,-1,-1,NULL,NULL,Variable,NULL
NULL,NULL,95,14,1815,-1.0,-1,-1,NULL,NULL,Variable,NULL
NULL,NULL,95,15,1816,-1.0,-1,-1,NULL,NULL,Variable,NULL
NULL,NULL,95,16,1817,-1.0,-1,-1,NULL,NULL,Variable,NULL
NULL,NULL,95,17,1818,-1.0,-1,-1,NULL,NULL,Variable,NULL
NULL,NULL,95,18,1819,-1.0,-1,-1,NULL,NULL,Variable,NULL
NULL,NULL,95,19,1820,-1.0,-1,-1,NULL,NULL,Variable,NULL
NULL,NULL,95,20,1822,-1.0,-1,-1,NULL,NULL,Variable,NULL
NULL,NULL,95,21,1823,-1.0,-1,-1,NULL,NULL,Variable,NULL
NULL,NULL,95,22,1824,-1.0,-1,-1,NULL,NULL,Variable,NULL
NULL,NULL,95,23,1826,-1.0,-1,-1,NULL,NULL,Variable,NULL
NULL,NULL,95,24,1827,-1.0,-1,-1,NULL,NULL,Variable,NULL
NULL,NULL,95,25,1828,-1.0,-1,-1,NULL,NULL,Variable,NULL
NULL,NULL,95,26,1829,-1.0,-1,-1,NULL,NULL,Variable,NULL
NULL,NULL,95,27,1831,-1.0,-1,-1,NULL,NULL,Variable,NULL
NULL,NULL,95,28,1834,-1.0,-1,-1,NULL,NULL,Variable,NULL
NULL,NULL,96,-1000,-1000,21.0,NULL,NULL,NULL,NULL,NULL,NULL
NULL,NULL,96,-999,-999,21.0,NULL,NULL,NULL,NULL,NULL,NULL
NULL,NULL,96,-998,-998,10.5,NULL,NULL,NULL,NULL,NULL,NULL
NULL,NULL,96,-997,-997,10.5,NULL,NULL,NULL,NULL,NULL,NULL
NULL,NULL,96,0,0,-1.0,-1,-1,NULL,NULL,NULL,NULL
NULL,NULL,96,1,1857,-1.0,-1,-1,NULL,NULL,Variable,NULL
NULL,NULL,96,2,1858,-1.0,-1,-1,NULL,NULL,Variable,NULL
NULL,NULL,96,3,1859,-1.0,-1,-1,NULL,NULL,Variable,NULL
NULL,NULL,96,4,1860,-1.0,-1,-1,NULL,NULL,Variable,NULL
NULL,NULL,96,5,1861,-1.0,-1,-1,NULL,NULL,Variable,NULL
NULL,NULL,96,6,1862,-1.0,-1,-1,NULL,NULL,Variable,NULL
NULL,NULL,96,7,1863,-1.0,-1,-1,NULL,NULL,Variable,NULL
NULL,NULL,96,8,1864,-1.0,-1,-1,NULL,NULL,Variable,NULL
NULL,NULL,96,9,1865,-1.0,-1,-1,NULL,NULL,Variable,NULL
NULL,NULL,96,10,1866,-1.0,-1,-1,NULL,NULL,Variable,NULL
NULL,NULL,96,11,1867,-1.0,-1,-1,NULL,NULL,Variable,NULL
NULL,NULL,96,12,1868,-1.0,-1,-1,NULL,NULL,Variable,NULL
NULL,NULL,96,13,1869,-1.0,-1,-1,NULL,NULL,Variable,NULL
NULL,NULL,96,14,1870,-1.0,-1,-1,NULL,NULL,Variable,NULL
NULL,NULL,96,15,1871,-1.0,-1,-1,NULL,NULL,Variable,NULL
NULL,NULL,96,16,1872,-1.0,-1,-1,NULL,NULL,Variable,NULL
NULL,NULL,96,17,1873,-1.0,-1,-1,NULL,NULL,Variable,NULL
NULL,NULL,96,18,1874,-1.0,-1,-1,NULL,NULL,Variable,NULL
NULL,NULL,96,19,1875,-1.0,-1,-1,NULL,NULL,Variable,NULL
NULL,NULL,96,20,1877,-1.0,-1,-1,NULL,NULL,Variable,NULL
NULL,NULL,96,21,1878,-1.0,-1,-1,NULL,NULL,Variable,NULL
NULL,NULL,96,22,1879,-1.0,-1,-1,NULL,NULL,Variable,NULL
NULL,NULL,96,23,1881,-1.0,-1,-1,NULL,NULL,Variable,NULL
NULL,NULL,96,24,1882,-1.0,-1,-1,NULL,NULL,Variable,NULL
NULL,NULL,96,25,1883,-1.0,-1,-1,NULL,NULL,Variable,NULL
NULL,NULL,96,26,1884,-1.0,-1,-1,NULL,NULL,Variable,NULL
NULL,NULL,96,27,1886,-1.0,-1,-1,NULL,NULL,Variable,NULL
NULL,NULL,96,28,1889,-1.0,-1,-1,NULL,NULL,Variable,NULL
NULL,NULL,97,-1000,-1000,21.0,NULL,NULL,NULL,NULL,NULL,NULL
NULL,NULL,97,-999,-999,21.0,NULL,NULL,NULL,NULL,NULL,NULL
NULL,NULL,97,-998,-998,10.5,NULL,NULL,NULL,NULL,NULL,NULL
NULL,NULL,97,-997,-997,10.5,NULL,NULL,NULL,NULL,NULL,NULL
NULL,NULL,97,0,0,-1.0,-1,-1,NULL,NULL,NULL,NULL
NULL,NULL,97,1,1912,-1.0,-1,-1,NULL,NULL,Variable,NULL
NULL,NULL,97,2,1913,-1.0,-1,-1,NULL,NULL,Variable,NULL
NULL,NULL,97,3,1914,-1.0,-1,-1,NULL,NULL,Variable,NULL
NULL,NULL,97,4,1915,-1.0,-1,-1,NULL,NULL,Variable,NULL
NULL,NULL,97,5,1916,-1.0,-1,-1,NULL,NULL,Variable,NULL
NULL,NULL,97,6,1917,-1.0,-1,-1,NULL,NULL,Variable,NULL
NULL,NULL,97,7,1918,-1.0,-1,-1,NULL,NULL,Variable,NULL
NULL,NULL,97,8,1919,-1.0,-1,-1,NULL,NULL,Variable,NULL
NULL,NULL,97,9,1920,-1.0,-1,-1,NULL,NULL,Variable,NULL
NULL,NULL,97,10,1921,-1.0,-1,-1,NULL,NULL,Variable,NULL
NULL,NULL,97,11,1922,-1.0,-1,-1,NULL,NULL,Variable,NULL
NULL,NULL,97,12,1923,-1.0,-1,-1,NULL,NULL,Variable,NULL
NULL,NULL,97,13,1924,-1.0,-1,-1,NULL,NULL,Variable,NULL
NULL,NULL,97,14,1925,-1.0,-1,-1,NULL,NULL,Variable,NULL
NULL,NULL,97,15,1926,-1.0,-1,-1,NULL,NULL,Variable,NULL
NULL,NULL,97,16,1927,-1.0,-1,-1,NULL,NULL,Variable,NULL
NULL,NULL,97,17,1928,-1.0,-1,-1,NULL,NULL,Variable,NULL
NULL,NULL,97,18,1929,-1.0,-1,-1,NULL,NULL,Variable,NULL
NULL,NULL,97,19,1930,-1.0,-1,-1,NULL,NULL,Variable,NULL
NULL,NULL,97,20,1932,-1.0,-1,-1,NULL,NULL,Variable,NULL
NULL,NULL,97,21,1933,-1.0,-1,-1,NULL,NULL,Variable,NULL
NULL,NULL,97,22,1934,-1.0,-1,-1,NULL,NULL,Variable,NULL
NULL,NULL,97,23,1936,-1.0,-1,-1,NULL,NULL,Variable,NULL
NULL,NULL,97,24,1937,-1.0,-1,-1,NULL,NULL,Variable,NULL
NULL,NULL,97,25,1938,-1.0,-1,-1,NULL,NULL,Variable,NULL
NULL,NULL,97,26,1939,-1.0,-1,-1,NULL,NULL,Variable,NULL
NULL,NULL,97,27,1941,-1.0,-1,-1,NULL,NULL,Variable,NULL
NULL,NULL,97,28,1944,-1.0,-1,-1,NULL,NULL,Variable,NULL
NULL,NULL,98,-1000,-1000,21.0,NULL,NULL,NULL,NULL,NULL,NULL
NULL,NULL,98,-999,-999,21.0,NULL,NULL,NULL,NULL,NULL,NULL
NULL,NULL,98,-998,-998,10.5,NULL,NULL,NULL,NULL,NULL,NULL
NULL,NULL,98,-997,-997,10.5,NULL,NULL,NULL,NULL,NULL,NULL
NULL,NULL,98,0,0,-1.0,-1,-1,NULL,NULL,NULL,NULL
NULL,NULL,98,1,1966,-1.0,-1,-1,NULL,NULL,Variable,NULL
NULL,NULL,98,2,1967,-1.0,-1,-1,NULL,NULL,Variable,NULL
NULL,NULL,98,3,1968,-1.0,-1,-1,NULL,NULL,Variable,NULL
NULL,NULL,98,4,1969,-1.0,-1,-1,NULL,NULL,Variable,NULL
NULL,NULL,98,5,1970,-1.0,-1,-1,NULL,NULL,Variable,NULL
NULL,NULL,98,6,1971,-1.0,-1,-1,NULL,NULL,Variable,NULL
NULL,NULL,98,7,1972,-1.0,-1,-1,NULL,NULL,Variable,NULL
NULL,NULL,98,8,1973,-1.0,-1,-1,NULL,NULL,Variable,NULL
NULL,NULL,98,9,1974,-1.0,-1,-1,NULL,NULL,Variable,NULL
NULL,NULL,98,10,1975,-1.0,-1,-1,NULL,NULL,Variable,NULL
NULL,NULL,98,11,1976,-1.0,-1,-1,NULL,NULL,Variable,NULL
NULL,NULL,98,12,1977,-1.0,-1,-1,NULL,NULL,Variable,NULL
NULL,NULL,98,13,1978,-1.0,-1,-1,NULL,NULL,Variable,NULL
NULL,NULL,98,14,1979,-1.0,-1,-1,NULL,NULL,Variable,NULL
NULL,NULL,98,15,1980,-1.0,-1,-1,NULL,NULL,Variable,NULL
NULL,NULL,98,16,1981,-1.0,-1,-1,NULL,NULL,Variable,NULL
NULL,NULL,98,17,1982,-1.0,-1,-1,NULL,NULL,Variable,NULL
NULL,NULL,98,18,1983,-1.0,-1,-1,NULL,NULL,Variable,NULL
NULL,NULL,98,19,1984,-1.0,-1,-1,NULL,NULL,Variable,NULL
NULL,NULL,98,20,1986,-1.0,-1,-1,NULL,NULL,Variable,NULL
NULL,NULL,98,21,1987,-1.0,-1,-1,NULL,NULL,Variable,NULL
NULL,NULL,98,22,1988,-1.0,-1,-1,NULL,NULL,Variable,NULL
NULL,NULL,98,23,1990,-1.0,-1,-1,NULL,NULL,Variable,NULL
NULL,NULL,98,24,1991,-1.0,-1,-1,NULL,NULL,Variable,NULL
NULL,NULL,98,25,1992,-1.0,-1,-1,NULL,NULL,Variable,NULL
NULL,NULL,98,26,1993,-1.0,-1,-1,NULL,NULL,Variable,NULL
NULL,NULL,98,27,1995,-1.0,-1,-1,NULL,NULL,Variable,NULL
NULL,NULL,98,28,1998,-1.0,-1,-1,NULL,NULL,Variable,NULL
NULL,NULL,99,-1000,-1000,21.0,NULL,NULL,NULL,NULL,NULL,NULL
NULL,NULL,99,-999,-999,21.0,NULL,NULL,NULL,NULL,NULL,NULL
NULL,NULL,99,-998,-998,10.5,NULL,NULL,NULL,NULL,NULL,NULL
NULL,NULL,99,-997,-997,10.5,NULL,NULL,NULL,NULL,NULL,NULL
NULL,NULL,99,0,0,-1.0,-1,-1,NULL,NULL,NULL,NULL
NULL,NULL,99,1,2020,-1.0,-1,-1,NULL,NULL,Variable,NULL
NULL,NULL,99,2,2021,-1.0,-1,-1,NULL,NULL,Variable,NULL
NULL,NULL,99,3,2022,-1.0,-1,-1,NULL,NULL,Variable,NULL
NULL,NULL,99,4,2023,-1.0,-1,-1,NULL,NULL,Variable,NULL
NULL,NULL,99,5,2024,-1.0,-1,-1,NULL,NULL,Variable,NULL
NULL,NULL,99,6,2025,-1.0,-1,-1,NULL,NULL,Variable,NULL
NULL,NULL,99,7,2026,-1.0,-1,-1,NULL,NULL,Variable,NULL
NULL,NULL,99,8,2027,-1.0,-1,-1,NULL,NULL,Variable,NULL
NULL,NULL,99,9,2028,-1.0,-1,-1,NULL,NULL,Variable,NULL
NULL,NULL,99,10,2029,-1.0,-1,-1,NULL,NULL,Variable,NULL
NULL,NULL,99,11,2030,-1.0,-1,-1,NULL,NULL,Variable,NULL
NULL,NULL,99,12,2031,-1.0,-1,-1,NULL,NULL,Variable,NULL
NULL,NULL,99,13,2032,-1.0,-1,-1,NULL,NULL,Variable,NULL
NULL,NULL,99,14,2033,-1.0,-1,-1,NULL,NULL,Variable,NULL
NULL,NULL,99,15,2034,-1.0,-1,-1,NULL,NULL,Variable,NULL
NULL,NULL,99,16,2035,-1.0,-1,-1,NULL,NULL,Variable,NULL
NULL,NULL,99,17,2036,-1.0,-1,-1,NULL,NULL,Variable,NULL
NULL,NULL,99,18,2037,-1.0,-1,-1,NULL,NULL,Variable,NULL
NULL,NULL,99,19,2038,-1.0,-1,-1,NULL,NULL,Variable,NULL
NULL,NULL,99,20,2040,-1.0,-1,-1,NULL,NULL,Variable,NULL
NULL,NULL,99,21,2041,-1.0,-1,-1,NULL,NULL,Variable,NULL
NULL,NULL,99,22,2042,-1.0,-1,-1,NULL,NULL,Variable,NULL
NULL,NULL,99,23,2044,-1.0,-1,-1,NULL,NULL,Variable,NULL
NULL,NULL,99,24,2045,-1.0,-1,-1,NULL,NULL,Variable,NULL
NULL,NULL,99,25,2046,-1.0,-1,-1,NULL,NULL,Variable,NULL
NULL,NULL,99,26,2047,-1.0,-1,-1,NULL,NULL,Variable,NULL
NULL,NULL,99,27,2049,-1.0,-1,-1,NULL,NULL,Variable,NULL
NULL,NULL,99,28,2052,-1.0,-1,-1,NULL,NULL,Variable,NULL
NULL,NULL,100,-1000,-1000,21.0,NULL,NULL,NULL,NULL,NULL,NULL
NULL,NULL,100,-999,-999,21.0,NULL,NULL,NULL,NULL,NULL,NULL
NULL,NULL,100,-998,-998,10.5,NULL,NULL,NULL,NULL,NULL,NULL
NULL,NULL,100,-997,-997,10.5,NULL,NULL,NULL,NULL,NULL,NULL
NULL,NULL,100,0,0,-1.0,-1,-1,NULL,NULL,NULL,NULL
NULL,NULL,100,1,2074,-1.0,-1,-1,NULL,NULL,Variable,NULL
NULL,NULL,100,2,2075,-1.0,-1,-1,NULL,NULL,Variable,NULL
NULL,NULL,100,3,2076,-1.0,-1,-1,NULL,NULL,Variable,NULL
NULL,NULL,100,4,2077,-1.0,-1,-1,NULL,NULL,Variable,NULL
NULL,NULL,100,5,2078,-1.0,-1,-1,NULL,NULL,Variable,NULL
NULL,NULL,100,6,2079,-1.0,-1,-1,NULL,NULL,Variable,NULL
NULL,NULL,100,7,2080,-1.0,-1,-1,NULL,NULL,Variable,NULL
NULL,NULL,100,8,2081,-1.0,-1,-1,NULL,NULL,Variable,NULL
NULL,NULL,100,9,2082,-1.0,-1,-1,NULL,NULL,Variable,NULL
NULL,NULL,100,10,2083,-1.0,-1,-1,NULL,NULL,Variable,NULL
NULL,NULL,100,11,2084,-1.0,-1,-1,NULL,NULL,Variable,NULL
NULL,NULL,100,12,2085,-1.0,-1,-1,NULL,NULL,Variable,NULL
NULL,NULL,100,13,2086,-1.0,-1,-1,NULL,NULL,Variable,NULL
NULL,NULL,100,14,2087,-1.0,-1,-1,NULL,NULL,Variable,NULL
NULL,NULL,100,15,2088,-1.0,-1,-1,NULL,NULL,Variable,NULL
NULL,NULL,100,16,2089,-1.0,-1,-1,NULL,NULL,Variable,NULL
NULL,NULL,100,17,2090,-1.0,-1,-1,NULL,NULL,Variable,NULL
NULL,NULL,100,18,2091,-1.0,-1,-1,NULL,NULL,Variable,NULL
NULL,NULL,100,19,2092,-1.0,-1,-1,NULL,NULL,Variable,NULL
NULL,NULL,100,20,2094,-1.0,-1,-1,NULL,NULL,Variable,NULL
NULL,NULL,100,21,2095,-1.0,-1,-1,NULL,NULL,Variable,NULL
NULL,NULL,100,22,2096,-1.0,-1,-1,NULL,NULL,Variable,NULL
NULL,NULL,100,23,2098,-1.0,-1,-1,NULL,NULL,Variable,NULL
NULL,NULL,100,24,2099,-1.0,-1,-1,NULL,NULL,Variable,NULL
NULL,NULL,100,25,2100,-1.0,-1,-1,NULL,NULL,Variable,NULL
NULL,NULL,100,26,2101,-1.0,-1,-1,NULL,NULL,Variable,NULL
NULL,NULL,100,27,2103,-1.0,-1,-1,NULL,NULL,Variable,NULL
NULL,NULL,100,28,2106,-1.0,-1,-1,NULL,NULL,Variable,NULL
NULL,NULL,101,-1000,-1000,21.0,NULL,NULL,NULL,NULL,NULL,NULL
NULL,NULL,101,-999,-999,21.0,NULL,NULL,NULL,NULL,NULL,NULL
NULL,NULL,101,-998,-998,10.5,NULL,NULL,NULL,NULL,NULL,NULL
NULL,NULL,101,-997,-997,10.5,NULL,NULL,NULL,NULL,NULL,NULL
NULL,NULL,101,0,0,-1.0,-1,-1,NULL,NULL,NULL,NULL
NULL,NULL,101,1,2128,-1.0,-1,-1,NULL,NULL,Variable,NULL
NULL,NULL,101,2,2129,-1.0,-1,-1,NULL,NULL,Variable,NULL
NULL,NULL,101,3,2130,-1.0,-1,-1,NULL,NULL,Variable,NULL
NULL,NULL,101,4,2131,-1.0,-1,-1,NULL,NULL,Variable,NULL
NULL,NULL,101,5,2132,-1.0,-1,-1,NULL,NULL,Variable,NULL
NULL,NULL,101,6,2133,-1.0,-1,-1,NULL,NULL,Variable,NULL
NULL,NULL,101,7,2134,-1.0,-1,-1,NULL,NULL,Variable,NULL
NULL,NULL,101,8,2135,-1.0,-1,-1,NULL,NULL,Variable,NULL
NULL,NULL,101,9,2136,-1.0,-1,-1,NULL,NULL,Variable,NULL
NULL,NULL,101,10,2137,-1.0,-1,-1,NULL,NULL,Variable,NULL
NULL,NULL,101,11,2138,-1.0,-1,-1,NULL,NULL,Variable,NULL
NULL,NULL,101,12,2139,-1.0,-1,-1,NULL,NULL,Variable,NULL
NULL,NULL,101,13,2140,-1.0,-1,-1,NULL,NULL,Variable,NULL
NULL,NULL,101,14,2141,-1.0,-1,-1,NULL,NULL,Variable,NULL
NULL,NULL,101,15,2142,-1.0,-1,-1,NULL,NULL,Variable,NULL
NULL,NULL,101,16,2143,-1.0,-1,-1,NULL,NULL,Variable,NULL
NULL,NULL,101,17,2144,-1.0,-1,-1,NULL,NULL,Variable,NULL
NULL,NULL,101,18,2145,-1.0,-1,-1,NULL,NULL,Variable,NULL
NULL,NULL,101,19,2146,-1.0,-1,-1,NULL,NULL,Variable,NULL
NULL,NULL,101,20,2147,-1.0,-1,-1,NULL,NULL,Variable,NULL
NULL,NULL,101,21,2148,-1.0,-1,-1,NULL,NULL,Variable,NULL
NULL,NULL,101,22,2149,-1.0,-1,-1,NULL,NULL,Variable,NULL
NULL,NULL,101,23,2150,-1.0,-1,-1,NULL,NULL,Variable,NULL
NULL,NULL,101,24,2151,-1.0,-1,-1,NULL,NULL,Variable,NULL
NULL,NULL,101,25,2152,-1.0,-1,-1,NULL,NULL,Variable,NULL
NULL,NULL,101,26,2153,-1.0,-1,-1,NULL,NULL,Variable,NULL
NULL,NULL,101,27,2154,-1.0,-1,-1,NULL,NULL,Variable,NULL
NULL,NULL,101,28,2155,-1.0,-1,-1,NULL,NULL,Variable,NULL
NULL,NULL,101,29,2156,-1.0,-1,-1,NULL,NULL,Variable,NULL
NULL,NULL,101,30,2157,-1.0,-1,-1,NULL,NULL,Variable,NULL
NULL,NULL,101,31,2158,-1.0,-1,-1,NULL,NULL,Variable,NULL
NULL,NULL,101,32,2159,-1.0,-1,-1,NULL,NULL,Variable,NULL
NULL,NULL,101,33,2160,-1.0,-1,-1,NULL,NULL,Variable,NULL
NULL,NULL,101,34,2161,-1.0,-1,-1,NULL,NULL,Variable,NULL
NULL,NULL,101,35,2162,-1.0,-1,-1,NULL,NULL,Variable,NULL
NULL,NULL,101,36,2163,-1.0,-1,-1,NULL,NULL,Variable,NULL
NULL,NULL,101,37,2165,-1.0,-1,-1,NULL,NULL,Variable,NULL
NULL,NULL,101,38,2166,-1.0,-1,-1,NULL,NULL,Variable,NULL
NULL,NULL,101,39,2167,-1.0,-1,-1,NULL,NULL,Variable,NULL
NULL,NULL,101,40,2168,-1.0,-1,-1,NULL,NULL,Variable,NULL
NULL,NULL,101,41,2169,-1.0,-1,-1,NULL,NULL,Variable,NULL
NULL,NULL,101,42,2170,-1.0,-1,-1,NULL,NULL,Variable,NULL
NULL,NULL,101,43,2171,-1.0,-1,-1,NULL,NULL,Variable,NULL
NULL,NULL,101,44,2172,-1.0,-1,-1,NULL,NULL,Variable,NULL
NULL,NULL,101,45,2173,-1.0,-1,-1,NULL,NULL,Variable,NULL
NULL,NULL,101,46,2174,-1.0,-1,-1,NULL,NULL,Variable,NULL
NULL,NULL,101,47,2176,-1.0,-1,-1,NULL,NULL,Variable,NULL
NULL,NULL,101,48,2177,-1.0,-1,-1,NULL,NULL,Variable,NULL
NULL,NULL,101,49,2179,-1.0,-1,-1,NULL,NULL,Variable,NULL
NULL,NULL,101,50,2182,-1.0,-1,-1,NULL,NULL,Variable,NULL
NULL,NULL,102,-1000,-1000,21.0,NULL,NULL,NULL,NULL,NULL,NULL
NULL,NULL,102,-999,-999,21.0,NULL,NULL,NULL,NULL,NULL,NULL
NULL,NULL,102,-998,-998,10.5,NULL,NULL,NULL,NULL,NULL,NULL
NULL,NULL,102,-997,-997,10.5,NULL,NULL,NULL,NULL,NULL,NULL
NULL,NULL,102,0,0,-1.0,-1,-1,NULL,NULL,NULL,NULL
NULL,NULL,102,1,2214,-1.0,-1,-1,NULL,NULL,Variable,NULL
NULL,NULL,102,2,2215,-1.0,-1,-1,NULL,NULL,Variable,NULL
NULL,NULL,102,3,2216,-1.0,-1,-1,NULL,NULL,Variable,NULL
NULL,NULL,102,4,2217,-1.0,-1,-1,NULL,NULL,Variable,NULL
NULL,NULL,102,5,2218,-1.0,-1,-1,NULL,NULL,Variable,NULL
NULL,NULL,102,6,2219,-1.0,-1,-1,NULL,NULL,Variable,NULL
NULL,NULL,102,7,2220,-1.0,-1,-1,NULL,NULL,Variable,NULL
NULL,NULL,102,8,2221,-1.0,-1,-1,NULL,NULL,Variable,NULL
NULL,NULL,102,9,2222,-1.0,-1,-1,NULL,NULL,Variable,NULL
NULL,NULL,102,10,2223,-1.0,-1,-1,NULL,NULL,Variable,NULL
NULL,NULL,102,11,2224,-1.0,-1,-1,NULL,NULL,Variable,NULL
NULL,NULL,102,12,2225,-1.0,-1,-1,NULL,NULL,Variable,NULL
NULL,NULL,102,13,2226,-1.0,-1,-1,NULL,NULL,Variable,NULL
NULL,NULL,102,14,2227,-1.0,-1,-1,NULL,NULL,Variable,NULL
NULL,NULL,102,15,2228,-1.0,-1,-1,NULL,NULL,Variable,NULL
NULL,NULL,102,16,2229,-1.0,-1,-1,NULL,NULL,Variable,NULL
NULL,NULL,102,17,2230,-1.0,-1,-1,NULL,NULL,Variable,NULL
NULL,NULL,102,18,2231,-1.0,-1,-1,NULL,NULL,Variable,NULL
NULL,NULL,102,19,2232,-1.0,-1,-1,NULL,NULL,Variable,NULL
NULL,NULL,102,20,2234,-1.0,-1,-1,NULL,NULL,Variable,NULL
NULL,NULL,102,21,2235,-1.0,-1,-1,NULL,NULL,Variable,NULL
NULL,NULL,102,22,2236,-1.0,-1,-1,NULL,NULL,Variable,NULL
NULL,NULL,102,23,2237,-1.0,-1,-1,NULL,NULL,Variable,NULL
NULL,NULL,102,24,2238,-1.0,-1,-1,NULL,NULL,Variable,NULL
NULL,NULL,102,25,2239,-1.0,-1,-1,NULL,NULL,Variable,NULL
NULL,NULL,102,26,2240,-1.0,-1,-1,NULL,NULL,Variable,NULL
NULL,NULL,102,27,2241,-1.0,-1,-1,NULL,NULL,Variable,NULL
NULL,NULL,102,28,2242,-1.0,-1,-1,NULL,NULL,Variable,NULL
NULL,NULL,102,29,2243,-1.0,-1,-1,NULL,NULL,Variable,NULL
NULL,NULL,102,30,2245,-1.0,-1,-1,NULL,NULL,Variable,NULL
NULL,NULL,102,31,2246,-1.0,-1,-1,NULL,NULL,Variable,NULL
NULL,NULL,102,32,2248,-1.0,-1,-1,NULL,NULL,Variable,NULL
NULL,NULL,102,33,2251,-1.0,-1,-1,NULL,NULL,Variable,NULL
NULL,NULL,103,-1000,-1000,21.0,NULL,NULL,NULL,NULL,NULL,NULL
NULL,NULL,103,-999,-999,21.0,NULL,NULL,NULL,NULL,NULL,NULL
NULL,NULL,103,-998,-998,10.5,NULL,NULL,NULL,NULL,NULL,NULL
NULL,NULL,103,-997,-997,10.5,NULL,NULL,NULL,NULL,NULL,NULL
NULL,NULL,103,0,0,-1.0,-1,-1,NULL,NULL,NULL,NULL
NULL,NULL,103,1,2265,-1.0,-1,-1,NULL,NULL,Variable,NULL
NULL,NULL,103,2,2266,-1.0,-1,-1,NULL,NULL,Variable,NULL
NULL,NULL,103,3,2267,-1.0,-1,-1,NULL,NULL,Variable,NULL
NULL,NULL,103,4,2268,-1.0,-1,-1,NULL,NULL,Variable,NULL
NULL,NULL,103,5,2269,-1.0,-1,-1,NULL,NULL,Variable,NULL
NULL,NULL,103,6,2270,-1.0,-1,-1,NULL,NULL,Variable,NULL
NULL,NULL,103,7,2271,-1.0,-1,-1,NULL,NULL,Variable,NULL
NULL,NULL,103,8,2272,-1.0,-1,-1,NULL,NULL,Variable,NULL
NULL,NULL,103,9,2273,-1.0,-1,-1,NULL,NULL,Variable,NULL
NULL,NULL,103,10,2274,-1.0,-1,-1,NULL,NULL,Variable,NULL
NULL,NULL,103,11,2275,-1.0,-1,-1,NULL,NULL,Variable,NULL
NULL,NULL,103,12,2276,-1.0,-1,-1,NULL,NULL,Variable,NULL
NULL,NULL,103,13,2277,-1.0,-1,-1,NULL,NULL,Variable,NULL
NULL,NULL,103,14,2278,-1.0,-1,-1,NULL,NULL,Variable,NULL
NULL,NULL,103,15,2279,-1.0,-1,-1,NULL,NULL,Variable,NULL
NULL,NULL,103,16,2280,-1.0,-1,-1,NULL,NULL,Variable,NULL
NULL,NULL,103,17,2281,-1.0,-1,-1,NULL,NULL,Variable,NULL
NULL,NULL,103,18,2282,-1.0,-1,-1,NULL,NULL,Variable,NULL
NULL,NULL,103,19,2283,-1.0,-1,-1,NULL,NULL,Variable,NULL
NULL,NULL,103,20,2285,-1.0,-1,-1,NULL,NULL,Variable,NULL
NULL,NULL,103,21,2286,-1.0,-1,-1,NULL,NULL,Variable,NULL
NULL,NULL,103,22,2287,-1.0,-1,-1,NULL,NULL,Variable,NULL
NULL,NULL,103,23,2289,-1.0,-1,-1,NULL,NULL,Variable,NULL
NULL,NULL,103,24,2290,-1.0,-1,-1,NULL,NULL,Variable,NULL
NULL,NULL,103,25,2291,-1.0,-1,-1,NULL,NULL,Variable,NULL
NULL,NULL,103,26,2292,-1.0,-1,-1,NULL,NULL,Variable,NULL
NULL,NULL,103,27,2294,-1.0,-1,-1,NULL,NULL,Variable,NULL
NULL,NULL,103,28,2297,-1.0,-1,-1,NULL,NULL,Variable,NULL
NULL,NULL,104,-1000,-1000,21.0,NULL,NULL,NULL,NULL,NULL,NULL
NULL,NULL,104,-999,-999,21.0,NULL,NULL,NULL,NULL,NULL,NULL
NULL,NULL,104,-998,-998,10.5,NULL,NULL,NULL,NULL,NULL,NULL
NULL,NULL,104,-997,-997,10.5,NULL,NULL,NULL,NULL,NULL,NULL
NULL,NULL,104,0,0,-1.0,-1,-1,NULL,NULL,NULL,NULL
NULL,NULL,104,1,2319,-1.0,-1,-1,NULL,NULL,Variable,NULL
NULL,NULL,104,2,2320,-1.0,-1,-1,NULL,NULL,Variable,NULL
NULL,NULL,104,3,2321,-1.0,-1,-1,NULL,NULL,Variable,NULL
NULL,NULL,104,4,2322,-1.0,-1,-1,NULL,NULL,Variable,NULL
NULL,NULL,104,5,2323,-1.0,-1,-1,NULL,NULL,Variable,NULL
NULL,NULL,104,6,2324,-1.0,-1,-1,NULL,NULL,Variable,NULL
NULL,NULL,104,7,2325,-1.0,-1,-1,NULL,NULL,Variable,NULL
NULL,NULL,104,8,2326,-1.0,-1,-1,NULL,NULL,Variable,NULL
NULL,NULL,104,9,2327,-1.0,-1,-1,NULL,NULL,Variable,NULL
NULL,NULL,104,10,2328,-1.0,-1,-1,NULL,NULL,Variable,NULL
NULL,NULL,104,11,2329,-1.0,-1,-1,NULL,NULL,Variable,NULL
NULL,NULL,104,12,2330,-1.0,-1,-1,NULL,NULL,Variable,NULL
NULL,NULL,104,13,2331,-1.0,-1,-1,NULL,NULL,Variable,NULL
NULL,NULL,104,14,2332,-1.0,-1,-1,NULL,NULL,Variable,NULL
NULL,NULL,104,15,2333,-1.0,-1,-1,NULL,NULL,Variable,NULL
NULL,NULL,104,16,2334,-1.0,-1,-1,NULL,NULL,Variable,NULL
NULL,NULL,104,17,2335,-1.0,-1,-1,NULL,NULL,Variable,NULL
NULL,NULL,104,18,2336,-1.0,-1,-1,NULL,NULL,Variable,NULL
NULL,NULL,104,19,2337,-1.0,-1,-1,NULL,NULL,Variable,NULL
NULL,NULL,104,20,2339,-1.0,-1,-1,NULL,NULL,Variable,NULL
NULL,NULL,104,21,2340,-1.0,-1,-1,NULL,NULL,Variable,NULL
NULL,NULL,104,22,2341,-1.0,-1,-1,NULL,NULL,Variable,NULL
NULL,NULL,104,23,2343,-1.0,-1,-1,NULL,NULL,Variable,NULL
NULL,NULL,104,24,2344,-1.0,-1,-1,NULL,NULL,Variable,NULL
NULL,NULL,104,25,2345,-1.0,-1,-1,NULL,NULL,Variable,NULL
NULL,NULL,104,26,2346,-1.0,-1,-1,NULL,NULL,Variable,NULL
NULL,NULL,104,27,2348,-1.0,-1,-1,NULL,NULL,Variable,NULL
NULL,NULL,104,28,2351,-1.0,-1,-1,NULL,NULL,Variable,NULL
NULL,NULL,105,-1000,-1000,21.0,NULL,NULL,NULL,NULL,NULL,NULL
NULL,NULL,105,-999,-999,21.0,NULL,NULL,NULL,NULL,NULL,NULL
NULL,NULL,105,-998,-998,10.5,NULL,NULL,NULL,NULL,NULL,NULL
NULL,NULL,105,-997,-997,10.5,NULL,NULL,NULL,NULL,NULL,NULL
NULL,NULL,105,0,0,-1.0,-1,-1,NULL,NULL,NULL,NULL
NULL,NULL,105,1,2373,-1.0,-1,-1,NULL,NULL,Variable,NULL
NULL,NULL,105,2,2374,-1.0,-1,-1,NULL,NULL,Variable,NULL
NULL,NULL,105,3,2375,-1.0,-1,-1,NULL,NULL,Variable,NULL
NULL,NULL,105,4,2376,-1.0,-1,-1,NULL,NULL,Variable,NULL
NULL,NULL,105,5,2377,-1.0,-1,-1,NULL,NULL,Variable,NULL
NULL,NULL,105,6,2378,-1.0,-1,-1,NULL,NULL,Variable,NULL
NULL,NULL,105,7,2379,-1.0,-1,-1,NULL,NULL,Variable,NULL
NULL,NULL,105,8,2380,-1.0,-1,-1,NULL,NULL,Variable,NULL
NULL,NULL,105,9,2381,-1.0,-1,-1,NULL,NULL,Variable,NULL
NULL,NULL,105,10,2382,-1.0,-1,-1,NULL,NULL,Variable,NULL
NULL,NULL,105,11,2383,-1.0,-1,-1,NULL,NULL,Variable,NULL
NULL,NULL,105,12,2384,-1.0,-1,-1,NULL,NULL,Variable,NULL
NULL,NULL,105,13,2385,-1.0,-1,-1,NULL,NULL,Variable,NULL
NULL,NULL,105,14,2386,-1.0,-1,-1,NULL,NULL,Variable,NULL
NULL,NULL,105,15,2387,-1.0,-1,-1,NULL,NULL,Variable,NULL
NULL,NULL,105,16,2388,-1.0,-1,-1,NULL,NULL,Variable,NULL
NULL,NULL,105,17,2389,-1.0,-1,-1,NULL,NULL,Variable,NULL
NULL,NULL,105,18,2390,-1.0,-1,-1,NULL,NULL,Variable,NULL
NULL,NULL,105,19,2391,-1.0,-1,-1,NULL,NULL,Variable,NULL
NULL,NULL,105,20,2393,-1.0,-1,-1,NULL,NULL,Variable,NULL
NULL,NULL,105,21,2394,-1.0,-1,-1,NULL,NULL,Variable,NULL
NULL,NULL,105,22,2395,-1.0,-1,-1,NULL,NULL,Variable,NULL
NULL,NULL,105,23,2397,-1.0,-1,-1,NULL,NULL,Variable,NULL
NULL,NULL,105,24,2398,-1.0,-1,-1,NULL,NULL,Variable,NULL
NULL,NULL,105,25,2399,-1.0,-1,-1,NULL,NULL,Variable,NULL
NULL,NULL,105,26,2400,-1.0,-1,-1,NULL,NULL,Variable,NULL
NULL,NULL,105,27,2402,-1.0,-1,-1,NULL,NULL,Variable,NULL
NULL,NULL,105,28,2405,-1.0,-1,-1,NULL,NULL,Variable,NULL
NULL,NULL,106,-1000,-1000,21.0,NULL,NULL,NULL,NULL,NULL,NULL
NULL,NULL,106,-999,-999,21.0,NULL,NULL,NULL,NULL,NULL,NULL
NULL,NULL,106,-998,-998,10.5,NULL,NULL,NULL,NULL,NULL,NULL
NULL,NULL,106,-997,-997,10.5,NULL,NULL,NULL,NULL,NULL,NULL
NULL,NULL,106,0,0,-1.0,-1,-1,NULL,NULL,NULL,NULL
NULL,NULL,106,1,2427,-1.0,-1,-1,NULL,NULL,Variable,NULL
NULL,NULL,106,2,2428,-1.0,-1,-1,NULL,NULL,Variable,NULL
NULL,NULL,106,3,2429,-1.0,-1,-1,NULL,NULL,Variable,NULL
NULL,NULL,106,4,2430,-1.0,-1,-1,NULL,NULL,Variable,NULL
NULL,NULL,106,5,2431,-1.0,-1,-1,NULL,NULL,Variable,NULL
NULL,NULL,106,6,2432,-1.0,-1,-1,NULL,NULL,Variable,NULL
NULL,NULL,106,7,2433,-1.0,-1,-1,NULL,NULL,Variable,NULL
NULL,NULL,106,8,2434,-1.0,-1,-1,NULL,NULL,Variable,NULL
NULL,NULL,106,9,2435,-1.0,-1,-1,NULL,NULL,Variable,NULL
NULL,NULL,106,10,2436,-1.0,-1,-1,NULL,NULL,Variable,NULL
NULL,NULL,106,11,2437,-1.0,-1,-1,NULL,NULL,Variable,NULL
NULL,NULL,106,12,2438,-1.0,-1,-1,NULL,NULL,Variable,NULL
NULL,NULL,106,13,2439,-1.0,-1,-1,NULL,NULL,Variable,NULL
NULL,NULL,106,14,2440,-1.0,-1,-1,NULL,NULL,Variable,NULL
NULL,NULL,106,15,2441,-1.0,-1,-1,NULL,NULL,Variable,NULL
NULL,NULL,106,16,2442,-1.0,-1,-1,NULL,NULL,Variable,NULL
NULL,NULL,106,17,2443,-1.0,-1,-1,NULL,NULL,Variable,NULL
NULL,NULL,106,18,2444,-1.0,-1,-1,NULL,NULL,Variable,NULL
NULL,NULL,106,19,2445,-1.0,-1,-1,NULL,NULL,Variable,NULL
NULL,NULL,106,20,2447,-1.0,-1,-1,NULL,NULL,Variable,NULL
NULL,NULL,106,21,2448,-1.0,-1,-1,NULL,NULL,Variable,NULL
NULL,NULL,106,22,2449,-1.0,-1,-1,NULL,NULL,Variable,NULL
NULL,NULL,106,23,2451,-1.0,-1,-1,NULL,NULL,Variable,NULL
NULL,NULL,106,24,2452,-1.0,-1,-1,NULL,NULL,Variable,NULL
NULL,NULL,106,25,2453,-1.0,-1,-1,NULL,NULL,Variable,NULL
NULL,NULL,106,26,2454,-1.0,-1,-1,NULL,NULL,Variable,NULL
NULL,NULL,106,27,2456,-1.0,-1,-1,NULL,NULL,Variable,NULL
NULL,NULL,106,28,2459,-1.0,-1,-1,NULL,NULL,Variable,NULL
NULL,NULL,107,-1000,-1000,21.0,NULL,NULL,NULL,NULL,NULL,NULL
NULL,NULL,107,-999,-999,21.0,NULL,NULL,NULL,NULL,NULL,NULL
NULL,NULL,107,-998,-998,10.5,NULL,NULL,NULL,NULL,NULL,NULL
NULL,NULL,107,-997,-997,10.5,NULL,NULL,NULL,NULL,NULL,NULL
NULL,NULL,107,0,0,-1.0,-1,-1,NULL,NULL,NULL,NULL
NULL,NULL,107,1,2481,-1.0,-1,-1,NULL,NULL,Variable,NULL
NULL,NULL,107,2,2482,-1.0,-1,-1,NULL,NULL,Variable,NULL
NULL,NULL,107,3,2483,-1.0,-1,-1,NULL,NULL,Variable,NULL
NULL,NULL,107,4,2484,-1.0,-1,-1,NULL,NULL,Variable,NULL
NULL,NULL,107,5,2485,-1.0,-1,-1,NULL,NULL,Variable,NULL
NULL,NULL,107,6,2486,-1.0,-1,-1,NULL,NULL,Variable,NULL
NULL,NULL,107,7,2487,-1.0,-1,-1,NULL,NULL,Variable,NULL
NULL,NULL,107,8,2488,-1.0,-1,-1,NULL,NULL,Variable,NULL
NULL,NULL,107,9,2489,-1.0,-1,-1,NULL,NULL,Variable,NULL
NULL,NULL,107,10,2490,-1.0,-1,-1,NULL,NULL,Variable,NULL
NULL,NULL,107,11,2491,-1.0,-1,-1,NULL,NULL,Variable,NULL
NULL,NULL,107,12,2492,-1.0,-1,-1,NULL,NULL,Variable,NULL
NULL,NULL,107,13,2493,-1.0,-1,-1,NULL,NULL,Variable,NULL
NULL,NULL,107,14,2494,-1.0,-1,-1,NULL,NULL,Variable,NULL
NULL,NULL,107,15,2495,-1.0,-1,-1,NULL,NULL,Variable,NULL
NULL,NULL,107,16,2496,-1.0,-1,-1,NULL,NULL,Variable,NULL
NULL,NULL,107,17,2497,-1.0,-1,-1,NULL,NULL,Variable,NULL
NULL,NULL,107,18,2498,-1.0,-1,-1,NULL,NULL,Variable,NULL
NULL,NULL,107,19,2499,-1.0,-1,-1,NULL,NULL,Variable,NULL
NULL,NULL,107,20,2501,-1.0,-1,-1,NULL,NULL,Variable,NULL
NULL,NULL,107,21,2502,-1.0,-1,-1,NULL,NULL,Variable,NULL
NULL,NULL,107,22,2503,-1.0,-1,-1,NULL,NULL,Variable,NULL
NULL,NULL,107,23,2505,-1.0,-1,-1,NULL,NULL,Variable,NULL
NULL,NULL,107,24,2506,-1.0,-1,-1,NULL,NULL,Variable,NULL
NULL,NULL,107,25,2507,-1.0,-1,-1,NULL,NULL,Variable,NULL
NULL,NULL,107,26,2508,-1.0,-1,-1,NULL,NULL,Variable,NULL
NULL,NULL,107,27,2510,-1.0,-1,-1,NULL,NULL,Variable,NULL
NULL,NULL,107,28,2513,-1.0,-1,-1,NULL,NULL,Variable,NULL
NULL,NULL,108,-1000,-1000,21.0,NULL,NULL,NULL,NULL,NULL,NULL
NULL,NULL,108,-999,-999,21.0,NULL,NULL,NULL,NULL,NULL,NULL
NULL,NULL,108,-998,-998,10.5,NULL,NULL,NULL,NULL,NULL,NULL
NULL,NULL,108,-997,-997,10.5,NULL,NULL,NULL,NULL,NULL,NULL
NULL,NULL,108,0,0,-1.0,-1,-1,NULL,NULL,NULL,NULL
NULL,NULL,108,1,2535,-1.0,-1,-1,NULL,NULL,Variable,NULL
NULL,NULL,108,2,2536,-1.0,-1,-1,NULL,NULL,Variable,NULL
NULL,NULL,108,3,2537,-1.0,-1,-1,NULL,NULL,Variable,NULL
NULL,NULL,108,4,2538,-1.0,-1,-1,NULL,NULL,Variable,NULL
NULL,NULL,108,5,2539,-1.0,-1,-1,NULL,NULL,Variable,NULL
NULL,NULL,108,6,2540,-1.0,-1,-1,NULL,NULL,Variable,NULL
NULL,NULL,108,7,2541,-1.0,-1,-1,NULL,NULL,Variable,NULL
NULL,NULL,108,8,2542,-1.0,-1,-1,NULL,NULL,Variable,NULL
NULL,NULL,108,9,2543,-1.0,-1,-1,NULL,NULL,Variable,NULL
NULL,NULL,108,10,2544,-1.0,-1,-1,NULL,NULL,Variable,NULL
NULL,NULL,108,11,2545,-1.0,-1,-1,NULL,NULL,Variable,NULL
NULL,NULL,108,12,2546,-1.0,-1,-1,NULL,NULL,Variable,NULL
NULL,NULL,108,13,2547,-1.0,-1,-1,NULL,NULL,Variable,NULL
NULL,NULL,108,14,2548,-1.0,-1,-1,NULL,NULL,Variable,NULL
NULL,NULL,108,15,2549,-1.0,-1,-1,NULL,NULL,Variable,NULL
NULL,NULL,108,16,2550,-1.0,-1,-1,NULL,NULL,Variable,NULL
NULL,NULL,108,17,2551,-1.0,-1,-1,NULL,NULL,Variable,NULL
NULL,NULL,108,18,2552,-1.0,-1,-1,NULL,NULL,Variable,NULL
NULL,NULL,108,19,2553,-1.0,-1,-1,NULL,NULL,Variable,NULL
NULL,NULL,108,20,2555,-1.0,-1,-1,NULL,NULL,Variable,NULL
NULL,NULL,108,21,2556,-1.0,-1,-1,NULL,NULL,Variable,NULL
NULL,NULL,108,22,2557,-1.0,-1,-1,NULL,NULL,Variable,NULL
NULL,NULL,108,23,2558,-1.0,-1,-1,NULL,NULL,Variable,NULL
NULL,NULL,108,24,2559,-1.0,-1,-1,NULL,NULL,Variable,NULL
NULL,NULL,108,26,2561,-1.0,-1,-1,NULL,NULL,Variable,NULL
NULL,NULL,108,27,2562,-1.0,-1,-1,NULL,NULL,Variable,NULL
NULL,NULL,108,28,2563,-1.0,-1,-1,NULL,NULL,Variable,NULL
NULL,NULL,108,29,2564,-1.0,-1,-1,NULL,NULL,Variable,NULL
NULL,NULL,108,30,2566,-1.0,-1,-1,NULL,NULL,Variable,NULL
NULL,NULL,108,31,2567,-1.0,-1,-1,NULL,NULL,Variable,NULL
NULL,NULL,108,32,2569,-1.0,-1,-1,NULL,NULL,Variable,NULL
NULL,NULL,108,33,2572,-1.0,-1,-1,NULL,NULL,Variable,NULL
NULL,NULL,109,-1000,-1000,21.0,NULL,NULL,NULL,NULL,NULL,NULL
NULL,NULL,109,-999,-999,21.0,NULL,NULL,NULL,NULL,NULL,NULL
NULL,NULL,109,-998,-998,10.5,NULL,NULL,NULL,NULL,NULL,NULL
NULL,NULL,109,-997,-997,10.5,NULL,NULL,NULL,NULL,NULL,NULL
NULL,NULL,109,0,0,-1.0,-1,-1,NULL,NULL,NULL,NULL
NULL,NULL,109,1,2580,-1.0,-1,-1,NULL,NULL,Variable,NULL
NULL,NULL,109,2,2581,-1.0,-1,-1,NULL,NULL,Variable,NULL
NULL,NULL,109,3,2582,-1.0,-1,-1,NULL,NULL,Variable,NULL
NULL,NULL,109,4,2583,-1.0,-1,-1,NULL,NULL,Variable,NULL
NULL,NULL,109,5,2584,-1.0,-1,-1,NULL,NULL,Variable,NULL
NULL,NULL,109,6,2585,-1.0,-1,-1,NULL,NULL,Variable,NULL
NULL,NULL,109,7,2586,-1.0,-1,-1,NULL,NULL,Variable,NULL
NULL,NULL,109,8,2587,-1.0,-1,-1,NULL,NULL,Variable,NULL
NULL,NULL,109,9,2588,-1.0,-1,-1,NULL,NULL,Variable,NULL
NULL,NULL,109,10,2589,-1.0,-1,-1,NULL,NULL,Variable,NULL
NULL,NULL,109,11,2590,-1.0,-1,-1,NULL,NULL,Variable,NULL
NULL,NULL,109,12,2591,-1.0,-1,-1,NULL,NULL,Variable,NULL
NULL,NULL,109,13,2592,-1.0,-1,-1,NULL,NULL,Variable,NULL
NULL,NULL,109,14,2593,-1.0,-1,-1,NULL,NULL,Variable,NULL
NULL,NULL,109,15,2594,-1.0,-1,-1,NULL,NULL,Variable,NULL
NULL,NULL,109,16,2595,-1.0,-1,-1,NULL,NULL,Variable,NULL
NULL,NULL,109,17,2596,-1.0,-1,-1,NULL,NULL,Variable,NULL
NULL,NULL,109,18,2597,-1.0,-1,-1,NULL,NULL,Variable,NULL
NULL,NULL,109,19,2598,-1.0,-1,-1,NULL,NULL,Variable,NULL
NULL,NULL,109,20,2600,-1.0,-1,-1,NULL,NULL,Variable,NULL
NULL,NULL,109,21,2601,-1.0,-1,-1,NULL,NULL,Variable,NULL
NULL,NULL,109,22,2602,-1.0,-1,-1,NULL,NULL,Variable,NULL
NULL,NULL,109,23,2603,-1.0,-1,-1,NULL,NULL,Variable,NULL
NULL,NULL,109,24,2604,-1.0,-1,-1,NULL,NULL,Variable,NULL
NULL,NULL,109,25,2605,-1.0,-1,-1,NULL,NULL,Variable,NULL
NULL,NULL,109,26,2606,-1.0,-1,-1,NULL,NULL,Variable,NULL
NULL,NULL,109,27,2607,-1.0,-1,-1,NULL,NULL,Variable,NULL
NULL,NULL,109,28,2608,-1.0,-1,-1,NULL,NULL,Variable,NULL
NULL,NULL,109,29,2609,-1.0,-1,-1,NULL,NULL,Variable,NULL
NULL,NULL,109,30,2611,-1.0,-1,-1,NULL,NULL,Variable,NULL
NULL,NULL,109,31,2612,-1.0,-1,-1,NULL,NULL,Variable,NULL
NULL,NULL,109,32,2614,-1.0,-1,-1,NULL,NULL,Variable,NULL
NULL,NULL,109,33,2617,-1.0,-1,-1,NULL,NULL,Variable,NULL
NULL,NULL,110,-1000,-1000,21.0,NULL,NULL,NULL,NULL,NULL,NULL
NULL,NULL,110,-999,-999,21.0,NULL,NULL,NULL,NULL,NULL,NULL
NULL,NULL,110,-998,-998,10.5,NULL,NULL,NULL,NULL,NULL,NULL
NULL,NULL,110,-997,-997,10.5,NULL,NULL,NULL,NULL,NULL,NULL
NULL,NULL,110,0,0,-1.0,-1,-1,NULL,NULL,NULL,NULL
NULL,NULL,110,1,2640,-1.0,-1,-1,NULL,NULL,Variable,NULL
NULL,NULL,110,2,2641,-1.0,-1,-1,NULL,NULL,Variable,NULL
NULL,NULL,110,3,2642,-1.0,-1,-1,NULL,NULL,Variable,NULL
NULL,NULL,110,4,2643,-1.0,-1,-1,NULL,NULL,Variable,NULL
NULL,NULL,110,5,2644,-1.0,-1,-1,NULL,NULL,Variable,NULL
NULL,NULL,110,6,2645,-1.0,-1,-1,NULL,NULL,Variable,NULL
NULL,NULL,110,7,2646,-1.0,-1,-1,NULL,NULL,Variable,NULL
NULL,NULL,110,8,2647,-1.0,-1,-1,NULL,NULL,Variable,NULL
NULL,NULL,110,9,2648,-1.0,-1,-1,NULL,NULL,Variable,NULL
NULL,NULL,110,10,2649,-1.0,-1,-1,NULL,NULL,Variable,NULL
NULL,NULL,110,11,2650,-1.0,-1,-1,NULL,NULL,Variable,NULL
NULL,NULL,110,12,2651,-1.0,-1,-1,NULL,NULL,Variable,NULL
NULL,NULL,110,13,2652,-1.0,-1,-1,NULL,NULL,Variable,NULL
NULL,NULL,110,14,2653,-1.0,-1,-1,NULL,NULL,Variable,NULL
NULL,NULL,110,15,2654,-1.0,-1,-1,NULL,NULL,Variable,NULL
NULL,NULL,110,16,2655,-1.0,-1,-1,NULL,NULL,Variable,NULL
NULL,NULL,110,17,2656,-1.0,-1,-1,NULL,NULL,Variable,NULL
NULL,NULL,110,18,2657,-1.0,-1,-1,NULL,NULL,Variable,NULL
NULL,NULL,110,19,2658,-1.0,-1,-1,NULL,NULL,Variable,NULL
NULL,NULL,110,20,2659,-1.0,-1,-1,NULL,NULL,Variable,NULL
NULL,NULL,110,21,2660,-1.0,-1,-1,NULL,NULL,Variable,NULL
NULL,NULL,110,22,2661,-1.0,-1,-1,NULL,NULL,Variable,NULL
NULL,NULL,110,23,2662,-1.0,-1,-1,NULL,NULL,Variable,NULL
NULL,NULL,110,24,2663,-1.0,-1,-1,NULL,NULL,Variable,NULL
NULL,NULL,110,25,2664,-1.0,-1,-1,NULL,NULL,Variable,NULL
NULL,NULL,110,26,2665,-1.0,-1,-1,NULL,NULL,Variable,NULL
NULL,NULL,110,27,2666,-1.0,-1,-1,NULL,NULL,Variable,NULL
NULL,NULL,110,28,2667,-1.0,-1,-1,NULL,NULL,Variable,NULL
NULL,NULL,110,29,2668,-1.0,-1,-1,NULL,NULL,Variable,NULL
NULL,NULL,110,30,2669,-1.0,-1,-1,NULL,NULL,Variable,NULL
NULL,NULL,110,31,2670,-1.0,-1,-1,NULL,NULL,Variable,NULL
NULL,NULL,110,32,2671,-1.0,-1,-1,NULL,NULL,Variable,NULL
NULL,NULL,110,33,2672,-1.0,-1,-1,NULL,NULL,Variable,NULL
NULL,NULL,110,34,2673,-1.0,-1,-1,NULL,NULL,Variable,NULL
NULL,NULL,110,35,2674,-1.0,-1,-1,NULL,NULL,Variable,NULL
NULL,NULL,110,36,2675,-1.0,-1,-1,NULL,NULL,Variable,NULL
NULL,NULL,110,37,2677,-1.0,-1,-1,NULL,NULL,Variable,NULL
NULL,NULL,110,38,2678,-1.0,-1,-1,NULL,NULL,Variable,NULL
NULL,NULL,110,39,2679,-1.0,-1,-1,NULL,NULL,Variable,NULL
NULL,NULL,110,40,2680,-1.0,-1,-1,NULL,NULL,Variable,NULL
NULL,NULL,110,41,2681,-1.0,-1,-1,NULL,NULL,Variable,NULL
NULL,NULL,110,42,2682,-1.0,-1,-1,NULL,NULL,Variable,NULL
NULL,NULL,110,43,2683,-1.0,-1,-1,NULL,NULL,Variable,NULL
NULL,NULL,110,44,2684,-1.0,-1,-1,NULL,NULL,Variable,NULL
NULL,NULL,110,45,2685,-1.0,-1,-1,NULL,NULL,Variable,NULL
NULL,NULL,110,46,2686,-1.0,-1,-1,NULL,NULL,Variable,NULL
NULL,NULL,110,47,2688,-1.0,-1,-1,NULL,NULL,Variable,NULL
NULL,NULL,110,48,2689,-1.0,-1,-1,NULL,NULL,Variable,NULL
NULL,NULL,110,49,2691,-1.0,-1,-1,NULL,NULL,Variable,NULL
NULL,NULL,110,50,2694,-1.0,-1,-1,NULL,NULL,Variable,NULL
NULL,NULL,111,-1000,-1000,21.0,NULL,NULL,NULL,NULL,NULL,NULL
NULL,NULL,111,-999,-999,21.0,NULL,NULL,NULL,NULL,NULL,NULL
NULL,NULL,111,-998,-998,10.5,NULL,NULL,NULL,NULL,NULL,NULL
NULL,NULL,111,-997,-997,10.5,NULL,NULL,NULL,NULL,NULL,NULL
NULL,NULL,111,0,0,-1.0,-1,-1,NULL,NULL,NULL,NULL
NULL,NULL,111,1,2726,-1.0,-1,-1,NULL,NULL,Variable,NULL
NULL,NULL,111,2,2727,-1.0,-1,-1,NULL,NULL,Variable,NULL
NULL,NULL,111,3,2728,-1.0,-1,-1,NULL,NULL,Variable,NULL
NULL,NULL,111,4,2729,-1.0,-1,-1,NULL,NULL,Variable,NULL
NULL,NULL,111,5,2730,-1.0,-1,-1,NULL,NULL,Variable,NULL
NULL,NULL,111,6,2731,-1.0,-1,-1,NULL,NULL,Variable,NULL
NULL,NULL,111,7,2732,-1.0,-1,-1,NULL,NULL,Variable,NULL
NULL,NULL,111,8,2733,-1.0,-1,-1,NULL,NULL,Variable,NULL
NULL,NULL,111,9,2734,-1.0,-1,-1,NULL,NULL,Variable,NULL
NULL,NULL,111,10,2735,-1.0,-1,-1,NULL,NULL,Variable,NULL
NULL,NULL,111,11,2736,-1.0,-1,-1,NULL,NULL,Variable,NULL
NULL,NULL,111,12,2737,-1.0,-1,-1,NULL,NULL,Variable,NULL
NULL,NULL,111,13,2738,-1.0,-1,-1,NULL,NULL,Variable,NULL
NULL,NULL,111,14,2739,-1.0,-1,-1,NULL,NULL,Variable,NULL
NULL,NULL,111,15,2740,-1.0,-1,-1,NULL,NULL,Variable,NULL
NULL,NULL,111,16,2741,-1.0,-1,-1,NULL,NULL,Variable,NULL
NULL,NULL,111,17,2742,-1.0,-1,-1,NULL,NULL,Variable,NULL
NULL,NULL,111,18,2743,-1.0,-1,-1,NULL,NULL,Variable,NULL
NULL,NULL,111,19,2744,-1.0,-1,-1,NULL,NULL,Variable,NULL
NULL,NULL,111,20,2746,-1.0,-1,-1,NULL,NULL,Variable,NULL
NULL,NULL,111,21,2747,-1.0,-1,-1,NULL,NULL,Variable,NULL
NULL,NULL,111,22,2748,-1.0,-1,-1,NULL,NULL,Variable,NULL
NULL,NULL,111,23,2750,-1.0,-1,-1,NULL,NULL,Variable,NULL
NULL,NULL,111,24,2751,-1.0,-1,-1,NULL,NULL,Variable,NULL
NULL,NULL,111,25,2752,-1.0,-1,-1,NULL,NULL,Variable,NULL
NULL,NULL,111,26,2753,-1.0,-1,-1,NULL,NULL,Variable,NULL
NULL,NULL,111,27,2755,-1.0,-1,-1,NULL,NULL,Variable,NULL
NULL,NULL,111,28,2758,-1.0,-1,-1,NULL,NULL,Variable,NULL
NULL,NULL,112,-1000,-1000,21.0,NULL,NULL,NULL,NULL,NULL,NULL
NULL,NULL,112,-999,-999,21.0,NULL,NULL,NULL,NULL,NULL,NULL
NULL,NULL,112,-998,-998,10.5,NULL,NULL,NULL,NULL,NULL,NULL
NULL,NULL,112,-997,-997,10.5,NULL,NULL,NULL,NULL,NULL,NULL
NULL,NULL,112,0,0,-1.0,-1,-1,NULL,NULL,NULL,NULL
NULL,NULL,112,1,2780,-1.0,-1,-1,NULL,NULL,Variable,NULL
NULL,NULL,112,2,2781,-1.0,-1,-1,NULL,NULL,Variable,NULL
NULL,NULL,112,3,2782,-1.0,-1,-1,NULL,NULL,Variable,NULL
NULL,NULL,112,4,2783,-1.0,-1,-1,NULL,NULL,Variable,NULL
NULL,NULL,112,5,2784,-1.0,-1,-1,NULL,NULL,Variable,NULL
NULL,NULL,112,6,2785,-1.0,-1,-1,NULL,NULL,Variable,NULL
NULL,NULL,112,7,2786,-1.0,-1,-1,NULL,NULL,Variable,NULL
NULL,NULL,112,8,2787,-1.0,-1,-1,NULL,NULL,Variable,NULL
NULL,NULL,112,9,2788,-1.0,-1,-1,NULL,NULL,Variable,NULL
NULL,NULL,112,10,2789,-1.0,-1,-1,NULL,NULL,Variable,NULL
NULL,NULL,112,11,2790,-1.0,-1,-1,NULL,NULL,Variable,NULL
NULL,NULL,112,12,2791,-1.0,-1,-1,NULL,NULL,Variable,NULL
NULL,NULL,112,13,2792,-1.0,-1,-1,NULL,NULL,Variable,NULL
NULL,NULL,112,14,2793,-1.0,-1,-1,NULL,NULL,Variable,NULL
NULL,NULL,112,15,2794,-1.0,-1,-1,NULL,NULL,Variable,NULL
NULL,NULL,112,16,2795,-1.0,-1,-1,NULL,NULL,Variable,NULL
NULL,NULL,112,17,2796,-1.0,-1,-1,NULL,NULL,Variable,NULL
NULL,NULL,112,18,2797,-1.0,-1,-1,NULL,NULL,Variable,NULL
NULL,NULL,112,19,2798,-1.0,-1,-1,NULL,NULL,Variable,NULL
NULL,NULL,112,20,2800,-1.0,-1,-1,NULL,NULL,Variable,NULL
NULL,NULL,112,21,2801,-1.0,-1,-1,NULL,NULL,Variable,NULL
NULL,NULL,112,22,2802,-1.0,-1,-1,NULL,NULL,Variable,NULL
NULL,NULL,112,23,2803,-1.0,-1,-1,NULL,NULL,Variable,NULL
NULL,NULL,112,24,2804,-1.0,-1,-1,NULL,NULL,Variable,NULL
NULL,NULL,112,25,2805,-1.0,-1,-1,NULL,NULL,Variable,NULL
NULL,NULL,112,26,2806,-1.0,-1,-1,NULL,NULL,Variable,NULL
NULL,NULL,112,27,2807,-1.0,-1,-1,NULL,NULL,Variable,NULL
NULL,NULL,112,28,2808,-1.0,-1,-1,NULL,NULL,Variable,NULL
NULL,NULL,112,29,2809,-1.0,-1,-1,NULL,NULL,Variable,NULL
NULL,NULL,112,30,2811,-1.0,-1,-1,NULL,NULL,Variable,NULL
NULL,NULL,112,31,2812,-1.0,-1,-1,NULL,NULL,Variable,NULL
NULL,NULL,112,32,2814,-1.0,-1,-1,NULL,NULL,Variable,NULL
NULL,NULL,112,33,2817,-1.0,-1,-1,NULL,NULL,Variable,NULL
NULL,NULL,113,-1000,-1000,21.0,NULL,NULL,NULL,NULL,NULL,NULL
NULL,NULL,113,-999,-999,21.0,NULL,NULL,NULL,NULL,NULL,NULL
NULL,NULL,113,-998,-998,10.5,NULL,NULL,NULL,NULL,NULL,NULL
NULL,NULL,113,-997,-997,10.5,NULL,NULL,NULL,NULL,NULL,NULL
NULL,NULL,113,0,0,-1.0,-1,-1,NULL,NULL,NULL,NULL
NULL,NULL,113,1,2831,-1.0,-1,-1,NULL,NULL,Variable,NULL
NULL,NULL,113,2,2832,-1.0,-1,-1,NULL,NULL,Variable,NULL
NULL,NULL,113,3,2833,-1.0,-1,-1,NULL,NULL,Variable,NULL
NULL,NULL,113,4,2834,-1.0,-1,-1,NULL,NULL,Variable,NULL
NULL,NULL,113,5,2835,-1.0,-1,-1,NULL,NULL,Variable,NULL
NULL,NULL,113,6,2836,-1.0,-1,-1,NULL,NULL,Variable,NULL
NULL,NULL,113,7,2837,-1.0,-1,-1,NULL,NULL,Variable,NULL
NULL,NULL,113,8,2838,-1.0,-1,-1,NULL,NULL,Variable,NULL
NULL,NULL,113,9,2839,-1.0,-1,-1,NULL,NULL,Variable,NULL
NULL,NULL,113,10,2840,-1.0,-1,-1,NULL,NULL,Variable,NULL
NULL,NULL,113,11,2841,-1.0,-1,-1,NULL,NULL,Variable,NULL
NULL,NULL,113,12,2842,-1.0,-1,-1,NULL,NULL,Variable,NULL
NULL,NULL,113,13,2843,-1.0,-1,-1,NULL,NULL,Variable,NULL
NULL,NULL,113,14,2844,-1.0,-1,-1,NULL,NULL,Variable,NULL
NULL,NULL,113,15,2845,-1.0,-1,-1,NULL,NULL,Variable,NULL
NULL,NULL,113,16,2846,-1.0,-1,-1,NULL,NULL,Variable,NULL
NULL,NULL,113,17,2847,-1.0,-1,-1,NULL,NULL,Variable,NULL
NULL,NULL,113,18,2848,-1.0,-1,-1,NULL,NULL,Variable,NULL
NULL,NULL,113,19,2849,-1.0,-1,-1,NULL,NULL,Variable,NULL
NULL,NULL,113,20,2851,-1.0,-1,-1,NULL,NULL,Variable,NULL
NULL,NULL,113,21,2852,-1.0,-1,-1,NULL,NULL,Variable,NULL
NULL,NULL,113,22,2853,-1.0,-1,-1,NULL,NULL,Variable,NULL
NULL,NULL,113,23,2854,-1.0,-1,-1,NULL,NULL,Variable,NULL
NULL,NULL,113,24,2855,-1.0,-1,-1,NULL,NULL,Variable,NULL
NULL,NULL,113,25,2856,-1.0,-1,-1,NULL,NULL,Variable,NULL
NULL,NULL,113,26,2857,-1.0,-1,-1,NULL,NULL,Variable,NULL
NULL,NULL,113,27,2858,-1.0,-1,-1,NULL,NULL,Variable,NULL
NULL,NULL,113,28,2859,-1.0,-1,-1,NULL,NULL,Variable,NULL
NULL,NULL,113,29,2860,-1.0,-1,-1,NULL,NULL,Variable,NULL
NULL,NULL,113,30,2862,-1.0,-1,-1,NULL,NULL,Variable,NULL
NULL,NULL,113,31,2863,-1.0,-1,-1,NULL,NULL,Variable,NULL
NULL,NULL,113,32,2865,-1.0,-1,-1,NULL,NULL,Variable,NULL
NULL,NULL,113,33,2868,-1.0,-1,-1,NULL,NULL,Variable,NULL
NULL,NULL,114,-1000,-1000,21.0,NULL,NULL,NULL,NULL,NULL,NULL
NULL,NULL,114,-999,-999,21.0,NULL,NULL,NULL,NULL,NULL,NULL
NULL,NULL,114,-998,-998,10.5,NULL,NULL,NULL,NULL,NULL,NULL
NULL,NULL,114,-997,-997,10.5,NULL,NULL,NULL,NULL,NULL,NULL
NULL,NULL,114,0,0,-1.0,-1,-1,NULL,NULL,NULL,NULL
NULL,NULL,114,1,2878,-1.0,-1,-1,NULL,NULL,Variable,NULL
NULL,NULL,114,2,2879,-1.0,-1,-1,NULL,NULL,Variable,NULL
NULL,NULL,114,3,2880,-1.0,-1,-1,NULL,NULL,Variable,NULL
NULL,NULL,114,4,2881,-1.0,-1,-1,NULL,NULL,Variable,NULL
NULL,NULL,114,5,2882,-1.0,-1,-1,NULL,NULL,Variable,NULL
NULL,NULL,114,6,2883,-1.0,-1,-1,NULL,NULL,Variable,NULL
NULL,NULL,114,7,2884,-1.0,-1,-1,NULL,NULL,Variable,NULL
NULL,NULL,114,8,2885,-1.0,-1,-1,NULL,NULL,Variable,NULL
NULL,NULL,114,9,2886,-1.0,-1,-1,NULL,NULL,Variable,NULL
NULL,NULL,114,10,2887,-1.0,-1,-1,NULL,NULL,Variable,NULL
NULL,NULL,114,11,2888,-1.0,-1,-1,NULL,NULL,Variable,NULL
NULL,NULL,114,12,2889,-1.0,-1,-1,NULL,NULL,Variable,NULL
NULL,NULL,114,13,2890,-1.0,-1,-1,NULL,NULL,Variable,NULL
NULL,NULL,114,14,2891,-1.0,-1,-1,NULL,NULL,Variable,NULL
NULL,NULL,114,15,2892,-1.0,-1,-1,NULL,NULL,Variable,NULL
NULL,NULL,114,16,2893,-1.0,-1,-1,NULL,NULL,Variable,NULL
NULL,NULL,114,17,2894,-1.0,-1,-1,NULL,NULL,Variable,NULL
NULL,NULL,114,18,2895,-1.0,-1,-1,NULL,NULL,Variable,NULL
NULL,NULL,114,19,2896,-1.0,-1,-1,NULL,NULL,Variable,NULL
NULL,NULL,114,20,2898,-1.0,-1,-1,NULL,NULL,Variable,NULL
NULL,NULL,114,21,2899,-1.0,-1,-1,NULL,NULL,Variable,NULL
NULL,NULL,114,22,2900,-1.0,-1,-1,NULL,NULL,Variable,NULL
NULL,NULL,114,23,2901,-1.0,-1,-1,NULL,NULL,Variable,NULL
NULL,NULL,114,24,2902,-1.0,-1,-1,NULL,NULL,Variable,NULL
NULL,NULL,114,25,2903,-1.0,-1,-1,NULL,NULL,Variable,NULL
NULL,NULL,114,26,2904,-1.0,-1,-1,NULL,NULL,Variable,NULL
NULL,NULL,114,27,2905,-1.0,-1,-1,NULL,NULL,Variable,NULL
NULL,NULL,114,28,2906,-1.0,-1,-1,NULL,NULL,Variable,NULL
NULL,NULL,114,29,2907,-1.0,-1,-1,NULL,NULL,Variable,NULL
NULL,NULL,114,30,2909,-1.0,-1,-1,NULL,NULL,Variable,NULL
NULL,NULL,114,31,2910,-1.0,-1,-1,NULL,NULL,Variable,NULL
NULL,NULL,114,32,2912,-1.0,-1,-1,NULL,NULL,Variable,NULL
NULL,NULL,114,33,2915,-1.0,-1,-1,NULL,NULL,Variable,NULL
NULL,NULL,115,-1000,-1000,21.0,NULL,NULL,NULL,NULL,NULL,NULL
NULL,NULL,115,-999,-999,21.0,NULL,NULL,NULL,NULL,NULL,NULL
NULL,NULL,115,-998,-998,10.5,NULL,NULL,NULL,NULL,NULL,NULL
NULL,NULL,115,-997,-997,10.5,NULL,NULL,NULL,NULL,NULL,NULL
NULL,NULL,115,0,0,-1.0,-1,-1,NULL,NULL,NULL,NULL
NULL,NULL,115,1,2925,-1.0,-1,-1,NULL,NULL,Variable,NULL
NULL,NULL,115,2,2926,-1.0,-1,-1,NULL,NULL,Variable,NULL
NULL,NULL,115,3,2927,-1.0,-1,-1,NULL,NULL,Variable,NULL
NULL,NULL,115,4,2928,-1.0,-1,-1,NULL,NULL,Variable,NULL
NULL,NULL,115,5,2929,-1.0,-1,-1,NULL,NULL,Variable,NULL
NULL,NULL,115,6,2930,-1.0,-1,-1,NULL,NULL,Variable,NULL
NULL,NULL,115,7,2931,-1.0,-1,-1,NULL,NULL,Variable,NULL
NULL,NULL,115,8,2932,-1.0,-1,-1,NULL,NULL,Variable,NULL
NULL,NULL,115,9,2933,-1.0,-1,-1,NULL,NULL,Variable,NULL
NULL,NULL,115,10,2934,-1.0,-1,-1,NULL,NULL,Variable,NULL
NULL,NULL,115,11,2935,-1.0,-1,-1,NULL,NULL,Variable,NULL
NULL,NULL,115,12,2936,-1.0,-1,-1,NULL,NULL,Variable,NULL
NULL,NULL,115,13,2937,-1.0,-1,-1,NULL,NULL,Variable,NULL
NULL,NULL,115,14,2938,-1.0,-1,-1,NULL,NULL,Variable,NULL
NULL,NULL,115,15,2939,-1.0,-1,-1,NULL,NULL,Variable,NULL
NULL,NULL,115,16,2940,-1.0,-1,-1,NULL,NULL,Variable,NULL
NULL,NULL,115,17,2941,-1.0,-1,-1,NULL,NULL,Variable,NULL
NULL,NULL,115,18,2942,-1.0,-1,-1,NULL,NULL,Variable,NULL
NULL,NULL,115,19,2943,-1.0,-1,-1,NULL,NULL,Variable,NULL
NULL,NULL,115,20,2945,-1.0,-1,-1,NULL,NULL,Variable,NULL
NULL,NULL,115,21,2946,-1.0,-1,-1,NULL,NULL,Variable,NULL
NULL,NULL,115,22,2947,-1.0,-1,-1,NULL,NULL,Variable,NULL
NULL,NULL,115,23,2949,-1.0,-1,-1,NULL,NULL,Variable,NULL
NULL,NULL,115,24,2950,-1.0,-1,-1,NULL,NULL,Variable,NULL
NULL,NULL,115,25,2951,-1.0,-1,-1,NULL,NULL,Variable,NULL
NULL,NULL,115,26,2952,-1.0,-1,-1,NULL,NULL,Variable,NULL
NULL,NULL,115,27,2954,-1.0,-1,-1,NULL,NULL,Variable,NULL
NULL,NULL,115,28,2957,-1.0,-1,-1,NULL,NULL,Variable,NULL
NULL,NULL,116,-1000,-1000,21.0,NULL,NULL,NULL,NULL,NULL,NULL
NULL,NULL,116,-999,-999,21.0,NULL,NULL,NULL,NULL,NULL,NULL
NULL,NULL,116,-998,-998,10.5,NULL,NULL,NULL,NULL,NULL,NULL
NULL,NULL,116,-997,-997,10.5,NULL,NULL,NULL,NULL,NULL,NULL
NULL,NULL,125,15,3463,-1.0,-1,-1,NULL,NULL,Variable,NULL
NULL,NULL,125,16,3464,-1.0,-1,-1,NULL,NULL,Variable,NULL
NULL,NULL,125,17,3465,-1.0,-1,-1,NULL,NULL,Variable,NULL
NULL,NULL,125,18,3466,-1.0,-1,-1,NULL,NULL,Variable,NULL
NULL,NULL,125,19,3467,-1.0,-1,-1,NULL,NULL,Variable,NULL
NULL,NULL,125,20,3468,-1.0,-1,-1,NULL,NULL,Variable,NULL
NULL,NULL,125,21,3469,-1.0,-1,-1,NULL,NULL,Variable,NULL
NULL,NULL,125,22,3470,-1.0,-1,-1,NULL,NULL,Variable,NULL
NULL,NULL,125,23,3471,-1.0,-1,-1,NULL,NULL,Variable,NULL
NULL,NULL,125,24,3472,-1.0,-1,-1,NULL,NULL,Variable,NULL
NULL,NULL,125,25,3473,-1.0,-1,-1,NULL,NULL,Variable,NULL
NULL,NULL,125,26,3474,-1.0,-1,-1,NULL,NULL,Variable,NULL
NULL,NULL,125,27,3475,-1.0,-1,-1,NULL,NULL,Variable,NULL
NULL,NULL,125,28,3476,-1.0,-1,-1,NULL,NULL,Variable,NULL
NULL,NULL,125,29,3477,-1.0,-1,-1,NULL,NULL,Variable,NULL
NULL,NULL,125,30,3478,-1.0,-1,-1,NULL,NULL,Variable,NULL
NULL,NULL,125,31,3479,-1.0,-1,-1,NULL,NULL,Variable,NULL
NULL,NULL,125,32,3480,-1.0,-1,-1,NULL,NULL,Variable,NULL
NULL,NULL,125,33,3481,-1.0,-1,-1,NULL,NULL,Variable,NULL
NULL,NULL,125,34,3482,-1.0,-1,-1,NULL,NULL,Variable,NULL
NULL,NULL,125,35,3483,-1.0,-1,-1,NULL,NULL,Variable,NULL
NULL,NULL,125,36,3484,-1.0,-1,-1,NULL,NULL,Variable,NULL
NULL,NULL,125,37,3486,-1.0,-1,-1,NULL,NULL,Variable,NULL
NULL,NULL,125,38,3487,-1.0,-1,-1,NULL,NULL,Variable,NULL
NULL,NULL,125,39,3488,-1.0,-1,-1,NULL,NULL,Variable,NULL
NULL,NULL,125,40,3490,-1.0,-1,-1,NULL,NULL,Variable,NULL
NULL,NULL,125,41,3491,-1.0,-1,-1,NULL,NULL,Variable,NULL
NULL,NULL,125,42,3492,-1.0,-1,-1,NULL,NULL,Variable,NULL
NULL,NULL,125,43,3493,-1.0,-1,-1,NULL,NULL,Variable,NULL
NULL,NULL,125,44,3495,-1.0,-1,-1,NULL,NULL,Variable,NULL
NULL,NULL,125,45,3498,-1.0,-1,-1,NULL,NULL,Variable,NULL
NULL,NULL,126,-1000,-1000,21.0,NULL,NULL,NULL,NULL,NULL,NULL
NULL,NULL,126,-999,-999,21.0,NULL,NULL,NULL,NULL,NULL,NULL
NULL,NULL,126,-998,-998,10.5,NULL,NULL,NULL,NULL,NULL,NULL
NULL,NULL,126,-997,-997,10.5,NULL,NULL,NULL,NULL,NULL,NULL
NULL,NULL,126,0,0,-1.0,-1,-1,NULL,NULL,NULL,NULL
NULL,NULL,126,1,3553,-1.0,-1,-1,NULL,NULL,Variable,NULL
NULL,NULL,126,2,3554,-1.0,-1,-1,NULL,NULL,Variable,NULL
NULL,NULL,126,3,3555,-1.0,-1,-1,NULL,NULL,Variable,NULL
NULL,NULL,126,4,3556,-1.0,-1,-1,NULL,NULL,Variable,NULL
NULL,NULL,126,5,3557,-1.0,-1,-1,NULL,NULL,Variable,NULL
NULL,NULL,126,6,3558,-1.0,-1,-1,NULL,NULL,Variable,NULL
NULL,NULL,126,7,3559,-1.0,-1,-1,NULL,NULL,Variable,NULL
NULL,NULL,126,8,3560,-1.0,-1,-1,NULL,NULL,Variable,NULL
NULL,NULL,126,9,3561,-1.0,-1,-1,NULL,NULL,Variable,NULL
NULL,NULL,126,10,3562,-1.0,-1,-1,NULL,NULL,Variable,NULL
NULL,NULL,126,11,3563,-1.0,-1,-1,NULL,NULL,Variable,NULL
NULL,NULL,126,12,3564,-1.0,-1,-1,NULL,NULL,Variable,NULL
NULL,NULL,126,13,3565,-1.0,-1,-1,NULL,NULL,Variable,NULL
NULL,NULL,126,14,3566,-1.0,-1,-1,NULL,NULL,Variable,NULL
NULL,NULL,126,15,3567,-1.0,-1,-1,NULL,NULL,Variable,NULL
NULL,NULL,126,16,3568,-1.0,-1,-1,NULL,NULL,Variable,NULL
NULL,NULL,126,17,3569,-1.0,-1,-1,NULL,NULL,Variable,NULL
NULL,NULL,126,18,3570,-1.0,-1,-1,NULL,NULL,Variable,NULL
NULL,NULL,126,19,3571,-1.0,-1,-1,NULL,NULL,Variable,NULL
NULL,NULL,126,20,3573,-1.0,-1,-1,NULL,NULL,Variable,NULL
NULL,NULL,126,21,3574,-1.0,-1,-1,NULL,NULL,Variable,NULL
NULL,NULL,126,22,3575,-1.0,-1,-1,NULL,NULL,Variable,NULL
NULL,NULL,126,23,3577,-1.0,-1,-1,NULL,NULL,Variable,NULL
NULL,NULL,126,24,3578,-1.0,-1,-1,NULL,NULL,Variable,NULL
NULL,NULL,126,25,3579,-1.0,-1,-1,NULL,NULL,Variable,NULL
NULL,NULL,126,26,3580,-1.0,-1,-1,NULL,NULL,Variable,NULL
NULL,NULL,126,27,3582,-1.0,-1,-1,NULL,NULL,Variable,NULL
NULL,NULL,126,28,3585,-1.0,-1,-1,NULL,NULL,Variable,NULL
NULL,NULL,127,-1000,-1000,21.0,NULL,NULL,NULL,NULL,NULL,NULL
NULL,NULL,127,-999,-999,21.0,NULL,NULL,NULL,NULL,NULL,NULL
NULL,NULL,127,-998,-998,10.5,NULL,NULL,NULL,NULL,NULL,NULL
NULL,NULL,127,-997,-997,10.5,NULL,NULL,NULL,NULL,NULL,NULL
NULL,NULL,127,0,0,-1.0,-1,-1,NULL,NULL,NULL,NULL
NULL,NULL,127,1,3631,-1.0,-1,-1,NULL,NULL,Variable,NULL
NULL,NULL,127,2,3632,-1.0,-1,-1,NULL,NULL,Variable,NULL
NULL,NULL,127,3,3633,-1.0,-1,-1,NULL,NULL,Variable,NULL
NULL,NULL,127,4,3634,-1.0,-1,-1,NULL,NULL,Variable,NULL
NULL,NULL,127,5,3635,-1.0,-1,-1,NULL,NULL,Variable,NULL
NULL,NULL,127,6,3636,-1.0,-1,-1,NULL,NULL,Variable,NULL
NULL,NULL,127,7,3637,-1.0,-1,-1,NULL,NULL,Variable,NULL
NULL,NULL,127,8,3638,-1.0,-1,-1,NULL,NULL,Variable,NULL
NULL,NULL,127,9,3639,-1.0,-1,-1,NULL,NULL,Variable,NULL
NULL,NULL,127,10,3640,-1.0,-1,-1,NULL,NULL,Variable,NULL
NULL,NULL,127,11,3641,-1.0,-1,-1,NULL,NULL,Variable,NULL
NULL,NULL,127,12,3642,-1.0,-1,-1,NULL,NULL,Variable,NULL
NULL,NULL,127,13,3643,-1.0,-1,-1,NULL,NULL,Variable,NULL
NULL,NULL,127,14,3644,-1.0,-1,-1,NULL,NULL,Variable,NULL
NULL,NULL,127,15,3645,-1.0,-1,-1,NULL,NULL,Variable,NULL
NULL,NULL,127,16,3646,-1.0,-1,-1,NULL,NULL,Variable,NULL
NULL,NULL,127,17,3647,-1.0,-1,-1,NULL,NULL,Variable,NULL
NULL,NULL,127,18,3648,-1.0,-1,-1,NULL,NULL,Variable,NULL
NULL,NULL,127,19,3649,-1.0,-1,-1,NULL,NULL,Variable,NULL
NULL,NULL,127,20,3651,-1.0,-1,-1,NULL,NULL,Variable,NULL
NULL,NULL,127,21,3652,-1.0,-1,-1,NULL,NULL,Variable,NULL
NULL,NULL,127,22,3653,-1.0,-1,-1,NULL,NULL,Variable,NULL
NULL,NULL,127,23,3655,-1.0,-1,-1,NULL,NULL,Variable,NULL
NULL,NULL,127,24,3656,-1.0,-1,-1,NULL,NULL,Variable,NULL
NULL,NULL,127,25,3657,-1.0,-1,-1,NULL,NULL,Variable,NULL
NULL,NULL,127,26,3658,-1.0,-1,-1,NULL,NULL,Variable,NULL
NULL,NULL,127,27,3660,-1.0,-1,-1,NULL,NULL,Variable,NULL
NULL,NULL,127,28,3663,-1.0,-1,-1,NULL,NULL,Variable,NULL
NULL,NULL,128,-1000,-1000,21.0,NULL,NULL,NULL,NULL,NULL,NULL
NULL,NULL,128,-999,-999,21.0,NULL,NULL,NULL,NULL,NULL,NULL
NULL,NULL,128,-998,-998,10.5,NULL,NULL,NULL,NULL,NULL,NULL
NULL,NULL,128,-997,-997,10.5,NULL,NULL,NULL,NULL,NULL,NULL
NULL,NULL,128,0,0,-1.0,-1,-1,NULL,NULL,NULL,NULL
NULL,NULL,128,1,3709,-1.0,-1,-1,NULL,NULL,Variable,NULL
NULL,NULL,128,2,3710,-1.0,-1,-1,NULL,NULL,Variable,NULL
NULL,NULL,128,3,3711,-1.0,-1,-1,NULL,NULL,Variable,NULL
NULL,NULL,128,4,3712,-1.0,-1,-1,NULL,NULL,Variable,NULL
NULL,NULL,128,5,3713,-1.0,-1,-1,NULL,NULL,Variable,NULL
NULL,NULL,128,6,3714,-1.0,-1,-1,NULL,NULL,Variable,NULL
NULL,NULL,128,7,3715,-1.0,-1,-1,NULL,NULL,Variable,NULL
NULL,NULL,128,8,3716,-1.0,-1,-1,NULL,NULL,Variable,NULL
NULL,NULL,128,9,3717,-1.0,-1,-1,NULL,NULL,Variable,NULL
NULL,NULL,128,10,3718,-1.0,-1,-1,NULL,NULL,Variable,NULL
NULL,NULL,128,11,3719,-1.0,-1,-1,NULL,NULL,Variable,NULL
NULL,NULL,128,12,3720,-1.0,-1,-1,NULL,NULL,Variable,NULL
NULL,NULL,128,13,3721,-1.0,-1,-1,NULL,NULL,Variable,NULL
NULL,NULL,128,14,3722,-1.0,-1,-1,NULL,NULL,Variable,NULL
NULL,NULL,128,15,3723,-1.0,-1,-1,NULL,NULL,Variable,NULL
NULL,NULL,128,16,3724,-1.0,-1,-1,NULL,NULL,Variable,NULL
NULL,NULL,128,17,3725,-1.0,-1,-1,NULL,NULL,Variable,NULL
NULL,NULL,128,18,3726,-1.0,-1,-1,NULL,NULL,Variable,NULL
NULL,NULL,128,19,3727,-1.0,-1,-1,NULL,NULL,Variable,NULL
NULL,NULL,128,20,3729,-1.0,-1,-1,NULL,NULL,Variable,NULL
NULL,NULL,128,21,3730,-1.0,-1,-1,NULL,NULL,Variable,NULL
NULL,NULL,128,22,3731,-1.0,-1,-1,NULL,NULL,Variable,NULL
NULL,NULL,128,23,3732,-1.0,-1,-1,NULL,NULL,Variable,NULL
NULL,NULL,128,24,3733,-1.0,-1,-1,NULL,NULL,Variable,NULL
NULL,NULL,128,25,3734,-1.0,-1,-1,NULL,NULL,Variable,NULL
NULL,NULL,128,26,3735,-1.0,-1,-1,NULL,NULL,Variable,NULL
NULL,NULL,128,27,3736,-1.0,-1,-1,NULL,NULL,Variable,NULL
NULL,NULL,128,28,3737,-1.0,-1,-1,NULL,NULL,Variable,NULL
NULL,NULL,128,29,3738,-1.0,-1,-1,NULL,NULL,Variable,NULL
NULL,NULL,128,30,3740,-1.0,-1,-1,NULL,NULL,Variable,NULL
NULL,NULL,128,31,3741,-1.0,-1,-1,NULL,NULL,Variable,NULL
NULL,NULL,128,32,3743,-1.0,-1,-1,NULL,NULL,Variable,NULL
NULL,NULL,128,33,3746,-1.0,-1,-1,NULL,NULL,Variable,NULL
NULL,NULL,129,-1000,-1000,21.0,NULL,NULL,NULL,NULL,NULL,NULL
NULL,NULL,129,-999,-999,21.0,NULL,NULL,NULL,NULL,NULL,NULL
NULL,NULL,129,-998,-998,10.5,NULL,NULL,NULL,NULL,NULL,NULL
NULL,NULL,129,-997,-997,10.5,NULL,NULL,NULL,NULL,NULL,NULL
NULL,NULL,129,0,0,-1.0,-1,-1,NULL,NULL,NULL,NULL
NULL,NULL,129,1,3762,-1.0,-1,-1,NULL,NULL,Variable,NULL
NULL,NULL,129,2,3763,-1.0,-1,-1,NULL,NULL,Variable,NULL
NULL,NULL,129,3,3764,-1.0,-1,-1,NULL,NULL,Variable,NULL
NULL,NULL,129,4,3765,-1.0,-1,-1,NULL,NULL,Variable,NULL
NULL,NULL,129,5,3766,-1.0,-1,-1,NULL,NULL,Variable,NULL
NULL,NULL,129,6,3767,-1.0,-1,-1,NULL,NULL,Variable,NULL
NULL,NULL,129,7,3768,-1.0,-1,-1,NULL,NULL,Variable,NULL
NULL,NULL,129,8,3769,-1.0,-1,-1,NULL,NULL,Variable,NULL
NULL,NULL,129,9,3770,-1.0,-1,-1,NULL,NULL,Variable,NULL
NULL,NULL,129,10,3771,-1.0,-1,-1,NULL,NULL,Variable,NULL
NULL,NULL,129,11,3772,-1.0,-1,-1,NULL,NULL,Variable,NULL
NULL,NULL,129,12,3773,-1.0,-1,-1,NULL,NULL,Variable,NULL
NULL,NULL,129,13,3774,-1.0,-1,-1,NULL,NULL,Variable,NULL
NULL,NULL,129,14,3775,-1.0,-1,-1,NULL,NULL,Variable,NULL
NULL,NULL,129,15,3776,-1.0,-1,-1,NULL,NULL,Variable,NULL
NULL,NULL,129,16,3777,-1.0,-1,-1,NULL,NULL,Variable,NULL
NULL,NULL,129,17,3778,-1.0,-1,-1,NULL,NULL,Variable,NULL
NULL,NULL,129,18,3779,-1.0,-1,-1,NULL,NULL,Variable,NULL
NULL,NULL,129,19,3780,-1.0,-1,-1,NULL,NULL,Variable,NULL
NULL,NULL,129,20,3782,-1.0,-1,-1,NULL,NULL,Variable,NULL
NULL,NULL,129,21,3783,-1.0,-1,-1,NULL,NULL,Variable,NULL
NULL,NULL,129,22,3784,-1.0,-1,-1,NULL,NULL,Variable,NULL
NULL,NULL,129,23,3785,-1.0,-1,-1,NULL,NULL,Variable,NULL
NULL,NULL,129,24,3786,-1.0,-1,-1,NULL,NULL,Variable,NULL
NULL,NULL,129,25,3787,-1.0,-1,-1,NULL,NULL,Variable,NULL
NULL,NULL,129,26,3788,-1.0,-1,-1,NULL,NULL,Variable,NULL
NULL,NULL,129,27,3789,-1.0,-1,-1,NULL,NULL,Variable,NULL
NULL,NULL,129,28,3790,-1.0,-1,-1,NULL,NULL,Variable,NULL
NULL,NULL,129,29,3791,-1.0,-1,-1,NULL,NULL,Variable,NULL
NULL,NULL,129,30,3793,-1.0,-1,-1,NULL,NULL,Variable,NULL
NULL,NULL,129,31,3794,-1.0,-1,-1,NULL,NULL,Variable,NULL
NULL,NULL,129,32,3796,-1.0,-1,-1,NULL,NULL,Variable,NULL
NULL,NULL,129,33,3799,-1.0,-1,-1,NULL,NULL,Variable,NULL
NULL,NULL,130,-1000,-1000,21.0,NULL,NULL,NULL,NULL,NULL,NULL
NULL,NULL,130,-999,-999,21.0,NULL,NULL,NULL,NULL,NULL,NULL
NULL,NULL,130,-998,-998,10.5,NULL,NULL,NULL,NULL,NULL,NULL
NULL,NULL,130,-997,-997,10.5,NULL,NULL,NULL,NULL,NULL,NULL
NULL,NULL,130,0,0,-1.0,-1,-1,NULL,NULL,NULL,NULL
NULL,NULL,130,1,3815,-1.0,-1,-1,NULL,NULL,Variable,NULL
NULL,NULL,130,2,3816,-1.0,-1,-1,NULL,NULL,Variable,NULL
NULL,NULL,130,3,3817,-1.0,-1,-1,NULL,NULL,Variable,NULL
NULL,NULL,130,4,3818,-1.0,-1,-1,NULL,NULL,Variable,NULL
NULL,NULL,130,5,3819,-1.0,-1,-1,NULL,NULL,Variable,NULL
NULL,NULL,130,6,3820,-1.0,-1,-1,NULL,NULL,Variable,NULL
NULL,NULL,130,7,3821,-1.0,-1,-1,NULL,NULL,Variable,NULL
NULL,NULL,130,8,3822,-1.0,-1,-1,NULL,NULL,Variable,NULL
NULL,NULL,130,9,3823,-1.0,-1,-1,NULL,NULL,Variable,NULL
NULL,NULL,130,10,3824,-1.0,-1,-1,NULL,NULL,Variable,NULL
NULL,NULL,130,11,3825,-1.0,-1,-1,NULL,NULL,Variable,NULL
NULL,NULL,130,12,3826,-1.0,-1,-1,NULL,NULL,Variable,NULL
NULL,NULL,130,13,3827,-1.0,-1,-1,NULL,NULL,Variable,NULL
NULL,NULL,130,14,3828,-1.0,-1,-1,NULL,NULL,Variable,NULL
NULL,NULL,130,15,3829,-1.0,-1,-1,NULL,NULL,Variable,NULL
NULL,NULL,130,16,3830,-1.0,-1,-1,NULL,NULL,Variable,NULL
NULL,NULL,130,17,3831,-1.0,-1,-1,NULL,NULL,Variable,NULL
NULL,NULL,130,18,3832,-1.0,-1,-1,NULL,NULL,Variable,NULL
NULL,NULL,130,19,3833,-1.0,-1,-1,NULL,NULL,Variable,NULL
NULL,NULL,130,20,3835,-1.0,-1,-1,NULL,NULL,Variable,NULL
NULL,NULL,130,21,3836,-1.0,-1,-1,NULL,NULL,Variable,NULL
NULL,NULL,130,22,3837,-1.0,-1,-1,NULL,NULL,Variable,NULL
NULL,NULL,130,23,3838,-1.0,-1,-1,NULL,NULL,Variable,NULL
NULL,NULL,130,24,3839,-1.0,-1,-1,NULL,NULL,Variable,NULL
NULL,NULL,130,25,3840,-1.0,-1,-1,NULL,NULL,Variable,NULL
NULL,NULL,130,26,3841,-1.0,-1,-1,NULL,NULL,Variable,NULL
NULL,NULL,130,27,3842,-1.0,-1,-1,NULL,NULL,Variable,NULL
NULL,NULL,130,28,3843,-1.0,-1,-1,NULL,NULL,Variable,NULL
NULL,NULL,130,29,3844,-1.0,-1,-1,NULL,NULL,Variable,NULL
NULL,NULL,130,30,3846,-1.0,-1,-1,NULL,NULL,Variable,NULL
NULL,NULL,130,31,3847,-1.0,-1,-1,NULL,NULL,Variable,NULL
NULL,NULL,130,32,3849,-1.0,-1,-1,NULL,NULL,Variable,NULL
NULL,NULL,130,33,3852,-1.0,-1,-1,NULL,NULL,Variable,NULL
NULL,NULL,131,-1000,-1000,21.0,NULL,NULL,NULL,NULL,NULL,NULL
NULL,NULL,131,-999,-999,21.0,NULL,NULL,NULL,NULL,NULL,NULL
NULL,NULL,131,-998,-998,10.5,NULL,NULL,NULL,NULL,NULL,NULL
NULL,NULL,131,-997,-997,10.5,NULL,NULL,NULL,NULL,NULL,NULL
NULL,NULL,131,0,0,-1.0,-1,-1,NULL,NULL,NULL,NULL
NULL,NULL,131,1,3868,-1.0,-1,-1,NULL,NULL,Variable,NULL
NULL,NULL,131,2,3869,-1.0,-1,-1,NULL,NULL,Variable,NULL
NULL,NULL,131,3,3870,-1.0,-1,-1,NULL,NULL,Variable,NULL
NULL,NULL,131,4,3871,-1.0,-1,-1,NULL,NULL,Variable,NULL
NULL,NULL,131,5,3872,-1.0,-1,-1,NULL,NULL,Variable,NULL
NULL,NULL,131,6,3873,-1.0,-1,-1,NULL,NULL,Variable,NULL
NULL,NULL,131,7,3874,-1.0,-1,-1,NULL,NULL,Variable,NULL
NULL,NULL,131,8,3875,-1.0,-1,-1,NULL,NULL,Variable,NULL
NULL,NULL,131,9,3876,-1.0,-1,-1,NULL,NULL,Variable,NULL
NULL,NULL,131,10,3877,-1.0,-1,-1,NULL,NULL,Variable,NULL
NULL,NULL,131,11,3878,-1.0,-1,-1,NULL,NULL,Variable,NULL
NULL,NULL,131,12,3879,-1.0,-1,-1,NULL,NULL,Variable,NULL
NULL,NULL,131,13,3880,-1.0,-1,-1,NULL,NULL,Variable,NULL
NULL,NULL,131,14,3881,-1.0,-1,-1,NULL,NULL,Variable,NULL
NULL,NULL,131,15,3882,-1.0,-1,-1,NULL,NULL,Variable,NULL
NULL,NULL,131,16,3883,-1.0,-1,-1,NULL,NULL,Variable,NULL
NULL,NULL,131,17,3884,-1.0,-1,-1,NULL,NULL,Variable,NULL
NULL,NULL,131,18,3885,-1.0,-1,-1,NULL,NULL,Variable,NULL
NULL,NULL,131,19,3886,-1.0,-1,-1,NULL,NULL,Variable,NULL
NULL,NULL,131,20,3888,-1.0,-1,-1,NULL,NULL,Variable,NULL
NULL,NULL,131,21,3889,-1.0,-1,-1,NULL,NULL,Variable,NULL
NULL,NULL,131,22,3890,-1.0,-1,-1,NULL,NULL,Variable,NULL
NULL,NULL,131,23,3891,-1.0,-1,-1,NULL,NULL,Variable,NULL
NULL,NULL,131,24,3892,-1.0,-1,-1,NULL,NULL,Variable,NULL
NULL,NULL,131,25,3893,-1.0,-1,-1,NULL,NULL,Variable,NULL
NULL,NULL,131,26,3894,-1.0,-1,-1,NULL,NULL,Variable,NULL
NULL,NULL,131,27,3895,-1.0,-1,-1,NULL,NULL,Variable,NULL
NULL,NULL,131,28,3896,-1.0,-1,-1,NULL,NULL,Variable,NULL
NULL,NULL,131,29,3897,-1.0,-1,-1,NULL,NULL,Variable,NULL
NULL,NULL,131,30,3899,-1.0,-1,-1,NULL,NULL,Variable,NULL
NULL,NULL,131,31,3900,-1.0,-1,-1,NULL,NULL,Variable,NULL
NULL,NULL,131,32,3902,-1.0,-1,-1,NULL,NULL,Variable,NULL
NULL,NULL,131,33,3905,-1.0,-1,-1,NULL,NULL,Variable,NULL
NULL,NULL,132,-1000,-1000,21.0,NULL,NULL,NULL,NULL,NULL,NULL
NULL,NULL,132,-999,-999,21.0,NULL,NULL,NULL,NULL,NULL,NULL
NULL,NULL,132,-998,-998,10.5,NULL,NULL,NULL,NULL,NULL,NULL
NULL,NULL,132,-997,-997,10.5,NULL,NULL,NULL,NULL,NULL,NULL
NULL,NULL,132,0,0,-1.0,-1,-1,NULL,NULL,NULL,NULL
NULL,NULL,132,1,3921,-1.0,-1,-1,NULL,NULL,Variable,NULL
NULL,NULL,132,2,3922,-1.0,-1,-1,NULL,NULL,Variable,NULL
NULL,NULL,132,3,3923,-1.0,-1,-1,NULL,NULL,Variable,NULL
NULL,NULL,132,4,3924,-1.0,-1,-1,NULL,NULL,Variable,NULL
NULL,NULL,132,5,3925,-1.0,-1,-1,NULL,NULL,Variable,NULL
NULL,NULL,132,6,3926,-1.0,-1,-1,NULL,NULL,Variable,NULL
NULL,NULL,132,7,3927,-1.0,-1,-1,NULL,NULL,Variable,NULL
NULL,NULL,132,8,3928,-1.0,-1,-1,NULL,NULL,Variable,NULL
NULL,NULL,132,9,3929,-1.0,-1,-1,NULL,NULL,Variable,NULL
NULL,NULL,132,10,3930,-1.0,-1,-1,NULL,NULL,Variable,NULL
NULL,NULL,132,11,3931,-1.0,-1,-1,NULL,NULL,Variable,NULL
NULL,NULL,132,12,3932,-1.0,-1,-1,NULL,NULL,Variable,NULL
NULL,NULL,132,13,3933,-1.0,-1,-1,NULL,NULL,Variable,NULL
NULL,NULL,132,14,3934,-1.0,-1,-1,NULL,NULL,Variable,NULL
NULL,NULL,132,15,3935,-1.0,-1,-1,NULL,NULL,Variable,NULL
NULL,NULL,132,16,3936,-1.0,-1,-1,NULL,NULL,Variable,NULL
NULL,NULL,132,17,3937,-1.0,-1,-1,NULL,NULL,Variable,NULL
NULL,NULL,132,18,3938,-1.0,-1,-1,NULL,NULL,Variable,NULL
NULL,NULL,132,19,3939,-1.0,-1,-1,NULL,NULL,Variable,NULL
NULL,NULL,132,20,3941,-1.0,-1,-1,NULL,NULL,Variable,NULL
NULL,NULL,132,21,3942,-1.0,-1,-1,NULL,NULL,Variable,NULL
NULL,NULL,132,22,3943,-1.0,-1,-1,NULL,NULL,Variable,NULL
NULL,NULL,132,23,3944,-1.0,-1,-1,NULL,NULL,Variable,NULL
NULL,NULL,132,24,3945,-1.0,-1,-1,NULL,NULL,Variable,NULL
NULL,NULL,132,25,3946,-1.0,-1,-1,NULL,NULL,Variable,NULL
NULL,NULL,132,26,3947,-1.0,-1,-1,NULL,NULL,Variable,NULL
NULL,NULL,132,27,3948,-1.0,-1,-1,NULL,NULL,Variable,NULL
NULL,NULL,132,28,3949,-1.0,-1,-1,NULL,NULL,Variable,NULL
NULL,NULL,132,29,3950,-1.0,-1,-1,NULL,NULL,Variable,NULL
NULL,NULL,132,30,3952,-1.0,-1,-1,NULL,NULL,Variable,NULL
NULL,NULL,132,31,3953,-1.0,-1,-1,NULL,NULL,Variable,NULL
NULL,NULL,132,32,3955,-1.0,-1,-1,NULL,NULL,Variable,NULL
NULL,NULL,132,33,3958,-1.0,-1,-1,NULL,NULL,Variable,NULL
NULL,NULL,133,-1000,-1000,21.0,NULL,NULL,NULL,NULL,NULL,NULL
NULL,NULL,133,-999,-999,21.0,NULL,NULL,NULL,NULL,NULL,NULL
NULL,NULL,133,-998,-998,10.5,NULL,NULL,NULL,NULL,NULL,NULL
NULL,NULL,133,-997,-997,10.5,NULL,NULL,NULL,NULL,NULL,NULL
NULL,NULL,133,0,0,-1.0,-1,-1,NULL,NULL,NULL,NULL
NULL,NULL,133,1,3974,-1.0,-1,-1,NULL,NULL,Variable,NULL
NULL,NULL,133,2,3975,-1.0,-1,-1,NULL,NULL,Variable,NULL
NULL,NULL,133,3,3976,-1.0,-1,-1,NULL,NULL,Variable,NULL
NULL,NULL,133,4,3977,-1.0,-1,-1,NULL,NULL,Variable,NULL
NULL,NULL,133,5,3978,-1.0,-1,-1,NULL,NULL,Variable,NULL
NULL,NULL,133,6,3979,-1.0,-1,-1,NULL,NULL,Variable,NULL
NULL,NULL,133,7,3980,-1.0,-1,-1,NULL,NULL,Variable,NULL
NULL,NULL,133,8,3981,-1.0,-1,-1,NULL,NULL,Variable,NULL
NULL,NULL,133,9,3982,-1.0,-1,-1,NULL,NULL,Variable,NULL
NULL,NULL,133,10,3983,-1.0,-1,-1,NULL,NULL,Variable,NULL
NULL,NULL,133,11,3984,-1.0,-1,-1,NULL,NULL,Variable,NULL
NULL,NULL,133,12,3985,-1.0,-1,-1,NULL,NULL,Variable,NULL
NULL,NULL,133,13,3986,-1.0,-1,-1,NULL,NULL,Variable,NULL
NULL,NULL,133,14,3987,-1.0,-1,-1,NULL,NULL,Variable,NULL
NULL,NULL,133,15,3988,-1.0,-1,-1,NULL,NULL,Variable,NULL
NULL,NULL,133,16,3989,-1.0,-1,-1,NULL,NULL,Variable,NULL
NULL,NULL,133,17,3990,-1.0,-1,-1,NULL,NULL,Variable,NULL
NULL,NULL,133,18,3991,-1.0,-1,-1,NULL,NULL,Variable,NULL
NULL,NULL,133,19,3992,-1.0,-1,-1,NULL,NULL,Variable,NULL
NULL,NULL,133,20,3994,-1.0,-1,-1,NULL,NULL,Variable,NULL
NULL,NULL,133,21,3995,-1.0,-1,-1,NULL,NULL,Variable,NULL
NULL,NULL,133,22,3996,-1.0,-1,-1,NULL,NULL,Variable,NULL
NULL,NULL,133,23,3998,-1.0,-1,-1,NULL,NULL,Variable,NULL
NULL,NULL,133,24,3999,-1.0,-1,-1,NULL,NULL,Variable,NULL
NULL,NULL,133,25,4000,-1.0,-1,-1,NULL,NULL,Variable,NULL
NULL,NULL,133,26,4001,-1.0,-1,-1,NULL,NULL,Variable,NULL
NULL,NULL,133,27,4003,-1.0,-1,-1,NULL,NULL,Variable,NULL
NULL,NULL,133,28,4006,-1.0,-1,-1,NULL,NULL,Variable,NULL
NULL,NULL,134,-1000,-1000,21.0,NULL,NULL,NULL,NULL,NULL,NULL
NULL,NULL,134,-999,-999,21.0,NULL,NULL,NULL,NULL,NULL,NULL
NULL,NULL,134,-998,-998,10.5,NULL,NULL,NULL,NULL,NULL,NULL
NULL,NULL,134,-997,-997,10.5,NULL,NULL,NULL,NULL,NULL,NULL
NULL,NULL,134,0,0,-1.0,-1,-1,NULL,NULL,NULL,NULL
NULL,NULL,134,1,4011,-1.0,-1,-1,NULL,NULL,Variable,NULL
NULL,NULL,134,2,4012,-1.0,-1,-1,NULL,NULL,Variable,NULL
NULL,NULL,134,3,4013,-1.0,-1,-1,NULL,NULL,Variable,NULL
NULL,NULL,134,4,4014,-1.0,-1,-1,NULL,NULL,Variable,NULL
NULL,NULL,134,5,4015,-1.0,-1,-1,NULL,NULL,Variable,NULL
NULL,NULL,134,6,4016,-1.0,-1,-1,NULL,NULL,Variable,NULL
NULL,NULL,134,7,4017,-1.0,-1,-1,NULL,NULL,Variable,NULL
NULL,NULL,134,8,4018,-1.0,-1,-1,NULL,NULL,Variable,NULL
NULL,NULL,134,9,4019,-1.0,-1,-1,NULL,NULL,Variable,NULL
NULL,NULL,134,10,4020,-1.0,-1,-1,NULL,NULL,Variable,NULL
NULL,NULL,134,11,4021,-1.0,-1,-1,NULL,NULL,Variable,NULL
NULL,NULL,134,12,4022,-1.0,-1,-1,NULL,NULL,Variable,NULL
NULL,NULL,134,13,4023,-1.0,-1,-1,NULL,NULL,Variable,NULL
NULL,NULL,134,14,4024,-1.0,-1,-1,NULL,NULL,Variable,NULL
NULL,NULL,134,15,4025,-1.0,-1,-1,NULL,NULL,Variable,NULL
NULL,NULL,134,16,4026,-1.0,-1,-1,NULL,NULL,Variable,NULL
NULL,NULL,134,17,4027,-1.0,-1,-1,NULL,NULL,Variable,NULL
NULL,NULL,134,18,4028,-1.0,-1,-1,NULL,NULL,Variable,NULL
NULL,NULL,134,19,4029,-1.0,-1,-1,NULL,NULL,Variable,NULL
NULL,NULL,134,20,4031,-1.0,-1,-1,NULL,NULL,Variable,NULL
NULL,NULL,134,21,4032,-1.0,-1,-1,NULL,NULL,Variable,NULL
NULL,NULL,134,22,4033,-1.0,-1,-1,NULL,NULL,Variable,NULL
NULL,NULL,134,23,4035,-1.0,-1,-1,NULL,NULL,Variable,NULL
NULL,NULL,134,24,4036,-1.0,-1,-1,NULL,NULL,Variable,NULL
NULL,NULL,134,25,4037,-1.0,-1,-1,NULL,NULL,Variable,NULL
NULL,NULL,134,26,4038,-1.0,-1,-1,NULL,NULL,Variable,NULL
NULL,NULL,134,27,4040,-1.0,-1,-1,NULL,NULL,Variable,NULL
NULL,NULL,134,28,4043,-1.0,-1,-1,NULL,NULL,Variable,NULL
NULL,NULL,135,-1000,-1000,21.0,NULL,NULL,NULL,NULL,NULL,NULL
NULL,NULL,135,-999,-999,21.0,NULL,NULL,NULL,NULL,NULL,NULL
NULL,NULL,135,-998,-998,10.5,NULL,NULL,NULL,NULL,NULL,NULL
NULL,NULL,135,-997,-997,10.5,NULL,NULL,NULL,NULL,NULL,NULL
NULL,NULL,135,0,0,-1.0,-1,-1,NULL,NULL,NULL,NULL
NULL,NULL,135,1,4047,-1.0,-1,-1,NULL,NULL,Variable,NULL
NULL,NULL,135,2,4048,-1.0,-1,-1,NULL,NULL,Variable,NULL
NULL,NULL,135,3,4049,-1.0,-1,-1,NULL,NULL,Variable,NULL
NULL,NULL,135,4,4050,-1.0,-1,-1,NULL,NULL,Variable,NULL
NULL,NULL,135,5,4051,-1.0,-1,-1,NULL,NULL,Variable,NULL
NULL,NULL,135,6,4052,-1.0,-1,-1,NULL,NULL,Variable,NULL
NULL,NULL,135,7,4053,-1.0,-1,-1,NULL,NULL,Variable,NULL
NULL,NULL,135,8,4054,-1.0,-1,-1,NULL,NULL,Variable,NULL
NULL,NULL,135,9,4055,-1.0,-1,-1,NULL,NULL,Variable,NULL
NULL,NULL,135,10,4056,-1.0,-1,-1,NULL,NULL,Variable,NULL
NULL,NULL,135,11,4057,-1.0,-1,-1,NULL,NULL,Variable,NULL
NULL,NULL,135,12,4058,-1.0,-1,-1,NULL,NULL,Variable,NULL
NULL,NULL,135,13,4059,-1.0,-1,-1,NULL,NULL,Variable,NULL
NULL,NULL,135,14,4060,-1.0,-1,-1,NULL,NULL,Variable,NULL
NULL,NULL,135,15,4061,-1.0,-1,-1,NULL,NULL,Variable,NULL
NULL,NULL,135,16,4062,-1.0,-1,-1,NULL,NULL,Variable,NULL
NULL,NULL,135,17,4063,-1.0,-1,-1,NULL,NULL,Variable,NULL
NULL,NULL,136,-1000,-1000,21.0,NULL,NULL,NULL,NULL,NULL,NULL
NULL,NULL,136,-999,-999,21.0,NULL,NULL,NULL,NULL,NULL,NULL
NULL,NULL,136,-998,-998,10.5,NULL,NULL,NULL,NULL,NULL,NULL
NULL,NULL,136,-997,-997,10.5,NULL,NULL,NULL,NULL,NULL,NULL
NULL,NULL,136,0,0,-1.0,-1,-1,NULL,NULL,NULL,NULL
NULL,NULL,136,1,4066,-1.0,-1,-1,NULL,NULL,Variable,NULL
NULL,NULL,136,2,4067,-1.0,-1,-1,NULL,NULL,Variable,NULL
NULL,NULL,136,3,4068,-1.0,-1,-1,NULL,NULL,Variable,NULL
NULL,NULL,136,4,4069,-1.0,-1,-1,NULL,NULL,Variable,NULL
NULL,NULL,136,5,4070,-1.0,-1,-1,NULL,NULL,Variable,NULL
NULL,NULL,136,6,4071,-1.0,-1,-1,NULL,NULL,Variable,NULL
NULL,NULL,136,7,4072,-1.0,-1,-1,NULL,NULL,Variable,NULL
NULL,NULL,136,8,4073,-1.0,-1,-1,NULL,NULL,Variable,NULL
NULL,NULL,136,9,4074,-1.0,-1,-1,NULL,NULL,Variable,NULL
NULL,NULL,136,10,4075,-1.0,-1,-1,NULL,NULL,Variable,NULL
NULL,NULL,136,11,4076,-1.0,-1,-1,NULL,NULL,Variable,NULL
NULL,NULL,136,12,4077,-1.0,-1,-1,NULL,NULL,Variable,NULL
NULL,NULL,136,13,4078,-1.0,-1,-1,NULL,NULL,Variable,NULL
NULL,NULL,136,14,4079,-1.0,-1,-1,NULL,NULL,Variable,NULL
NULL,NULL,136,15,4080,-1.0,-1,-1,NULL,NULL,Variable,NULL
NULL,NULL,136,16,4081,-1.0,-1,-1,NULL,NULL,Variable,NULL
NULL,NULL,136,17,4082,-1.0,-1,-1,NULL,NULL,Variable,NULL
NULL,NULL,137,-1000,-1000,21.0,NULL,NULL,NULL,NULL,NULL,NULL
NULL,NULL,137,-999,-999,21.0,NULL,NULL,NULL,NULL,NULL,NULL
NULL,NULL,137,-998,-998,10.5,NULL,NULL,NULL,NULL,NULL,NULL
NULL,NULL,137,-997,-997,10.5,NULL,NULL,NULL,NULL,NULL,NULL
NULL,NULL,137,0,0,-1.0,-1,-1,NULL,NULL,NULL,NULL
NULL,NULL,137,1,4088,-1.0,-1,-1,NULL,NULL,Variable,NULL
NULL,NULL,137,2,4089,-1.0,-1,-1,NULL,NULL,Variable,NULL
NULL,NULL,137,3,4090,-1.0,-1,-1,NULL,NULL,Variable,NULL
NULL,NULL,137,4,4091,-1.0,-1,-1,NULL,NULL,Variable,NULL
NULL,NULL,137,5,4092,-1.0,-1,-1,NULL,NULL,Variable,NULL
NULL,NULL,137,6,4093,-1.0,-1,-1,NULL,NULL,Variable,NULL
NULL,NULL,137,7,4094,-1.0,-1,-1,NULL,NULL,Variable,NULL
NULL,NULL,137,8,4095,-1.0,-1,-1,NULL,NULL,Variable,NULL
NULL,NULL,137,9,4096,-1.0,-1,-1,NULL,NULL,Variable,NULL
NULL,NULL,137,10,4097,-1.0,-1,-1,NULL,NULL,Variable,NULL
NULL,NULL,137,11,4098,-1.0,-1,-1,NULL,NULL,Variable,NULL
NULL,NULL,137,12,4099,-1.0,-1,-1,NULL,NULL,Variable,NULL
NULL,NULL,137,13,4100,-1.0,-1,-1,NULL,NULL,Variable,NULL
NULL,NULL,137,14,4101,-1.0,-1,-1,NULL,NULL,Variable,NULL
NULL,NULL,137,15,4102,-1.0,-1,-1,NULL,NULL,Variable,NULL
NULL,NULL,137,16,4103,-1.0,-1,-1,NULL,NULL,Variable,NULL
NULL,NULL,137,17,4104,-1.0,-1,-1,NULL,NULL,Variable,NULL
NULL,NULL,137,18,4105,-1.0,-1,-1,NULL,NULL,Variable,NULL
NULL,NULL,137,19,4106,-1.0,-1,-1,NULL,NULL,Variable,NULL
NULL,NULL,137,20,4108,-1.0,-1,-1,NULL,NULL,Variable,NULL
NULL,NULL,137,21,4109,-1.0,-1,-1,NULL,NULL,Variable,NULL
NULL,NULL,137,22,4110,-1.0,-1,-1,NULL,NULL,Variable,NULL
NULL,NULL,137,23,4111,-1.0,-1,-1,NULL,NULL,Variable,NULL
NULL,NULL,137,24,4112,-1.0,-1,-1,NULL,NULL,Variable,NULL
NULL,NULL,137,25,4113,-1.0,-1,-1,NULL,NULL,Variable,NULL
NULL,NULL,137,26,4114,-1.0,-1,-1,NULL,NULL,Variable,NULL
NULL,NULL,137,27,4115,-1.0,-1,-1,NULL,NULL,Variable,NULL
NULL,NULL,137,28,4116,-1.0,-1,-1,NULL,NULL,Variable,NULL
NULL,NULL,137,29,4117,-1.0,-1,-1,NULL,NULL,Variable,NULL
NULL,NULL,137,30,4119,-1.0,-1,-1,NULL,NULL,Variable,NULL
NULL,NULL,137,31,4120,-1.0,-1,-1,NULL,NULL,Variable,NULL
NULL,NULL,137,32,4122,-1.0,-1,-1,NULL,NULL,Variable,NULL
NULL,NULL,137,33,4125,-1.0,-1,-1,NULL,NULL,Variable,NULL
NULL,NULL,138,-1000,-1000,21.0,NULL,NULL,NULL,NULL,NULL,NULL
NULL,NULL,138,-999,-999,21.0,NULL,NULL,NULL,NULL,NULL,NULL
NULL,NULL,138,-998,-998,10.5,NULL,NULL,NULL,NULL,NULL,NULL
NULL,NULL,138,-997,-997,10.5,NULL,NULL,NULL,NULL,NULL,NULL
NULL,NULL,138,0,0,-1.0,-1,-1,NULL,NULL,NULL,NULL
NULL,NULL,138,1,4141,-1.0,-1,-1,NULL,NULL,Variable,NULL
NULL,NULL,138,2,4142,-1.0,-1,-1,NULL,NULL,Variable,NULL
NULL,NULL,138,3,4143,-1.0,-1,-1,NULL,NULL,Variable,NULL
NULL,NULL,138,4,4144,-1.0,-1,-1,NULL,NULL,Variable,NULL
NULL,NULL,138,5,4145,-1.0,-1,-1,NULL,NULL,Variable,NULL
NULL,NULL,138,6,4146,-1.0,-1,-1,NULL,NULL,Variable,NULL
NULL,NULL,138,7,4147,-1.0,-1,-1,NULL,NULL,Variable,NULL
NULL,NULL,138,8,4148,-1.0,-1,-1,NULL,NULL,Variable,NULL
NULL,NULL,138,9,4149,-1.0,-1,-1,NULL,NULL,Variable,NULL
NULL,NULL,138,10,4150,-1.0,-1,-1,NULL,NULL,Variable,NULL
NULL,NULL,138,11,4151,-1.0,-1,-1,NULL,NULL,Variable,NULL
NULL,NULL,138,12,4152,-1.0,-1,-1,NULL,NULL,Variable,NULL
NULL,NULL,138,13,4153,-1.0,-1,-1,NULL,NULL,Variable,NULL
NULL,NULL,138,14,4154,-1.0,-1,-1,NULL,NULL,Variable,NULL
NULL,NULL,138,15,4155,-1.0,-1,-1,NULL,NULL,Variable,NULL
NULL,NULL,138,16,4156,-1.0,-1,-1,NULL,NULL,Variable,NULL
NULL,NULL,138,17,4157,-1.0,-1,-1,NULL,NULL,Variable,NULL
NULL,NULL,139,-1000,-1000,21.0,NULL,NULL,NULL,NULL,NULL,NULL
NULL,NULL,139,-999,-999,21.0,NULL,NULL,NULL,NULL,NULL,NULL
NULL,NULL,139,-998,-998,10.5,NULL,NULL,NULL,NULL,NULL,NULL
NULL,NULL,139,-997,-997,10.5,NULL,NULL,NULL,NULL,NULL,NULL
NULL,NULL,139,0,0,-1.0,-1,-1,NULL,NULL,NULL,NULL
NULL,NULL,139,1,4160,-1.0,-1,-1,NULL,NULL,Variable,NULL
NULL,NULL,139,2,4161,-1.0,-1,-1,NULL,NULL,Variable,NULL
NULL,NULL,139,3,4162,-1.0,-1,-1,NULL,NULL,Variable,NULL
NULL,NULL,139,4,4163,-1.0,-1,-1,NULL,NULL,Variable,NULL
NULL,NULL,139,5,4164,-1.0,-1,-1,NULL,NULL,Variable,NULL
NULL,NULL,139,6,4165,-1.0,-1,-1,NULL,NULL,Variable,NULL
NULL,NULL,139,7,4166,-1.0,-1,-1,NULL,NULL,Variable,NULL
NULL,NULL,139,8,4167,-1.0,-1,-1,NULL,NULL,Variable,NULL
NULL,NULL,139,9,4168,-1.0,-1,-1,NULL,NULL,Variable,NULL
NULL,NULL,139,10,4169,-1.0,-1,-1,NULL,NULL,Variable,NULL
NULL,NULL,139,11,4170,-1.0,-1,-1,NULL,NULL,Variable,NULL
NULL,NULL,139,12,4171,-1.0,-1,-1,NULL,NULL,Variable,NULL
NULL,NULL,139,13,4172,-1.0,-1,-1,NULL,NULL,Variable,NULL
NULL,NULL,139,14,4173,-1.0,-1,-1,NULL,NULL,Variable,NULL
NULL,NULL,139,15,4174,-1.0,-1,-1,NULL,NULL,Variable,NULL
NULL,NULL,139,16,4175,-1.0,-1,-1,NULL,NULL,Variable,NULL
NULL,NULL,139,17,4176,-1.0,-1,-1,NULL,NULL,Variable,NULL
NULL,NULL,139,18,4177,-1.0,-1,-1,NULL,NULL,Variable,NULL
NULL,NULL,139,19,4178,-1.0,-1,-1,NULL,NULL,Variable,NULL
NULL,NULL,139,20,4180,-1.0,-1,-1,NULL,NULL,Variable,NULL
NULL,NULL,139,21,4181,-1.0,-1,-1,NULL,NULL,Variable,NULL
NULL,NULL,139,22,4182,-1.0,-1,-1,NULL,NULL,Variable,NULL
NULL,NULL,139,23,4184,-1.0,-1,-1,NULL,NULL,Variable,NULL
NULL,NULL,139,24,4185,-1.0,-1,-1,NULL,NULL,Variable,NULL
NULL,NULL,139,25,4186,-1.0,-1,-1,NULL,NULL,Variable,NULL
NULL,NULL,139,26,4188,-1.0,-1,-1,NULL,NULL,Variable,NULL
NULL,NULL,139,27,4191,-1.0,-1,-1,NULL,NULL,Variable,NULL
NULL,NULL,140,-1000,-1000,21.0,NULL,NULL,NULL,NULL,NULL,NULL
NULL,NULL,140,-999,-999,21.0,NULL,NULL,NULL,NULL,NULL,NULL
NULL,NULL,140,-998,-998,10.5,NULL,NULL,NULL,NULL,NULL,NULL
NULL,NULL,140,-997,-997,10.5,NULL,NULL,NULL,NULL,NULL,NULL
NULL,NULL,140,0,0,-1.0,-1,-1,NULL,NULL,NULL,NULL
NULL,NULL,140,1,4212,-1.0,-1,-1,NULL,NULL,Variable,NULL
NULL,NULL,140,2,4213,-1.0,-1,-1,NULL,NULL,Variable,NULL
NULL,NULL,140,3,4214,-1.0,-1,-1,NULL,NULL,Variable,NULL
NULL,NULL,140,4,4215,-1.0,-1,-1,NULL,NULL,Variable,NULL
NULL,NULL,140,5,4216,-1.0,-1,-1,NULL,NULL,Variable,NULL
NULL,NULL,140,6,4217,-1.0,-1,-1,NULL,NULL,Variable,NULL
NULL,NULL,140,7,4218,-1.0,-1,-1,NULL,NULL,Variable,NULL
NULL,NULL,140,8,4219,-1.0,-1,-1,NULL,NULL,Variable,NULL
NULL,NULL,140,9,4220,-1.0,-1,-1,NULL,NULL,Variable,NULL
NULL,NULL,140,10,4221,-1.0,-1,-1,NULL,NULL,Variable,NULL
NULL,NULL,140,11,4222,-1.0,-1,-1,NULL,NULL,Variable,NULL
NULL,NULL,140,12,4223,-1.0,-1,-1,NULL,NULL,Variable,NULL
NULL,NULL,140,13,4224,-1.0,-1,-1,NULL,NULL,Variable,NULL
NULL,NULL,140,14,4225,-1.0,-1,-1,NULL,NULL,Variable,NULL
NULL,NULL,140,15,4226,-1.0,-1,-1,NULL,NULL,Variable,NULL
NULL,NULL,140,16,4227,-1.0,-1,-1,NULL,NULL,Variable,NULL
NULL,NULL,140,17,4228,-1.0,-1,-1,NULL,NULL,Variable,NULL
NULL,NULL,140,18,4229,-1.0,-1,-1,NULL,NULL,Variable,NULL
NULL,NULL,140,19,4230,-1.0,-1,-1,NULL,NULL,Variable,NULL
NULL,NULL,140,20,4232,-1.0,-1,-1,NULL,NULL,Variable,NULL
NULL,NULL,140,21,4233,-1.0,-1,-1,NULL,NULL,Variable,NULL
NULL,NULL,140,22,4234,-1.0,-1,-1,NULL,NULL,Variable,NULL
NULL,NULL,140,23,4236,-1.0,-1,-1,NULL,NULL,Variable,NULL
NULL,NULL,140,24,4237,-1.0,-1,-1,NULL,NULL,Variable,NULL
NULL,NULL,140,25,4238,-1.0,-1,-1,NULL,NULL,Variable,NULL
NULL,NULL,140,26,4240,-1.0,-1,-1,NULL,NULL,Variable,NULL
NULL,NULL,140,27,4243,-1.0,-1,-1,NULL,NULL,Variable,NULL
NULL,NULL,141,-1000,-1000,21.0,NULL,NULL,NULL,NULL,NULL,NULL
NULL,NULL,141,-999,-999,21.0,NULL,NULL,NULL,NULL,NULL,NULL
NULL,NULL,141,-998,-998,10.5,NULL,NULL,NULL,NULL,NULL,NULL
NULL,NULL,141,-997,-997,10.5,NULL,NULL,NULL,NULL,NULL,NULL
NULL,NULL,141,0,0,-1.0,-1,-1,NULL,NULL,NULL,NULL
NULL,NULL,141,1,4264,-1.0,-1,-1,NULL,NULL,Variable,NULL
NULL,NULL,141,2,4265,-1.0,-1,-1,NULL,NULL,Variable,NULL
NULL,NULL,141,3,4266,-1.0,-1,-1,NULL,NULL,Variable,NULL
NULL,NULL,141,4,4267,-1.0,-1,-1,NULL,NULL,Variable,NULL
NULL,NULL,141,5,4268,-1.0,-1,-1,NULL,NULL,Variable,NULL
NULL,NULL,141,6,4269,-1.0,-1,-1,NULL,NULL,Variable,NULL
NULL,NULL,141,7,4270,-1.0,-1,-1,NULL,NULL,Variable,NULL
NULL,NULL,141,8,4271,-1.0,-1,-1,NULL,NULL,Variable,NULL
NULL,NULL,141,9,4272,-1.0,-1,-1,NULL,NULL,Variable,NULL
NULL,NULL,141,10,4273,-1.0,-1,-1,NULL,NULL,Variable,NULL
NULL,NULL,141,11,4274,-1.0,-1,-1,NULL,NULL,Variable,NULL
NULL,NULL,141,12,4275,-1.0,-1,-1,NULL,NULL,Variable,NULL
NULL,NULL,141,13,4276,-1.0,-1,-1,NULL,NULL,Variable,NULL
NULL,NULL,141,14,4277,-1.0,-1,-1,NULL,NULL,Variable,NULL
NULL,NULL,141,15,4278,-1.0,-1,-1,NULL,NULL,Variable,NULL
NULL,NULL,141,16,4279,-1.0,-1,-1,NULL,NULL,Variable,NULL
NULL,NULL,141,17,4280,-1.0,-1,-1,NULL,NULL,Variable,NULL
NULL,NULL,141,18,4281,-1.0,-1,-1,NULL,NULL,Variable,NULL
NULL,NULL,141,19,4282,-1.0,-1,-1,NULL,NULL,Variable,NULL
NULL,NULL,141,20,4284,-1.0,-1,-1,NULL,NULL,Variable,NULL
NULL,NULL,141,21,4285,-1.0,-1,-1,NULL,NULL,Variable,NULL
NULL,NULL,141,22,4286,-1.0,-1,-1,NULL,NULL,Variable,NULL
NULL,NULL,141,23,4287,-1.0,-1,-1,NULL,NULL,Variable,NULL
NULL,NULL,141,24,4288,-1.0,-1,-1,NULL,NULL,Variable,NULL
NULL,NULL,141,25,4289,-1.0,-1,-1,NULL,NULL,Variable,NULL
NULL,NULL,141,26,4290,-1.0,-1,-1,NULL,NULL,Variable,NULL
NULL,NULL,141,27,4291,-1.0,-1,-1,NULL,NULL,Variable,NULL
NULL,NULL,141,28,4292,-1.0,-1,-1,NULL,NULL,Variable,NULL
NULL,NULL,141,29,4293,-1.0,-1,-1,NULL,NULL,Variable,NULL
NULL,NULL,141,30,4295,-1.0,-1,-1,NULL,NULL,Variable,NULL
NULL,NULL,141,31,4296,-1.0,-1,-1,NULL,NULL,Variable,NULL
NULL,NULL,141,32,4298,-1.0,-1,-1,NULL,NULL,Variable,NULL
NULL,NULL,141,33,4301,-1.0,-1,-1,NULL,NULL,Variable,NULL
NULL,NULL,142,-1000,-1000,21.0,NULL,NULL,NULL,NULL,NULL,NULL
NULL,NULL,142,-999,-999,21.0,NULL,NULL,NULL,NULL,NULL,NULL
NULL,NULL,142,-998,-998,10.5,NULL,NULL,NULL,NULL,NULL,NULL
NULL,NULL,142,-997,-997,10.5,NULL,NULL,NULL,NULL,NULL,NULL
NULL,NULL,142,0,0,-1.0,-1,-1,NULL,NULL,NULL,NULL
NULL,NULL,142,1,4317,-1.0,-1,-1,NULL,NULL,Variable,NULL
NULL,NULL,142,2,4318,-1.0,-1,-1,NULL,NULL,Variable,NULL
NULL,NULL,142,3,4319,-1.0,-1,-1,NULL,NULL,Variable,NULL
NULL,NULL,142,4,4320,-1.0,-1,-1,NULL,NULL,Variable,NULL
NULL,NULL,142,5,4321,-1.0,-1,-1,NULL,NULL,Variable,NULL
NULL,NULL,142,6,4322,-1.0,-1,-1,NULL,NULL,Variable,NULL
NULL,NULL,142,7,4323,-1.0,-1,-1,NULL,NULL,Variable,NULL
NULL,NULL,142,8,4324,-1.0,-1,-1,NULL,NULL,Variable,NULL
NULL,NULL,142,9,4325,-1.0,-1,-1,NULL,NULL,Variable,NULL
NULL,NULL,142,10,4326,-1.0,-1,-1,NULL,NULL,Variable,NULL
NULL,NULL,142,11,4327,-1.0,-1,-1,NULL,NULL,Variable,NULL
NULL,NULL,142,12,4328,-1.0,-1,-1,NULL,NULL,Variable,NULL
NULL,NULL,142,13,4329,-1.0,-1,-1,NULL,NULL,Variable,NULL
NULL,NULL,142,14,4330,-1.0,-1,-1,NULL,NULL,Variable,NULL
NULL,NULL,142,15,4331,-1.0,-1,-1,NULL,NULL,Variable,NULL
NULL,NULL,142,16,4332,-1.0,-1,-1,NULL,NULL,Variable,NULL
NULL,NULL,142,17,4333,-1.0,-1,-1,NULL,NULL,Variable,NULL
NULL,NULL,142,18,4334,-1.0,-1,-1,NULL,NULL,Variable,NULL
NULL,NULL,142,19,4335,-1.0,-1,-1,NULL,NULL,Variable,NULL
NULL,NULL,142,20,4337,-1.0,-1,-1,NULL,NULL,Variable,NULL
NULL,NULL,142,21,4338,-1.0,-1,-1,NULL,NULL,Variable,NULL
NULL,NULL,142,22,4339,-1.0,-1,-1,NULL,NULL,Variable,NULL
NULL,NULL,142,23,4341,-1.0,-1,-1,NULL,NULL,Variable,NULL
NULL,NULL,142,24,4342,-1.0,-1,-1,NULL,NULL,Variable,NULL
NULL,NULL,142,25,4343,-1.0,-1,-1,NULL,NULL,Variable,NULL
NULL,NULL,142,26,4345,-1.0,-1,-1,NULL,NULL,Variable,NULL
NULL,NULL,142,27,4348,-1.0,-1,-1,NULL,NULL,Variable,NULL
NULL,NULL,143,-1000,-1000,21.0,NULL,NULL,NULL,NULL,NULL,NULL
NULL,NULL,143,-999,-999,21.0,NULL,NULL,NULL,NULL,NULL,NULL
NULL,NULL,143,-998,-998,10.5,NULL,NULL,NULL,NULL,NULL,NULL
NULL,NULL,143,-997,-997,10.5,NULL,NULL,NULL,NULL,NULL,NULL
NULL,NULL,143,0,0,-1.0,-1,-1,NULL,NULL,NULL,NULL
NULL,NULL,143,1,4369,-1.0,-1,-1,NULL,NULL,Variable,NULL
NULL,NULL,143,2,4370,-1.0,-1,-1,NULL,NULL,Variable,NULL
NULL,NULL,143,3,4371,-1.0,-1,-1,NULL,NULL,Variable,NULL
NULL,NULL,143,4,4372,-1.0,-1,-1,NULL,NULL,Variable,NULL
NULL,NULL,143,5,4373,-1.0,-1,-1,NULL,NULL,Variable,NULL
NULL,NULL,143,6,4374,-1.0,-1,-1,NULL,NULL,Variable,NULL
NULL,NULL,143,7,4375,-1.0,-1,-1,NULL,NULL,Variable,NULL
NULL,NULL,143,8,4376,-1.0,-1,-1,NULL,NULL,Variable,NULL
NULL,NULL,143,9,4377,-1.0,-1,-1,NULL,NULL,Variable,NULL
NULL,NULL,143,10,4378,-1.0,-1,-1,NULL,NULL,Variable,NULL
NULL,NULL,143,11,4379,-1.0,-1,-1,NULL,NULL,Variable,NULL
NULL,NULL,143,12,4380,-1.0,-1,-1,NULL,NULL,Variable,NULL
NULL,NULL,143,13,4381,-1.0,-1,-1,NULL,NULL,Variable,NULL
NULL,NULL,143,14,4382,-1.0,-1,-1,NULL,NULL,Variable,NULL
NULL,NULL,143,15,4383,-1.0,-1,-1,NULL,NULL,Variable,NULL
NULL,NULL,143,16,4384,-1.0,-1,-1,NULL,NULL,Variable,NULL
NULL,NULL,143,17,4385,-1.0,-1,-1,NULL,NULL,Variable,NULL
NULL,NULL,143,18,4386,-1.0,-1,-1,NULL,NULL,Variable,NULL
NULL,NULL,143,19,4387,-1.0,-1,-1,NULL,NULL,Variable,NULL
NULL,NULL,143,20,4389,-1.0,-1,-1,NULL,NULL,Variable,NULL
NULL,NULL,143,21,4390,-1.0,-1,-1,NULL,NULL,Variable,NULL
NULL,NULL,143,22,4391,-1.0,-1,-1,NULL,NULL,Variable,NULL
NULL,NULL,143,23,4392,-1.0,-1,-1,NULL,NULL,Variable,NULL
NULL,NULL,143,24,4393,-1.0,-1,-1,NULL,NULL,Variable,NULL
NULL,NULL,143,25,4394,-1.0,-1,-1,NULL,NULL,Variable,NULL
NULL,NULL,143,26,4395,-1.0,-1,-1,NULL,NULL,Variable,NULL
NULL,NULL,143,27,4396,-1.0,-1,-1,NULL,NULL,Variable,NULL
NULL,NULL,143,28,4397,-1.0,-1,-1,NULL,NULL,Variable,NULL
NULL,NULL,143,29,4398,-1.0,-1,-1,NULL,NULL,Variable,NULL
NULL,NULL,143,30,4400,-1.0,-1,-1,NULL,NULL,Variable,NULL
NULL,NULL,143,31,4401,-1.0,-1,-1,NULL,NULL,Variable,NULL
NULL,NULL,143,32,4403,-1.0,-1,-1,NULL,NULL,Variable,NULL
NULL,NULL,143,33,4406,-1.0,-1,-1,NULL,NULL,Variable,NULL
NULL,NULL,144,-1000,-1000,21.0,NULL,NULL,NULL,NULL,NULL,NULL
NULL,NULL,144,-999,-999,21.0,NULL,NULL,NULL,NULL,NULL,NULL
NULL,NULL,144,-998,-998,10.5,NULL,NULL,NULL,NULL,NULL,NULL
NULL,NULL,144,-997,-997,10.5,NULL,NULL,NULL,NULL,NULL,NULL
NULL,NULL,144,0,0,-1.0,-1,-1,NULL,NULL,NULL,NULL
NULL,NULL,144,1,4422,-1.0,-1,-1,NULL,NULL,Variable,NULL
NULL,NULL,144,2,4423,-1.0,-1,-1,NULL,NULL,Variable,NULL
NULL,NULL,144,3,4424,-1.0,-1,-1,NULL,NULL,Variable,NULL
NULL,NULL,144,4,4425,-1.0,-1,-1,NULL,NULL,Variable,NULL
NULL,NULL,144,5,4426,-1.0,-1,-1,NULL,NULL,Variable,NULL
NULL,NULL,144,6,4427,-1.0,-1,-1,NULL,NULL,Variable,NULL
NULL,NULL,144,7,4428,-1.0,-1,-1,NULL,NULL,Variable,NULL
NULL,NULL,144,8,4429,-1.0,-1,-1,NULL,NULL,Variable,NULL
NULL,NULL,144,9,4430,-1.0,-1,-1,NULL,NULL,Variable,NULL
NULL,NULL,144,10,4431,-1.0,-1,-1,NULL,NULL,Variable,NULL
NULL,NULL,144,11,4432,-1.0,-1,-1,NULL,NULL,Variable,NULL
NULL,NULL,144,12,4433,-1.0,-1,-1,NULL,NULL,Variable,NULL
NULL,NULL,144,13,4434,-1.0,-1,-1,NULL,NULL,Variable,NULL
NULL,NULL,144,14,4435,-1.0,-1,-1,NULL,NULL,Variable,NULL
NULL,NULL,144,15,4436,-1.0,-1,-1,NULL,NULL,Variable,NULL
NULL,NULL,144,16,4437,-1.0,-1,-1,NULL,NULL,Variable,NULL
NULL,NULL,144,17,4438,-1.0,-1,-1,NULL,NULL,Variable,NULL
NULL,NULL,144,18,4439,-1.0,-1,-1,NULL,NULL,Variable,NULL
NULL,NULL,144,19,4440,-1.0,-1,-1,NULL,NULL,Variable,NULL
NULL,NULL,144,20,4442,-1.0,-1,-1,NULL,NULL,Variable,NULL
NULL,NULL,144,21,4443,-1.0,-1,-1,NULL,NULL,Variable,NULL
NULL,NULL,144,22,4444,-1.0,-1,-1,NULL,NULL,Variable,NULL
NULL,NULL,144,23,4445,-1.0,-1,-1,NULL,NULL,Variable,NULL
NULL,NULL,144,24,4446,-1.0,-1,-1,NULL,NULL,Variable,NULL
NULL,NULL,144,25,4447,-1.0,-1,-1,NULL,NULL,Variable,NULL
NULL,NULL,144,26,4448,-1.0,-1,-1,NULL,NULL,Variable,NULL
NULL,NULL,144,27,4449,-1.0,-1,-1,NULL,NULL,Variable,NULL
NULL,NULL,144,28,4450,-1.0,-1,-1,NULL,NULL,Variable,NULL
NULL,NULL,144,29,4451,-1.0,-1,-1,NULL,NULL,Variable,NULL
NULL,NULL,144,30,4453,-1.0,-1,-1,NULL,NULL,Variable,NULL
NULL,NULL,144,31,4454,-1.0,-1,-1,NULL,NULL,Variable,NULL
NULL,NULL,144,32,4456,-1.0,-1,-1,NULL,NULL,Variable,NULL
NULL,NULL,144,33,4459,-1.0,-1,-1,NULL,NULL,Variable,NULL
NULL,NULL,145,-1000,-1000,21.0,NULL,NULL,NULL,NULL,NULL,NULL
NULL,NULL,145,-999,-999,21.0,NULL,NULL,NULL,NULL,NULL,NULL
NULL,NULL,145,-998,-998,10.5,NULL,NULL,NULL,NULL,NULL,NULL
NULL,NULL,145,-997,-997,10.5,NULL,NULL,NULL,NULL,NULL,NULL
NULL,NULL,145,0,0,-1.0,-1,-1,NULL,NULL,NULL,NULL
NULL,NULL,145,1,1221,-1.0,-1,-1,NULL,NULL,Variable,NULL
NULL,NULL,145,2,1222,-1.0,-1,-1,NULL,NULL,Variable,NULL
NULL,NULL,145,3,1223,-1.0,-1,-1,NULL,NULL,Variable,NULL
NULL,NULL,145,4,1224,-1.0,-1,-1,NULL,NULL,Variable,NULL
NULL,NULL,145,5,1225,-1.0,-1,-1,NULL,NULL,Variable,NULL
NULL,NULL,145,6,1226,-1.0,-1,-1,NULL,NULL,Variable,NULL
NULL,NULL,145,7,1227,-1.0,-1,-1,NULL,NULL,Variable,NULL
NULL,NULL,145,8,1228,-1.0,-1,-1,NULL,NULL,Variable,NULL
NULL,NULL,145,9,1229,-1.0,-1,-1,NULL,NULL,Variable,NULL
NULL,NULL,145,10,1230,-1.0,-1,-1,NULL,NULL,Variable,NULL
NULL,NULL,145,11,1231,-1.0,-1,-1,NULL,NULL,Variable,NULL
NULL,NULL,145,12,1232,-1.0,-1,-1,NULL,NULL,Variable,NULL
NULL,NULL,146,-1000,-1000,21.0,NULL,NULL,NULL,NULL,NULL,NULL
NULL,NULL,146,-999,-999,21.0,NULL,NULL,NULL,NULL,NULL,NULL
NULL,NULL,146,-998,-998,10.5,NULL,NULL,NULL,NULL,NULL,NULL
NULL,NULL,146,-997,-997,10.5,NULL,NULL,NULL,NULL,NULL,NULL
NULL,NULL,146,0,0,-1.0,-1,-1,NULL,NULL,NULL,NULL
NULL,NULL,146,1,1272,-1.0,-1,-1,NULL,NULL,Variable,NULL
NULL,NULL,146,2,1273,-1.0,-1,-1,NULL,NULL,Variable,NULL
NULL,NULL,146,3,1274,-1.0,-1,-1,NULL,NULL,Variable,NULL
NULL,NULL,147,-1000,-1000,21.0,NULL,NULL,NULL,NULL,NULL,NULL
NULL,NULL,147,-999,-999,21.0,NULL,NULL,NULL,NULL,NULL,NULL
NULL,NULL,147,-998,-998,10.5,NULL,NULL,NULL,NULL,NULL,NULL
NULL,NULL,147,-997,-997,10.5,NULL,NULL,NULL,NULL,NULL,NULL
NULL,NULL,147,0,0,-1.0,-1,-1,NULL,NULL,NULL,NULL
NULL,NULL,147,1,1314,-1.0,-1,-1,NULL,NULL,Variable,NULL
NULL,NULL,147,2,1315,-1.0,-1,-1,NULL,NULL,Variable,NULL
NULL,NULL,147,3,1316,-1.0,-1,-1,NULL,NULL,Variable,NULL
NULL,NULL,147,4,1317,-1.0,-1,-1,NULL,NULL,Variable,NULL
NULL,NULL,147,5,1318,-1.0,-1,-1,NULL,NULL,Variable,NULL
NULL,NULL,147,6,1319,-1.0,-1,-1,NULL,NULL,Variable,NULL
NULL,NULL,147,7,1320,-1.0,-1,-1,NULL,NULL,Variable,NULL
NULL,NULL,147,8,1321,-1.0,-1,-1,NULL,NULL,Variable,NULL
NULL,NULL,148,-1000,-1000,21.0,NULL,NULL,NULL,NULL,NULL,NULL
NULL,NULL,148,-999,-999,21.0,NULL,NULL,NULL,NULL,NULL,NULL
NULL,NULL,148,-998,-998,10.5,NULL,NULL,NULL,NULL,NULL,NULL
NULL,NULL,148,-997,-997,10.5,NULL,NULL,NULL,NULL,NULL,NULL
NULL,NULL,148,0,0,-1.0,-1,-1,NULL,NULL,NULL,NULL
NULL,NULL,148,1,1361,-1.0,-1,-1,NULL,NULL,Variable,NULL
NULL,NULL,148,2,1362,-1.0,-1,-1,NULL,NULL,Variable,NULL
NULL,NULL,148,3,1363,-1.0,-1,-1,NULL,NULL,Variable,NULL
NULL,NULL,148,4,1364,-1.0,-1,-1,NULL,NULL,Variable,NULL
NULL,NULL,148,5,1365,-1.0,-1,-1,NULL,NULL,Variable,NULL
NULL,NULL,148,6,1366,-1.0,-1,-1,NULL,NULL,Variable,NULL
NULL,NULL,148,7,1367,-1.0,-1,-1,NULL,NULL,Variable,NULL
NULL,NULL,148,8,1368,-1.0,-1,-1,NULL,NULL,Variable,NULL
NULL,NULL,148,9,1369,-1.0,-1,-1,NULL,NULL,Variable,NULL
NULL,NULL,148,10,1370,-1.0,-1,-1,NULL,NULL,Variable,NULL
NULL,NULL,148,11,1371,-1.0,-1,-1,NULL,NULL,Variable,NULL
NULL,NULL,148,12,1372,-1.0,-1,-1,NULL,NULL,Variable,NULL
NULL,NULL,149,-1000,-1000,21.0,NULL,NULL,NULL,NULL,NULL,NULL
NULL,NULL,149,-999,-999,21.0,NULL,NULL,NULL,NULL,NULL,NULL
NULL,NULL,149,-998,-998,10.5,NULL,NULL,NULL,NULL,NULL,NULL
NULL,NULL,149,-997,-997,10.5,NULL,NULL,NULL,NULL,NULL,NULL
NULL,NULL,149,0,0,-1.0,-1,-1,NULL,NULL,NULL,NULL
NULL,NULL,149,1,1412,-1.0,-1,-1,NULL,NULL,Variable,NULL
NULL,NULL,149,2,1413,-1.0,-1,-1,NULL,NULL,Variable,NULL
NULL,NULL,149,3,1414,-1.0,-1,-1,NULL,NULL,Variable,NULL
NULL,NULL,149,4,1415,-1.0,-1,-1,NULL,NULL,Variable,NULL
NULL,NULL,149,5,1416,-1.0,-1,-1,NULL,NULL,Variable,NULL
NULL,NULL,149,6,1417,-1.0,-1,-1,NULL,NULL,Variable,NULL
NULL,NULL,149,7,1418,-1.0,-1,-1,NULL,NULL,Variable,NULL
NULL,NULL,149,8,1419,-1.0,-1,-1,NULL,NULL,Variable,NULL
NULL,NULL,149,9,1420,-1.0,-1,-1,NULL,NULL,Variable,NULL
NULL,NULL,149,10,1421,-1.0,-1,-1,NULL,NULL,Variable,NULL
NULL,NULL,149,11,1422,-1.0,-1,-1,NULL,NULL,Variable,NULL
NULL,NULL,149,12,1423,-1.0,-1,-1,NULL,NULL,Variable,NULL
NULL,NULL,149,13,1424,-1.0,-1,-1,NULL,NULL,Variable,NULL
NULL,NULL,149,14,1425,-1.0,-1,-1,NULL,NULL,Variable,NULL
NULL,NULL,149,15,1426,-1.0,-1,-1,NULL,NULL,Variable,NULL
NULL,NULL,149,16,1427,-1.0,-1,-1,NULL,NULL,Variable,NULL
NULL,NULL,149,17,1428,-1.0,-1,-1,NULL,NULL,Variable,NULL
NULL,NULL,149,18,1429,-1.0,-1,-1,NULL,NULL,Variable,NULL
NULL,NULL,149,19,1430,-1.0,-1,-1,NULL,NULL,Variable,NULL
NULL,NULL,149,20,1431,-1.0,-1,-1,NULL,NULL,Variable,NULL
NULL,NULL,149,21,1432,-1.0,-1,-1,NULL,NULL,Variable,NULL
NULL,NULL,150,-999,-999,21.0,NULL,NULL,NULL,NULL,NULL,NULL
NULL,NULL,150,-998,-998,10.5,NULL,NULL,NULL,NULL,NULL,NULL
NULL,NULL,150,-997,-997,10.5,NULL,NULL,NULL,NULL,NULL,NULL
NULL,NULL,150,0,0,-1.0,-1,-1,NULL,NULL,NULL,NULL
NULL,NULL,150,1,1489,-1.0,-1,-1,NULL,NULL,Variable,NULL
NULL,NULL,150,2,1490,-1.0,-1,-1,NULL,NULL,Variable,NULL
NULL,NULL,150,3,1491,-1.0,-1,-1,NULL,NULL,Variable,NULL
NULL,NULL,150,4,1492,-1.0,-1,-1,NULL,NULL,Variable,NULL
NULL,NULL,150,5,1493,-1.0,-1,-1,NULL,NULL,Variable,NULL
NULL,NULL,150,6,1494,-1.0,-1,-1,NULL,NULL,Variable,NULL
NULL,NULL,150,7,1495,-1.0,-1,-1,NULL,NULL,Variable,NULL
NULL,NULL,150,8,1496,-1.0,-1,-1,NULL,NULL,Variable,NULL
NULL,NULL,150,9,1497,-1.0,-1,-1,NULL,NULL,Variable,NULL
NULL,NULL,150,10,1498,-1.0,-1,-1,NULL,NULL,Variable,NULL
NULL,NULL,150,11,1499,-1.0,-1,-1,NULL,NULL,Variable,NULL
NULL,NULL,150,12,1500,-1.0,-1,-1,NULL,NULL,Variable,NULL
NULL,NULL,150,13,1502,-1.0,-1,-1,NULL,NULL,Variable,NULL
NULL,NULL,150,14,1504,-1.0,-1,-1,NULL,NULL,Variable,NULL
NULL,NULL,150,15,1506,-1.0,-1,-1,NULL,NULL,Variable,NULL
NULL,NULL,150,16,1508,-1.0,-1,-1,NULL,NULL,Variable,NULL
NULL,NULL,150,17,1510,-1.0,-1,-1,NULL,NULL,Variable,NULL
NULL,NULL,150,18,1512,-1.0,-1,-1,NULL,NULL,Variable,NULL
NULL,NULL,150,19,1514,-1.0,-1,-1,NULL,NULL,Variable,NULL
NULL,NULL,150,20,1516,-1.0,-1,-1,NULL,NULL,Variable,NULL
NULL,NULL,150,21,1518,-1.0,-1,-1,NULL,NULL,Variable,NULL
NULL,NULL,157,-1000,-1000,21.0,NULL,NULL,NULL,NULL,NULL,NULL
NULL,NULL,157,-999,-999,21.0,NULL,NULL,NULL,NULL,NULL,NULL
NULL,NULL,157,-998,-998,10.5,NULL,NULL,NULL,NULL,NULL,NULL
NULL,NULL,157,-997,-997,10.5,NULL,NULL,NULL,NULL,NULL,NULL
NULL,NULL,157,0,0,-1.0,-1,-1,NULL,NULL,NULL,NULL
NULL,NULL,157,1,1501,-1.0,-1,-1,NULL,NULL,Variable,NULL
NULL,NULL,157,2,1503,-1.0,-1,-1,NULL,NULL,Variable,NULL
NULL,NULL,157,3,1505,-1.0,-1,-1,NULL,NULL,Variable,NULL
NULL,NULL,157,4,1507,-1.0,-1,-1,NULL,NULL,Variable,NULL
NULL,NULL,157,5,1509,-1.0,-1,-1,NULL,NULL,Variable,NULL
NULL,NULL,157,6,1511,-1.0,-1,-1,NULL,NULL,Variable,NULL
NULL,NULL,157,7,1513,-1.0,-1,-1,NULL,NULL,Variable,NULL
NULL,NULL,157,8,1515,-1.0,-1,-1,NULL,NULL,Variable,NULL
NULL,NULL,157,9,1517,-1.0,-1,-1,NULL,NULL,Variable,NULL
NULL,NULL,158,-1000,-1000,21.0,NULL,NULL,NULL,NULL,NULL,NULL
NULL,NULL,158,-999,-999,21.0,NULL,NULL,NULL,NULL,NULL,NULL
NULL,NULL,158,-998,-998,10.5,NULL,NULL,NULL,NULL,NULL,NULL
NULL,NULL,158,-997,-997,10.5,NULL,NULL,NULL,NULL,NULL,NULL
NULL,NULL,158,0,0,-1.0,-1,-1,NULL,NULL,NULL,NULL
NULL,NULL,158,1,1841,-1.0,-1,-1,NULL,NULL,Variable,NULL
NULL,NULL,158,2,1842,-1.0,-1,-1,NULL,NULL,Variable,NULL
NULL,NULL,158,3,1843,-1.0,-1,-1,NULL,NULL,Variable,NULL
NULL,NULL,158,4,1844,-1.0,-1,-1,NULL,NULL,Variable,NULL
NULL,NULL,158,5,1845,-1.0,-1,-1,NULL,NULL,Variable,NULL
NULL,NULL,158,6,1846,-1.0,-1,-1,NULL,NULL,Variable,NULL
NULL,NULL,158,7,1847,-1.0,-1,-1,NULL,NULL,Variable,NULL
NULL,NULL,158,8,1848,-1.0,-1,-1,NULL,NULL,Variable,NULL
NULL,NULL,158,9,1849,-1.0,-1,-1,NULL,NULL,Variable,NULL
NULL,NULL,158,10,1850,-1.0,-1,-1,NULL,NULL,Variable,NULL
NULL,NULL,158,11,1851,-1.0,-1,-1,NULL,NULL,Variable,NULL
NULL,NULL,158,12,1852,-1.0,-1,-1,NULL,NULL,Variable,NULL
NULL,NULL,158,13,1853,-1.0,-1,-1,NULL,NULL,Variable,NULL
NULL,NULL,158,14,1854,-1.0,-1,-1,NULL,NULL,Variable,NULL
NULL,NULL,158,15,1855,-1.0,-1,-1,NULL,NULL,Variable,NULL
NULL,NULL,158,16,1856,-1.0,-1,-1,NULL,NULL,Variable,NULL
NULL,NULL,159,-1000,-1000,21.0,NULL,NULL,NULL,NULL,NULL,NULL
NULL,NULL,159,-999,-999,21.0,NULL,NULL,NULL,NULL,NULL,NULL
NULL,NULL,159,-998,-998,10.5,NULL,NULL,NULL,NULL,NULL,NULL
NULL,NULL,159,-997,-997,10.5,NULL,NULL,NULL,NULL,NULL,NULL
NULL,NULL,159,0,0,-1.0,-1,-1,NULL,NULL,NULL,NULL
NULL,NULL,159,1,1896,-1.0,-1,-1,NULL,NULL,Variable,NULL
NULL,NULL,159,2,1897,-1.0,-1,-1,NULL,NULL,Variable,NULL
NULL,NULL,159,3,1898,-1.0,-1,-1,NULL,NULL,Variable,NULL
NULL,NULL,159,4,1899,-1.0,-1,-1,NULL,NULL,Variable,NULL
NULL,NULL,159,5,1900,-1.0,-1,-1,NULL,NULL,Variable,NULL
NULL,NULL,152,-1000,-1000,21.0,NULL,NULL,NULL,NULL,NULL,NULL
NULL,NULL,152,-999,-999,21.0,NULL,NULL,NULL,NULL,NULL,NULL
NULL,NULL,152,-998,-998,10.5,NULL,NULL,NULL,NULL,NULL,NULL
NULL,NULL,152,-997,-997,10.5,NULL,NULL,NULL,NULL,NULL,NULL
NULL,NULL,152,0,0,-1.0,-1,-1,NULL,NULL,NULL,NULL
NULL,NULL,152,1,1644,-1.0,-1,-1,NULL,NULL,Variable,NULL
NULL,NULL,152,2,1645,-1.0,-1,-1,NULL,NULL,Variable,NULL
NULL,NULL,152,3,1646,-1.0,-1,-1,NULL,NULL,Variable,NULL
NULL,NULL,152,4,1647,-1.0,-1,-1,NULL,NULL,Variable,NULL
NULL,NULL,152,5,1648,-1.0,-1,-1,NULL,NULL,Variable,NULL
NULL,NULL,152,6,1649,-1.0,-1,-1,NULL,NULL,Variable,NULL
NULL,NULL,152,7,1650,-1.0,-1,-1,NULL,NULL,Variable,NULL
NULL,NULL,152,8,1651,-1.0,-1,-1,NULL,NULL,Variable,NULL
NULL,NULL,152,9,1652,-1.0,-1,-1,NULL,NULL,Variable,NULL
NULL,NULL,152,10,1653,-1.0,-1,-1,NULL,NULL,Variable,NULL
NULL,NULL,152,11,1654,-1.0,-1,-1,NULL,NULL,Variable,NULL
NULL,NULL,152,12,1655,-1.0,-1,-1,NULL,NULL,Variable,NULL
NULL,NULL,153,-1000,-1000,21.0,NULL,NULL,NULL,NULL,NULL,NULL
NULL,NULL,153,-999,-999,21.0,NULL,NULL,NULL,NULL,NULL,NULL
NULL,NULL,153,-998,-998,10.5,NULL,NULL,NULL,NULL,NULL,NULL
NULL,NULL,153,-997,-997,10.5,NULL,NULL,NULL,NULL,NULL,NULL
NULL,NULL,153,0,0,-1.0,-1,-1,NULL,NULL,NULL,NULL
NULL,NULL,153,1,1695,-1.0,-1,-1,NULL,NULL,Variable,NULL
NULL,NULL,153,2,1696,-1.0,-1,-1,NULL,NULL,Variable,NULL
NULL,NULL,153,3,1697,-1.0,-1,-1,NULL,NULL,Variable,NULL
NULL,NULL,153,4,1698,-1.0,-1,-1,NULL,NULL,Variable,NULL
NULL,NULL,153,5,1699,-1.0,-1,-1,NULL,NULL,Variable,NULL
NULL,NULL,153,6,1700,-1.0,-1,-1,NULL,NULL,Variable,NULL
NULL,NULL,153,7,1701,-1.0,-1,-1,NULL,NULL,Variable,NULL
NULL,NULL,153,8,1702,-1.0,-1,-1,NULL,NULL,Variable,NULL
NULL,NULL,153,9,1703,-1.0,-1,-1,NULL,NULL,Variable,NULL
NULL,NULL,153,10,1704,-1.0,-1,-1,NULL,NULL,Variable,NULL
NULL,NULL,153,11,1705,-1.0,-1,-1,NULL,NULL,Variable,NULL
NULL,NULL,153,12,1706,-1.0,-1,-1,NULL,NULL,Variable,NULL
NULL,NULL,153,13,1707,-1.0,-1,-1,NULL,NULL,Variable,NULL
NULL,NULL,153,14,1708,-1.0,-1,-1,NULL,NULL,Variable,NULL
NULL,NULL,153,15,1709,-1.0,-1,-1,NULL,NULL,Variable,NULL
NULL,NULL,153,16,1710,-1.0,-1,-1,NULL,NULL,Variable,NULL
NULL,NULL,153,17,1711,-1.0,-1,-1,NULL,NULL,Variable,NULL
NULL,NULL,153,18,1712,-1.0,-1,-1,NULL,NULL,Variable,NULL
NULL,NULL,153,19,1713,-1.0,-1,-1,NULL,NULL,Variable,NULL
NULL,NULL,153,20,1714,-1.0,-1,-1,NULL,NULL,Variable,NULL
NULL,NULL,153,21,1715,-1.0,-1,-1,NULL,NULL,Variable,NULL
NULL,NULL,154,-1000,-1000,21.0,NULL,NULL,NULL,NULL,NULL,NULL
NULL,NULL,154,-999,-999,21.0,NULL,NULL,NULL,NULL,NULL,NULL
NULL,NULL,154,-998,-998,10.5,NULL,NULL,NULL,NULL,NULL,NULL
NULL,NULL,154,-997,-997,10.5,NULL,NULL,NULL,NULL,NULL,NULL
NULL,NULL,154,0,0,-1.0,-1,-1,NULL,NULL,NULL,NULL
NULL,NULL,154,1,1772,-1.0,-1,-1,NULL,NULL,Variable,NULL
NULL,NULL,154,2,1773,-1.0,-1,-1,NULL,NULL,Variable,NULL
NULL,NULL,154,3,1774,-1.0,-1,-1,NULL,NULL,Variable,NULL
NULL,NULL,159,6,1901,-1.0,-1,-1,NULL,NULL,Variable,NULL
NULL,NULL,154,4,1775,-1.0,-1,-1,NULL,NULL,Variable,NULL
NULL,NULL,154,5,1776,-1.0,-1,-1,NULL,NULL,Variable,NULL
NULL,NULL,154,6,1777,-1.0,-1,-1,NULL,NULL,Variable,NULL
NULL,NULL,154,7,1778,-1.0,-1,-1,NULL,NULL,Variable,NULL
NULL,NULL,154,8,1779,-1.0,-1,-1,NULL,NULL,Variable,NULL
NULL,NULL,154,9,1780,-1.0,-1,-1,NULL,NULL,Variable,NULL
NULL,NULL,154,10,1781,-1.0,-1,-1,NULL,NULL,Variable,NULL
NULL,NULL,154,11,1782,-1.0,-1,-1,NULL,NULL,Variable,NULL
NULL,NULL,154,12,1783,-1.0,-1,-1,NULL,NULL,Variable,NULL
NULL,NULL,154,13,1785,-1.0,-1,-1,NULL,NULL,Variable,NULL
NULL,NULL,154,14,1787,-1.0,-1,-1,NULL,NULL,Variable,NULL
NULL,NULL,154,15,1789,-1.0,-1,-1,NULL,NULL,Variable,NULL
NULL,NULL,154,16,1791,-1.0,-1,-1,NULL,NULL,Variable,NULL
NULL,NULL,154,17,1793,-1.0,-1,-1,NULL,NULL,Variable,NULL
NULL,NULL,154,18,1795,-1.0,-1,-1,NULL,NULL,Variable,NULL
NULL,NULL,154,19,1797,-1.0,-1,-1,NULL,NULL,Variable,NULL
NULL,NULL,154,20,1799,-1.0,-1,-1,NULL,NULL,Variable,NULL
NULL,NULL,154,21,1801,-1.0,-1,-1,NULL,NULL,Variable,NULL
NULL,NULL,155,-1000,-1000,21.0,NULL,NULL,NULL,NULL,NULL,NULL
NULL,NULL,155,-999,-999,21.0,NULL,NULL,NULL,NULL,NULL,NULL
NULL,NULL,155,-998,-998,10.5,NULL,NULL,NULL,NULL,NULL,NULL
NULL,NULL,155,-997,-997,10.5,NULL,NULL,NULL,NULL,NULL,NULL
NULL,NULL,155,0,0,-1.0,-1,-1,NULL,NULL,NULL,NULL
NULL,NULL,155,1,1784,-1.0,-1,-1,NULL,NULL,Variable,NULL
NULL,NULL,155,2,1786,-1.0,-1,-1,NULL,NULL,Variable,NULL
NULL,NULL,155,3,1788,-1.0,-1,-1,NULL,NULL,Variable,NULL
NULL,NULL,155,4,1790,-1.0,-1,-1,NULL,NULL,Variable,NULL
NULL,NULL,155,5,1792,-1.0,-1,-1,NULL,NULL,Variable,NULL
NULL,NULL,155,6,1794,-1.0,-1,-1,NULL,NULL,Variable,NULL
NULL,NULL,155,7,1796,-1.0,-1,-1,NULL,NULL,Variable,NULL
NULL,NULL,155,8,1798,-1.0,-1,-1,NULL,NULL,Variable,NULL
NULL,NULL,155,9,1800,-1.0,-1,-1,NULL,NULL,Variable,NULL
NULL,NULL,151,-1000,-1000,21.0,NULL,NULL,NULL,NULL,NULL,NULL
NULL,NULL,151,-999,-999,21.0,NULL,NULL,NULL,NULL,NULL,NULL
NULL,NULL,151,-998,-998,10.5,NULL,NULL,NULL,NULL,NULL,NULL
NULL,NULL,151,-997,-997,10.5,NULL,NULL,NULL,NULL,NULL,NULL
NULL,NULL,151,0,0,-1.0,-1,-1,NULL,NULL,NULL,NULL
NULL,NULL,151,1,1575,-1.0,-1,-1,NULL,NULL,Variable,NULL
NULL,NULL,151,2,1576,-1.0,-1,-1,NULL,NULL,Variable,NULL
NULL,NULL,151,3,1577,-1.0,-1,-1,NULL,NULL,Variable,NULL
NULL,NULL,151,4,1578,-1.0,-1,-1,NULL,NULL,Variable,NULL
NULL,NULL,151,5,1579,-1.0,-1,-1,NULL,NULL,Variable,NULL
NULL,NULL,151,6,1580,-1.0,-1,-1,NULL,NULL,Variable,NULL
NULL,NULL,151,7,1581,-1.0,-1,-1,NULL,NULL,Variable,NULL
NULL,NULL,151,8,1582,-1.0,-1,-1,NULL,NULL,Variable,NULL
NULL,NULL,151,9,1583,-1.0,-1,-1,NULL,NULL,Variable,NULL
NULL,NULL,151,10,1584,-1.0,-1,-1,NULL,NULL,Variable,NULL
NULL,NULL,151,11,1585,-1.0,-1,-1,NULL,NULL,Variable,NULL
NULL,NULL,151,12,1586,-1.0,-1,-1,NULL,NULL,Variable,NULL
NULL,NULL,151,13,1588,-1.0,-1,-1,NULL,NULL,Variable,NULL
NULL,NULL,151,14,1590,-1.0,-1,-1,NULL,NULL,Variable,NULL
NULL,NULL,151,15,1592,-1.0,-1,-1,NULL,NULL,Variable,NULL
NULL,NULL,151,16,1594,-1.0,-1,-1,NULL,NULL,Variable,NULL
NULL,NULL,151,17,1596,-1.0,-1,-1,NULL,NULL,Variable,NULL
NULL,NULL,151,18,1598,-1.0,-1,-1,NULL,NULL,Variable,NULL
NULL,NULL,151,19,1600,-1.0,-1,-1,NULL,NULL,Variable,NULL
NULL,NULL,151,20,1602,-1.0,-1,-1,NULL,NULL,Variable,NULL
NULL,NULL,151,21,1604,-1.0,-1,-1,NULL,NULL,Variable,NULL
NULL,NULL,156,-1000,-1000,21.0,NULL,NULL,NULL,NULL,NULL,NULL
NULL,NULL,156,-999,-999,21.0,NULL,NULL,NULL,NULL,NULL,NULL
NULL,NULL,156,-998,-998,10.5,NULL,NULL,NULL,NULL,NULL,NULL
NULL,NULL,156,-997,-997,10.5,NULL,NULL,NULL,NULL,NULL,NULL
NULL,NULL,156,0,0,-1.0,-1,-1,NULL,NULL,NULL,NULL
NULL,NULL,156,1,1587,-1.0,-1,-1,NULL,NULL,Variable,NULL
NULL,NULL,156,2,1589,-1.0,-1,-1,NULL,NULL,Variable,NULL
NULL,NULL,156,3,1591,-1.0,-1,-1,NULL,NULL,Variable,NULL
NULL,NULL,156,4,1593,-1.0,-1,-1,NULL,NULL,Variable,NULL
NULL,NULL,156,5,1595,-1.0,-1,-1,NULL,NULL,Variable,NULL
NULL,NULL,156,6,1597,-1.0,-1,-1,NULL,NULL,Variable,NULL
NULL,NULL,156,7,1599,-1.0,-1,-1,NULL,NULL,Variable,NULL
NULL,NULL,156,8,1601,-1.0,-1,-1,NULL,NULL,Variable,NULL
NULL,NULL,156,9,1603,-1.0,-1,-1,NULL,NULL,Variable,NULL
NULL,NULL,150,-1000,-1000,21.0,NULL,NULL,NULL,NULL,NULL,NULL
NULL,NULL,159,7,1902,-1.0,-1,-1,NULL,NULL,Variable,NULL
NULL,NULL,159,8,1903,-1.0,-1,-1,NULL,NULL,Variable,NULL
NULL,NULL,159,9,1904,-1.0,-1,-1,NULL,NULL,Variable,NULL
NULL,NULL,159,10,1905,-1.0,-1,-1,NULL,NULL,Variable,NULL
NULL,NULL,159,11,1906,-1.0,-1,-1,NULL,NULL,Variable,NULL
NULL,NULL,159,12,1907,-1.0,-1,-1,NULL,NULL,Variable,NULL
NULL,NULL,159,13,1908,-1.0,-1,-1,NULL,NULL,Variable,NULL
NULL,NULL,159,14,1909,-1.0,-1,-1,NULL,NULL,Variable,NULL
NULL,NULL,159,15,1910,-1.0,-1,-1,NULL,NULL,Variable,NULL
NULL,NULL,159,16,1911,-1.0,-1,-1,NULL,NULL,Variable,NULL
NULL,NULL,160,-1000,-1000,21.0,NULL,NULL,NULL,NULL,NULL,NULL
NULL,NULL,160,-999,-999,21.0,NULL,NULL,NULL,NULL,NULL,NULL
NULL,NULL,160,-998,-998,10.5,NULL,NULL,NULL,NULL,NULL,NULL
NULL,NULL,160,-997,-997,10.5,NULL,NULL,NULL,NULL,NULL,NULL
NULL,NULL,160,0,0,-1.0,-1,-1,NULL,NULL,NULL,NULL
NULL,NULL,160,1,1951,-1.0,-1,-1,NULL,NULL,Variable,NULL
NULL,NULL,160,2,1952,-1.0,-1,-1,NULL,NULL,Variable,NULL
NULL,NULL,160,3,1953,-1.0,-1,-1,NULL,NULL,Variable,NULL
NULL,NULL,160,4,1954,-1.0,-1,-1,NULL,NULL,Variable,NULL
NULL,NULL,160,5,1955,-1.0,-1,-1,NULL,NULL,Variable,NULL
NULL,NULL,160,6,1956,-1.0,-1,-1,NULL,NULL,Variable,NULL
NULL,NULL,160,7,1957,-1.0,-1,-1,NULL,NULL,Variable,NULL
NULL,NULL,160,8,1958,-1.0,-1,-1,NULL,NULL,Variable,NULL
NULL,NULL,160,9,1959,-1.0,-1,-1,NULL,NULL,Variable,NULL
NULL,NULL,160,10,1960,-1.0,-1,-1,NULL,NULL,Variable,NULL
NULL,NULL,160,11,1961,-1.0,-1,-1,NULL,NULL,Variable,NULL
NULL,NULL,160,12,1962,-1.0,-1,-1,NULL,NULL,Variable,NULL
NULL,NULL,160,13,1963,-1.0,-1,-1,NULL,NULL,Variable,NULL
NULL,NULL,160,14,1964,-1.0,-1,-1,NULL,NULL,Variable,NULL
NULL,NULL,160,15,1965,-1.0,-1,-1,NULL,NULL,Variable,NULL
NULL,NULL,161,-1000,-1000,21.0,NULL,NULL,NULL,NULL,NULL,NULL
NULL,NULL,161,-999,-999,21.0,NULL,NULL,NULL,NULL,NULL,NULL
NULL,NULL,161,-998,-998,10.5,NULL,NULL,NULL,NULL,NULL,NULL
NULL,NULL,161,-997,-997,10.5,NULL,NULL,NULL,NULL,NULL,NULL
NULL,NULL,161,0,0,-1.0,-1,-1,NULL,NULL,NULL,NULL
NULL,NULL,161,1,2005,-1.0,-1,-1,NULL,NULL,Variable,NULL
NULL,NULL,161,2,2006,-1.0,-1,-1,NULL,NULL,Variable,NULL
NULL,NULL,161,3,2007,-1.0,-1,-1,NULL,NULL,Variable,NULL
NULL,NULL,161,4,2008,-1.0,-1,-1,NULL,NULL,Variable,NULL
NULL,NULL,161,5,2009,-1.0,-1,-1,NULL,NULL,Variable,NULL
NULL,NULL,161,6,2010,-1.0,-1,-1,NULL,NULL,Variable,NULL
NULL,NULL,161,7,2011,-1.0,-1,-1,NULL,NULL,Variable,NULL
NULL,NULL,161,8,2012,-1.0,-1,-1,NULL,NULL,Variable,NULL
NULL,NULL,161,9,2013,-1.0,-1,-1,NULL,NULL,Variable,NULL
NULL,NULL,161,10,2014,-1.0,-1,-1,NULL,NULL,Variable,NULL
NULL,NULL,161,11,2015,-1.0,-1,-1,NULL,NULL,Variable,NULL
NULL,NULL,161,12,2016,-1.0,-1,-1,NULL,NULL,Variable,NULL
NULL,NULL,161,13,2017,-1.0,-1,-1,NULL,NULL,Variable,NULL
NULL,NULL,161,14,2018,-1.0,-1,-1,NULL,NULL,Variable,NULL
NULL,NULL,161,15,2019,-1.0,-1,-1,NULL,NULL,Variable,NULL
NULL,NULL,162,-1000,-1000,21.0,NULL,NULL,NULL,NULL,NULL,NULL
NULL,NULL,162,-999,-999,21.0,NULL,NULL,NULL,NULL,NULL,NULL
NULL,NULL,162,-998,-998,10.5,NULL,NULL,NULL,NULL,NULL,NULL
NULL,NULL,162,-997,-997,10.5,NULL,NULL,NULL,NULL,NULL,NULL
NULL,NULL,162,0,0,-1.0,-1,-1,NULL,NULL,NULL,NULL
NULL,NULL,162,1,2059,-1.0,-1,-1,NULL,NULL,Variable,NULL
NULL,NULL,162,2,2060,-1.0,-1,-1,NULL,NULL,Variable,NULL
NULL,NULL,162,3,2061,-1.0,-1,-1,NULL,NULL,Variable,NULL
NULL,NULL,162,4,2062,-1.0,-1,-1,NULL,NULL,Variable,NULL
NULL,NULL,162,5,2063,-1.0,-1,-1,NULL,NULL,Variable,NULL
NULL,NULL,162,6,2064,-1.0,-1,-1,NULL,NULL,Variable,NULL
NULL,NULL,162,7,2065,-1.0,-1,-1,NULL,NULL,Variable,NULL
NULL,NULL,162,8,2066,-1.0,-1,-1,NULL,NULL,Variable,NULL
NULL,NULL,162,9,2067,-1.0,-1,-1,NULL,NULL,Variable,NULL
NULL,NULL,162,10,2068,-1.0,-1,-1,NULL,NULL,Variable,NULL
NULL,NULL,162,11,2069,-1.0,-1,-1,NULL,NULL,Variable,NULL
NULL,NULL,162,12,2070,-1.0,-1,-1,NULL,NULL,Variable,NULL
NULL,NULL,162,13,2071,-1.0,-1,-1,NULL,NULL,Variable,NULL
NULL,NULL,162,14,2072,-1.0,-1,-1,NULL,NULL,Variable,NULL
NULL,NULL,162,15,2073,-1.0,-1,-1,NULL,NULL,Variable,NULL
NULL,NULL,163,-1000,-1000,21.0,NULL,NULL,NULL,NULL,NULL,NULL
NULL,NULL,163,-999,-999,21.0,NULL,NULL,NULL,NULL,NULL,NULL
NULL,NULL,163,-998,-998,10.5,NULL,NULL,NULL,NULL,NULL,NULL
NULL,NULL,163,-997,-997,10.5,NULL,NULL,NULL,NULL,NULL,NULL
NULL,NULL,163,0,0,-1.0,-1,-1,NULL,NULL,NULL,NULL
NULL,NULL,163,1,2113,-1.0,-1,-1,NULL,NULL,Variable,NULL
NULL,NULL,163,2,2114,-1.0,-1,-1,NULL,NULL,Variable,NULL
NULL,NULL,163,3,2115,-1.0,-1,-1,NULL,NULL,Variable,NULL
NULL,NULL,163,4,2116,-1.0,-1,-1,NULL,NULL,Variable,NULL
NULL,NULL,163,5,2117,-1.0,-1,-1,NULL,NULL,Variable,NULL
NULL,NULL,163,6,2118,-1.0,-1,-1,NULL,NULL,Variable,NULL
NULL,NULL,163,7,2119,-1.0,-1,-1,NULL,NULL,Variable,NULL
NULL,NULL,163,8,2120,-1.0,-1,-1,NULL,NULL,Variable,NULL
NULL,NULL,163,9,2121,-1.0,-1,-1,NULL,NULL,Variable,NULL
NULL,NULL,163,10,2122,-1.0,-1,-1,NULL,NULL,Variable,NULL
NULL,NULL,163,11,2123,-1.0,-1,-1,NULL,NULL,Variable,NULL
NULL,NULL,163,12,2124,-1.0,-1,-1,NULL,NULL,Variable,NULL
NULL,NULL,163,13,2125,-1.0,-1,-1,NULL,NULL,Variable,NULL
NULL,NULL,163,14,2126,-1.0,-1,-1,NULL,NULL,Variable,NULL
NULL,NULL,163,15,2127,-1.0,-1,-1,NULL,NULL,Variable,NULL
NULL,NULL,164,-1000,-1000,21.0,NULL,NULL,NULL,NULL,NULL,NULL
NULL,NULL,164,-999,-999,21.0,NULL,NULL,NULL,NULL,NULL,NULL
NULL,NULL,164,-998,-998,10.5,NULL,NULL,NULL,NULL,NULL,NULL
NULL,NULL,164,-997,-997,10.5,NULL,NULL,NULL,NULL,NULL,NULL
NULL,NULL,164,0,0,-1.0,-1,-1,NULL,NULL,NULL,NULL
NULL,NULL,164,1,2184,-1.0,-1,-1,NULL,NULL,Variable,NULL
NULL,NULL,164,2,2185,-1.0,-1,-1,NULL,NULL,Variable,NULL
NULL,NULL,164,3,2186,-1.0,-1,-1,NULL,NULL,Variable,NULL
NULL,NULL,164,4,2187,-1.0,-1,-1,NULL,NULL,Variable,NULL
NULL,NULL,164,5,2188,-1.0,-1,-1,NULL,NULL,Variable,NULL
NULL,NULL,164,6,2189,-1.0,-1,-1,NULL,NULL,Variable,NULL
NULL,NULL,164,7,2190,-1.0,-1,-1,NULL,NULL,Variable,NULL
NULL,NULL,164,8,2191,-1.0,-1,-1,NULL,NULL,Variable,NULL
NULL,NULL,164,9,2192,-1.0,-1,-1,NULL,NULL,Variable,NULL
NULL,NULL,164,10,2193,-1.0,-1,-1,NULL,NULL,Variable,NULL
NULL,NULL,164,11,2194,-1.0,-1,-1,NULL,NULL,Variable,NULL
NULL,NULL,164,12,2195,-1.0,-1,-1,NULL,NULL,Variable,NULL
NULL,NULL,164,13,2197,-1.0,-1,-1,NULL,NULL,Variable,NULL
NULL,NULL,164,14,2199,-1.0,-1,-1,NULL,NULL,Variable,NULL
NULL,NULL,164,15,2201,-1.0,-1,-1,NULL,NULL,Variable,NULL
NULL,NULL,164,16,2203,-1.0,-1,-1,NULL,NULL,Variable,NULL
NULL,NULL,164,17,2205,-1.0,-1,-1,NULL,NULL,Variable,NULL
NULL,NULL,164,18,2207,-1.0,-1,-1,NULL,NULL,Variable,NULL
NULL,NULL,164,19,2209,-1.0,-1,-1,NULL,NULL,Variable,NULL
NULL,NULL,164,20,2211,-1.0,-1,-1,NULL,NULL,Variable,NULL
NULL,NULL,164,21,2213,-1.0,-1,-1,NULL,NULL,Variable,NULL
NULL,NULL,165,-1000,-1000,21.0,NULL,NULL,NULL,NULL,NULL,NULL
NULL,NULL,165,-999,-999,21.0,NULL,NULL,NULL,NULL,NULL,NULL
NULL,NULL,165,-998,-998,10.5,NULL,NULL,NULL,NULL,NULL,NULL
NULL,NULL,165,-997,-997,10.5,NULL,NULL,NULL,NULL,NULL,NULL
NULL,NULL,165,0,0,-1.0,-1,-1,NULL,NULL,NULL,NULL
NULL,NULL,165,1,2196,-1.0,-1,-1,NULL,NULL,Variable,NULL
NULL,NULL,165,2,2198,-1.0,-1,-1,NULL,NULL,Variable,NULL
NULL,NULL,165,3,2200,-1.0,-1,-1,NULL,NULL,Variable,NULL
NULL,NULL,165,4,2202,-1.0,-1,-1,NULL,NULL,Variable,NULL
NULL,NULL,165,5,2204,-1.0,-1,-1,NULL,NULL,Variable,NULL
NULL,NULL,165,6,2206,-1.0,-1,-1,NULL,NULL,Variable,NULL
NULL,NULL,165,7,2208,-1.0,-1,-1,NULL,NULL,Variable,NULL
NULL,NULL,165,8,2210,-1.0,-1,-1,NULL,NULL,Variable,NULL
NULL,NULL,165,9,2212,-1.0,-1,-1,NULL,NULL,Variable,NULL
NULL,NULL,166,-1000,-1000,21.0,NULL,NULL,NULL,NULL,NULL,NULL
NULL,NULL,166,-999,-999,21.0,NULL,NULL,NULL,NULL,NULL,NULL
NULL,NULL,166,-998,-998,10.5,NULL,NULL,NULL,NULL,NULL,NULL
NULL,NULL,166,-997,-997,10.5,NULL,NULL,NULL,NULL,NULL,NULL
NULL,NULL,166,0,0,-1.0,-1,-1,NULL,NULL,NULL,NULL
NULL,NULL,166,1,2253,-1.0,-1,-1,NULL,NULL,Variable,NULL
NULL,NULL,166,2,2254,-1.0,-1,-1,NULL,NULL,Variable,NULL
NULL,NULL,166,3,2255,-1.0,-1,-1,NULL,NULL,Variable,NULL
NULL,NULL,166,4,2256,-1.0,-1,-1,NULL,NULL,Variable,NULL
NULL,NULL,166,5,2257,-1.0,-1,-1,NULL,NULL,Variable,NULL
NULL,NULL,166,6,2258,-1.0,-1,-1,NULL,NULL,Variable,NULL
NULL,NULL,166,7,2259,-1.0,-1,-1,NULL,NULL,Variable,NULL
NULL,NULL,166,8,2260,-1.0,-1,-1,NULL,NULL,Variable,NULL
NULL,NULL,166,9,2261,-1.0,-1,-1,NULL,NULL,Variable,NULL
NULL,NULL,166,10,2262,-1.0,-1,-1,NULL,NULL,Variable,NULL
NULL,NULL,166,11,2263,-1.0,-1,-1,NULL,NULL,Variable,NULL
NULL,NULL,166,12,2264,-1.0,-1,-1,NULL,NULL,Variable,NULL
NULL,NULL,167,-1000,-1000,21.0,NULL,NULL,NULL,NULL,NULL,NULL
NULL,NULL,167,-999,-999,21.0,NULL,NULL,NULL,NULL,NULL,NULL
NULL,NULL,167,-998,-998,10.5,NULL,NULL,NULL,NULL,NULL,NULL
NULL,NULL,167,-997,-997,10.5,NULL,NULL,NULL,NULL,NULL,NULL
NULL,NULL,167,0,0,-1.0,-1,-1,NULL,NULL,NULL,NULL
NULL,NULL,167,1,2304,-1.0,-1,-1,NULL,NULL,Variable,NULL
NULL,NULL,167,2,2305,-1.0,-1,-1,NULL,NULL,Variable,NULL
NULL,NULL,167,3,2306,-1.0,-1,-1,NULL,NULL,Variable,NULL
NULL,NULL,167,4,2307,-1.0,-1,-1,NULL,NULL,Variable,NULL
NULL,NULL,167,5,2308,-1.0,-1,-1,NULL,NULL,Variable,NULL
NULL,NULL,167,6,2309,-1.0,-1,-1,NULL,NULL,Variable,NULL
NULL,NULL,167,7,2310,-1.0,-1,-1,NULL,NULL,Variable,NULL
NULL,NULL,167,8,2311,-1.0,-1,-1,NULL,NULL,Variable,NULL
NULL,NULL,167,9,2312,-1.0,-1,-1,NULL,NULL,Variable,NULL
NULL,NULL,167,10,2313,-1.0,-1,-1,NULL,NULL,Variable,NULL
NULL,NULL,167,11,2314,-1.0,-1,-1,NULL,NULL,Variable,NULL
NULL,NULL,167,12,2315,-1.0,-1,-1,NULL,NULL,Variable,NULL
NULL,NULL,167,13,2316,-1.0,-1,-1,NULL,NULL,Variable,NULL
NULL,NULL,167,14,2317,-1.0,-1,-1,NULL,NULL,Variable,NULL
NULL,NULL,167,15,2318,-1.0,-1,-1,NULL,NULL,Variable,NULL
NULL,NULL,168,-1000,-1000,21.0,NULL,NULL,NULL,NULL,NULL,NULL
NULL,NULL,168,-999,-999,21.0,NULL,NULL,NULL,NULL,NULL,NULL
NULL,NULL,168,-998,-998,10.5,NULL,NULL,NULL,NULL,NULL,NULL
NULL,NULL,168,-997,-997,10.5,NULL,NULL,NULL,NULL,NULL,NULL
NULL,NULL,168,0,0,-1.0,-1,-1,NULL,NULL,NULL,NULL
NULL,NULL,168,1,2358,-1.0,-1,-1,NULL,NULL,Variable,NULL
NULL,NULL,168,2,2359,-1.0,-1,-1,NULL,NULL,Variable,NULL
NULL,NULL,168,3,2360,-1.0,-1,-1,NULL,NULL,Variable,NULL
NULL,NULL,168,4,2361,-1.0,-1,-1,NULL,NULL,Variable,NULL
NULL,NULL,168,5,2362,-1.0,-1,-1,NULL,NULL,Variable,NULL
NULL,NULL,168,6,2363,-1.0,-1,-1,NULL,NULL,Variable,NULL
NULL,NULL,168,7,2364,-1.0,-1,-1,NULL,NULL,Variable,NULL
NULL,NULL,168,8,2365,-1.0,-1,-1,NULL,NULL,Variable,NULL
NULL,NULL,168,9,2366,-1.0,-1,-1,NULL,NULL,Variable,NULL
NULL,NULL,168,10,2367,-1.0,-1,-1,NULL,NULL,Variable,NULL
NULL,NULL,168,11,2368,-1.0,-1,-1,NULL,NULL,Variable,NULL
NULL,NULL,168,12,2369,-1.0,-1,-1,NULL,NULL,Variable,NULL
NULL,NULL,168,13,2370,-1.0,-1,-1,NULL,NULL,Variable,NULL
NULL,NULL,168,14,2371,-1.0,-1,-1,NULL,NULL,Variable,NULL
NULL,NULL,168,15,2372,-1.0,-1,-1,NULL,NULL,Variable,NULL
NULL,NULL,169,-1000,-1000,21.0,NULL,NULL,NULL,NULL,NULL,NULL
NULL,NULL,169,-999,-999,21.0,NULL,NULL,NULL,NULL,NULL,NULL
NULL,NULL,169,-998,-998,10.5,NULL,NULL,NULL,NULL,NULL,NULL
NULL,NULL,169,-997,-997,10.5,NULL,NULL,NULL,NULL,NULL,NULL
NULL,NULL,169,0,0,-1.0,-1,-1,NULL,NULL,NULL,NULL
NULL,NULL,169,1,2412,-1.0,-1,-1,NULL,NULL,Variable,NULL
NULL,NULL,169,2,2413,-1.0,-1,-1,NULL,NULL,Variable,NULL
NULL,NULL,169,3,2414,-1.0,-1,-1,NULL,NULL,Variable,NULL
NULL,NULL,169,4,2415,-1.0,-1,-1,NULL,NULL,Variable,NULL
NULL,NULL,169,5,2416,-1.0,-1,-1,NULL,NULL,Variable,NULL
NULL,NULL,169,6,2417,-1.0,-1,-1,NULL,NULL,Variable,NULL
NULL,NULL,169,7,2418,-1.0,-1,-1,NULL,NULL,Variable,NULL
NULL,NULL,169,8,2419,-1.0,-1,-1,NULL,NULL,Variable,NULL
NULL,NULL,169,9,2420,-1.0,-1,-1,NULL,NULL,Variable,NULL
NULL,NULL,169,10,2421,-1.0,-1,-1,NULL,NULL,Variable,NULL
NULL,NULL,169,11,2422,-1.0,-1,-1,NULL,NULL,Variable,NULL
NULL,NULL,169,12,2423,-1.0,-1,-1,NULL,NULL,Variable,NULL
NULL,NULL,169,13,2424,-1.0,-1,-1,NULL,NULL,Variable,NULL
NULL,NULL,169,14,2425,-1.0,-1,-1,NULL,NULL,Variable,NULL
NULL,NULL,169,15,2426,-1.0,-1,-1,NULL,NULL,Variable,NULL
NULL,NULL,170,-1000,-1000,21.0,NULL,NULL,NULL,NULL,NULL,NULL
NULL,NULL,170,-999,-999,21.0,NULL,NULL,NULL,NULL,NULL,NULL
NULL,NULL,170,-998,-998,10.5,NULL,NULL,NULL,NULL,NULL,NULL
NULL,NULL,170,-997,-997,10.5,NULL,NULL,NULL,NULL,NULL,NULL
NULL,NULL,170,0,0,-1.0,-1,-1,NULL,NULL,NULL,NULL
NULL,NULL,170,1,2466,-1.0,-1,-1,NULL,NULL,Variable,NULL
NULL,NULL,170,2,2467,-1.0,-1,-1,NULL,NULL,Variable,NULL
NULL,NULL,170,3,2468,-1.0,-1,-1,NULL,NULL,Variable,NULL
NULL,NULL,170,4,2469,-1.0,-1,-1,NULL,NULL,Variable,NULL
NULL,NULL,170,5,2470,-1.0,-1,-1,NULL,NULL,Variable,NULL
NULL,NULL,170,6,2471,-1.0,-1,-1,NULL,NULL,Variable,NULL
NULL,NULL,170,7,2472,-1.0,-1,-1,NULL,NULL,Variable,NULL
NULL,NULL,170,8,2473,-1.0,-1,-1,NULL,NULL,Variable,NULL
NULL,NULL,170,9,2474,-1.0,-1,-1,NULL,NULL,Variable,NULL
NULL,NULL,170,10,2475,-1.0,-1,-1,NULL,NULL,Variable,NULL
NULL,NULL,170,11,2476,-1.0,-1,-1,NULL,NULL,Variable,NULL
NULL,NULL,170,12,2477,-1.0,-1,-1,NULL,NULL,Variable,NULL
NULL,NULL,170,13,2478,-1.0,-1,-1,NULL,NULL,Variable,NULL
NULL,NULL,170,14,2479,-1.0,-1,-1,NULL,NULL,Variable,NULL
NULL,NULL,170,15,2480,-1.0,-1,-1,NULL,NULL,Variable,NULL
NULL,NULL,171,-1000,-1000,21.0,NULL,NULL,NULL,NULL,NULL,NULL
NULL,NULL,171,-999,-999,21.0,NULL,NULL,NULL,NULL,NULL,NULL
NULL,NULL,171,-998,-998,10.5,NULL,NULL,NULL,NULL,NULL,NULL
NULL,NULL,171,-997,-997,10.5,NULL,NULL,NULL,NULL,NULL,NULL
NULL,NULL,171,0,0,-1.0,-1,-1,NULL,NULL,NULL,NULL
NULL,NULL,171,1,2520,-1.0,-1,-1,NULL,NULL,Variable,NULL
NULL,NULL,171,2,2521,-1.0,-1,-1,NULL,NULL,Variable,NULL
NULL,NULL,171,3,2522,-1.0,-1,-1,NULL,NULL,Variable,NULL
NULL,NULL,171,4,2523,-1.0,-1,-1,NULL,NULL,Variable,NULL
NULL,NULL,171,5,2524,-1.0,-1,-1,NULL,NULL,Variable,NULL
NULL,NULL,171,6,2525,-1.0,-1,-1,NULL,NULL,Variable,NULL
NULL,NULL,171,7,2526,-1.0,-1,-1,NULL,NULL,Variable,NULL
NULL,NULL,171,8,2527,-1.0,-1,-1,NULL,NULL,Variable,NULL
NULL,NULL,171,9,2528,-1.0,-1,-1,NULL,NULL,Variable,NULL
NULL,NULL,171,10,2529,-1.0,-1,-1,NULL,NULL,Variable,NULL
NULL,NULL,171,11,2530,-1.0,-1,-1,NULL,NULL,Variable,NULL
NULL,NULL,171,12,2531,-1.0,-1,-1,NULL,NULL,Variable,NULL
NULL,NULL,171,13,2532,-1.0,-1,-1,NULL,NULL,Variable,NULL
NULL,NULL,171,14,2533,-1.0,-1,-1,NULL,NULL,Variable,NULL
NULL,NULL,171,15,2534,-1.0,-1,-1,NULL,NULL,Variable,NULL
NULL,NULL,172,-1000,-1000,21.0,NULL,NULL,NULL,NULL,NULL,NULL
NULL,NULL,172,-999,-999,21.0,NULL,NULL,NULL,NULL,NULL,NULL
NULL,NULL,172,-998,-998,10.5,NULL,NULL,NULL,NULL,NULL,NULL
NULL,NULL,172,-997,-997,10.5,NULL,NULL,NULL,NULL,NULL,NULL
NULL,NULL,172,0,0,-1.0,-1,-1,NULL,NULL,NULL,NULL
NULL,NULL,172,1,2574,-1.0,-1,-1,NULL,NULL,Variable,NULL
NULL,NULL,172,2,2575,-1.0,-1,-1,NULL,NULL,Variable,NULL
NULL,NULL,172,3,2576,-1.0,-1,-1,NULL,NULL,Variable,NULL
NULL,NULL,172,4,2577,-1.0,-1,-1,NULL,NULL,Variable,NULL
NULL,NULL,172,5,2578,-1.0,-1,-1,NULL,NULL,Variable,NULL
NULL,NULL,172,6,2579,-1.0,-1,-1,NULL,NULL,Variable,NULL
NULL,NULL,173,-1000,-1000,21.0,NULL,NULL,NULL,NULL,NULL,NULL
NULL,NULL,173,-999,-999,21.0,NULL,NULL,NULL,NULL,NULL,NULL
NULL,NULL,173,-998,-998,10.5,NULL,NULL,NULL,NULL,NULL,NULL
NULL,NULL,173,-997,-997,10.5,NULL,NULL,NULL,NULL,NULL,NULL
NULL,NULL,173,0,0,-1.0,-1,-1,NULL,NULL,NULL,NULL
NULL,NULL,173,1,2619,-1.0,-1,-1,NULL,NULL,Variable,NULL
NULL,NULL,173,2,2620,-1.0,-1,-1,NULL,NULL,Variable,NULL
NULL,NULL,173,3,2621,-1.0,-1,-1,NULL,NULL,Variable,NULL
NULL,NULL,173,4,2622,-1.0,-1,-1,NULL,NULL,Variable,NULL
NULL,NULL,173,5,2623,-1.0,-1,-1,NULL,NULL,Variable,NULL
NULL,NULL,173,6,2624,-1.0,-1,-1,NULL,NULL,Variable,NULL
NULL,NULL,173,7,2625,-1.0,-1,-1,NULL,NULL,Variable,NULL
NULL,NULL,173,8,2626,-1.0,-1,-1,NULL,NULL,Variable,NULL
NULL,NULL,173,9,2627,-1.0,-1,-1,NULL,NULL,Variable,NULL
NULL,NULL,173,10,2628,-1.0,-1,-1,NULL,NULL,Variable,NULL
NULL,NULL,173,11,2629,-1.0,-1,-1,NULL,NULL,Variable,NULL
NULL,NULL,173,12,2630,-1.0,-1,-1,NULL,NULL,Variable,NULL
NULL,NULL,173,13,2631,-1.0,-1,-1,NULL,NULL,Variable,NULL
NULL,NULL,173,14,2632,-1.0,-1,-1,NULL,NULL,Variable,NULL
NULL,NULL,173,15,2633,-1.0,-1,-1,NULL,NULL,Variable,NULL
NULL,NULL,173,16,2634,-1.0,-1,-1,NULL,NULL,Variable,NULL
NULL,NULL,173,17,2635,-1.0,-1,-1,NULL,NULL,Variable,NULL
NULL,NULL,173,18,2636,-1.0,-1,-1,NULL,NULL,Variable,NULL
NULL,NULL,173,19,2637,-1.0,-1,-1,NULL,NULL,Variable,NULL
NULL,NULL,173,20,2638,-1.0,-1,-1,NULL,NULL,Variable,NULL
NULL,NULL,173,21,2639,-1.0,-1,-1,NULL,NULL,Variable,NULL
NULL,NULL,174,-1000,-1000,21.0,NULL,NULL,NULL,NULL,NULL,NULL
NULL,NULL,174,-999,-999,21.0,NULL,NULL,NULL,NULL,NULL,NULL
NULL,NULL,174,-998,-998,10.5,NULL,NULL,NULL,NULL,NULL,NULL
NULL,NULL,174,-997,-997,10.5,NULL,NULL,NULL,NULL,NULL,NULL
NULL,NULL,174,0,0,-1.0,-1,-1,NULL,NULL,NULL,NULL
NULL,NULL,174,1,2697,-1.0,-1,-1,NULL,NULL,Variable,NULL
NULL,NULL,174,2,2698,-1.0,-1,-1,NULL,NULL,Variable,NULL
NULL,NULL,174,3,2709,-1.0,-1,-1,NULL,NULL,Variable,NULL
NULL,NULL,174,4,2711,-1.0,-1,-1,NULL,NULL,Variable,NULL
NULL,NULL,174,5,2713,-1.0,-1,-1,NULL,NULL,Variable,NULL
NULL,NULL,174,6,2715,-1.0,-1,-1,NULL,NULL,Variable,NULL
NULL,NULL,174,7,2717,-1.0,-1,-1,NULL,NULL,Variable,NULL
NULL,NULL,174,8,2719,-1.0,-1,-1,NULL,NULL,Variable,NULL
NULL,NULL,174,9,2721,-1.0,-1,-1,NULL,NULL,Variable,NULL
NULL,NULL,174,10,2723,-1.0,-1,-1,NULL,NULL,Variable,NULL
NULL,NULL,174,11,2699,-1.0,-1,-1,NULL,NULL,Variable,NULL
NULL,NULL,174,12,2725,-1.0,-1,-1,NULL,NULL,Variable,NULL
NULL,NULL,174,13,2696,-1.0,-1,-1,NULL,NULL,Variable,NULL
NULL,NULL,174,14,2700,-1.0,-1,-1,NULL,NULL,Variable,NULL
NULL,NULL,174,15,2701,-1.0,-1,-1,NULL,NULL,Variable,NULL
NULL,NULL,174,16,2702,-1.0,-1,-1,NULL,NULL,Variable,NULL
NULL,NULL,174,17,2703,-1.0,-1,-1,NULL,NULL,Variable,NULL
NULL,NULL,174,18,2704,-1.0,-1,-1,NULL,NULL,Variable,NULL
NULL,NULL,174,19,2705,-1.0,-1,-1,NULL,NULL,Variable,NULL
NULL,NULL,174,20,2706,-1.0,-1,-1,NULL,NULL,Variable,NULL
NULL,NULL,174,21,2707,-1.0,-1,-1,NULL,NULL,Variable,NULL
NULL,NULL,175,-1000,-1000,21.0,NULL,NULL,NULL,NULL,NULL,NULL
NULL,NULL,175,-999,-999,21.0,NULL,NULL,NULL,NULL,NULL,NULL
NULL,NULL,175,-998,-998,10.5,NULL,NULL,NULL,NULL,NULL,NULL
NULL,NULL,175,-997,-997,10.5,NULL,NULL,NULL,NULL,NULL,NULL
NULL,NULL,175,0,0,-1.0,-1,-1,NULL,NULL,NULL,NULL
NULL,NULL,175,1,2708,-1.0,-1,-1,NULL,NULL,Variable,NULL
NULL,NULL,175,2,2710,-1.0,-1,-1,NULL,NULL,Variable,NULL
NULL,NULL,175,3,2712,-1.0,-1,-1,NULL,NULL,Variable,NULL
NULL,NULL,175,4,2714,-1.0,-1,-1,NULL,NULL,Variable,NULL
NULL,NULL,175,5,2716,-1.0,-1,-1,NULL,NULL,Variable,NULL
NULL,NULL,175,6,2718,-1.0,-1,-1,NULL,NULL,Variable,NULL
NULL,NULL,175,7,2720,-1.0,-1,-1,NULL,NULL,Variable,NULL
NULL,NULL,175,8,2722,-1.0,-1,-1,NULL,NULL,Variable,NULL
NULL,NULL,175,9,2724,-1.0,-1,-1,NULL,NULL,Variable,NULL
NULL,NULL,176,-1000,-1000,21.0,NULL,NULL,NULL,NULL,NULL,NULL
NULL,NULL,176,-999,-999,21.0,NULL,NULL,NULL,NULL,NULL,NULL
NULL,NULL,176,-998,-998,10.5,NULL,NULL,NULL,NULL,NULL,NULL
NULL,NULL,176,-997,-997,10.5,NULL,NULL,NULL,NULL,NULL,NULL
NULL,NULL,176,0,0,-1.0,-1,-1,NULL,NULL,NULL,NULL
NULL,NULL,176,1,2766,-1.0,-1,-1,NULL,NULL,Variable,NULL
NULL,NULL,176,2,2767,-1.0,-1,-1,NULL,NULL,Variable,NULL
NULL,NULL,176,3,2768,-1.0,-1,-1,NULL,NULL,Variable,NULL
NULL,NULL,176,4,2765,-1.0,-1,-1,NULL,NULL,Variable,NULL
NULL,NULL,176,5,2769,-1.0,-1,-1,NULL,NULL,Variable,NULL
NULL,NULL,176,6,2770,-1.0,-1,-1,NULL,NULL,Variable,NULL
NULL,NULL,176,7,2771,-1.0,-1,-1,NULL,NULL,Variable,NULL
NULL,NULL,176,8,2772,-1.0,-1,-1,NULL,NULL,Variable,NULL
NULL,NULL,176,9,2773,-1.0,-1,-1,NULL,NULL,Variable,NULL
NULL,NULL,176,10,2774,-1.0,-1,-1,NULL,NULL,Variable,NULL
NULL,NULL,176,11,2775,-1.0,-1,-1,NULL,NULL,Variable,NULL
NULL,NULL,176,12,2776,-1.0,-1,-1,NULL,NULL,Variable,NULL
NULL,NULL,176,13,2777,-1.0,-1,-1,NULL,NULL,Variable,NULL
NULL,NULL,176,14,2778,-1.0,-1,-1,NULL,NULL,Variable,NULL
NULL,NULL,176,15,2779,-1.0,-1,-1,NULL,NULL,Variable,NULL
NULL,NULL,177,-1000,-1000,21.0,NULL,NULL,NULL,NULL,NULL,NULL
NULL,NULL,177,-999,-999,21.0,NULL,NULL,NULL,NULL,NULL,NULL
NULL,NULL,177,-998,-998,10.5,NULL,NULL,NULL,NULL,NULL,NULL
NULL,NULL,177,-997,-997,10.5,NULL,NULL,NULL,NULL,NULL,NULL
NULL,NULL,177,0,0,-1.0,-1,-1,NULL,NULL,NULL,NULL
NULL,NULL,177,1,2820,-1.0,-1,-1,NULL,NULL,Variable,NULL
NULL,NULL,177,2,2821,-1.0,-1,-1,NULL,NULL,Variable,NULL
NULL,NULL,177,3,2822,-1.0,-1,-1,NULL,NULL,Variable,NULL
NULL,NULL,177,4,2819,-1.0,-1,-1,NULL,NULL,Variable,NULL
NULL,NULL,177,5,2823,-1.0,-1,-1,NULL,NULL,Variable,NULL
NULL,NULL,177,6,2824,-1.0,-1,-1,NULL,NULL,Variable,NULL
NULL,NULL,177,7,2825,-1.0,-1,-1,NULL,NULL,Variable,NULL
NULL,NULL,177,8,2826,-1.0,-1,-1,NULL,NULL,Variable,NULL
NULL,NULL,177,9,2827,-1.0,-1,-1,NULL,NULL,Variable,NULL
NULL,NULL,177,10,2828,-1.0,-1,-1,NULL,NULL,Variable,NULL
NULL,NULL,177,11,2829,-1.0,-1,-1,NULL,NULL,Variable,NULL
NULL,NULL,177,12,2830,-1.0,-1,-1,NULL,NULL,Variable,NULL
NULL,NULL,178,-1000,-1000,21.0,NULL,NULL,NULL,NULL,NULL,NULL
NULL,NULL,178,-999,-999,21.0,NULL,NULL,NULL,NULL,NULL,NULL
NULL,NULL,178,-998,-998,10.5,NULL,NULL,NULL,NULL,NULL,NULL
NULL,NULL,178,-997,-997,10.5,NULL,NULL,NULL,NULL,NULL,NULL
NULL,NULL,178,0,0,-1.0,-1,-1,NULL,NULL,NULL,NULL
NULL,NULL,178,1,2871,-1.0,-1,-1,NULL,NULL,Variable,NULL
NULL,NULL,178,2,2872,-1.0,-1,-1,NULL,NULL,Variable,NULL
NULL,NULL,178,3,2870,-1.0,-1,-1,NULL,NULL,Variable,NULL
NULL,NULL,178,4,2873,-1.0,-1,-1,NULL,NULL,Variable,NULL
NULL,NULL,178,5,2874,-1.0,-1,-1,NULL,NULL,Variable,NULL
NULL,NULL,178,6,2875,-1.0,-1,-1,NULL,NULL,Variable,NULL
NULL,NULL,178,7,2876,-1.0,-1,-1,NULL,NULL,Variable,NULL
NULL,NULL,178,8,2877,-1.0,-1,-1,NULL,NULL,Variable,NULL
NULL,NULL,179,-1000,-1000,21.0,NULL,NULL,NULL,NULL,NULL,NULL
NULL,NULL,179,-999,-999,21.0,NULL,NULL,NULL,NULL,NULL,NULL
NULL,NULL,179,-998,-998,10.5,NULL,NULL,NULL,NULL,NULL,NULL
NULL,NULL,179,-997,-997,10.5,NULL,NULL,NULL,NULL,NULL,NULL
NULL,NULL,179,0,0,-1.0,-1,-1,NULL,NULL,NULL,NULL
NULL,NULL,179,1,2918,-1.0,-1,-1,NULL,NULL,Variable,NULL
NULL,NULL,179,2,2919,-1.0,-1,-1,NULL,NULL,Variable,NULL
NULL,NULL,179,3,2917,-1.0,-1,-1,NULL,NULL,Variable,NULL
NULL,NULL,179,4,2920,-1.0,-1,-1,NULL,NULL,Variable,NULL
NULL,NULL,179,5,2921,-1.0,-1,-1,NULL,NULL,Variable,NULL
NULL,NULL,179,6,2922,-1.0,-1,-1,NULL,NULL,Variable,NULL
NULL,NULL,179,7,2923,-1.0,-1,-1,NULL,NULL,Variable,NULL
NULL,NULL,179,8,2924,-1.0,-1,-1,NULL,NULL,Variable,NULL
NULL,NULL,180,-1000,-1000,21.0,NULL,NULL,NULL,NULL,NULL,NULL
NULL,NULL,180,-999,-999,21.0,NULL,NULL,NULL,NULL,NULL,NULL
NULL,NULL,180,-998,-998,10.5,NULL,NULL,NULL,NULL,NULL,NULL
NULL,NULL,180,-997,-997,10.5,NULL,NULL,NULL,NULL,NULL,NULL
NULL,NULL,180,0,0,-1.0,-1,-1,NULL,NULL,NULL,NULL
NULL,NULL,180,1,2965,-1.0,-1,-1,NULL,NULL,Variable,NULL
NULL,NULL,180,2,2966,-1.0,-1,-1,NULL,NULL,Variable,NULL
NULL,NULL,180,3,2967,-1.0,-1,-1,NULL,NULL,Variable,NULL
NULL,NULL,180,4,2964,-1.0,-1,-1,NULL,NULL,Variable,NULL
NULL,NULL,180,5,2968,-1.0,-1,-1,NULL,NULL,Variable,NULL
NULL,NULL,180,6,2969,-1.0,-1,-1,NULL,NULL,Variable,NULL
NULL,NULL,180,7,2970,-1.0,-1,-1,NULL,NULL,Variable,NULL
NULL,NULL,180,8,2971,-1.0,-1,-1,NULL,NULL,Variable,NULL
NULL,NULL,180,9,2972,-1.0,-1,-1,NULL,NULL,Variable,NULL
NULL,NULL,180,10,2973,-1.0,-1,-1,NULL,NULL,Variable,NULL
NULL,NULL,180,11,2974,-1.0,-1,-1,NULL,NULL,Variable,NULL
NULL,NULL,180,12,2975,-1.0,-1,-1,NULL,NULL,Variable,NULL
NULL,NULL,180,13,2976,-1.0,-1,-1,NULL,NULL,Variable,NULL
NULL,NULL,180,14,2977,-1.0,-1,-1,NULL,NULL,Variable,NULL
NULL,NULL,180,15,2978,-1.0,-1,-1,NULL,NULL,Variable,NULL
NULL,NULL,181,-1000,-1000,21.0,NULL,NULL,NULL,NULL,NULL,NULL
NULL,NULL,181,-999,-999,21.0,NULL,NULL,NULL,NULL,NULL,NULL
NULL,NULL,181,-998,-998,10.5,NULL,NULL,NULL,NULL,NULL,NULL
NULL,NULL,181,-997,-997,10.5,NULL,NULL,NULL,NULL,NULL,NULL
NULL,NULL,181,0,0,-1.0,-1,-1,NULL,NULL,NULL,NULL
NULL,NULL,181,1,3018,-1.0,-1,-1,NULL,NULL,Variable,NULL
NULL,NULL,182,-1000,-1000,21.0,NULL,NULL,NULL,NULL,NULL,NULL
NULL,NULL,182,-999,-999,21.0,NULL,NULL,NULL,NULL,NULL,NULL
NULL,NULL,182,-998,-998,10.5,NULL,NULL,NULL,NULL,NULL,NULL
NULL,NULL,182,-997,-997,10.5,NULL,NULL,NULL,NULL,NULL,NULL
NULL,NULL,182,0,0,-1.0,-1,-1,NULL,NULL,NULL,NULL
NULL,NULL,182,1,3171,-1.0,-1,-1,NULL,NULL,Variable,NULL
NULL,NULL,182,2,3172,-1.0,-1,-1,NULL,NULL,Variable,NULL
NULL,NULL,182,3,3173,-1.0,-1,-1,NULL,NULL,Variable,NULL
NULL,NULL,182,4,3170,-1.0,-1,-1,NULL,NULL,Variable,NULL
NULL,NULL,182,5,3174,-1.0,-1,-1,NULL,NULL,Variable,NULL
NULL,NULL,182,6,3175,-1.0,-1,-1,NULL,NULL,Variable,NULL
NULL,NULL,182,7,3176,-1.0,-1,-1,NULL,NULL,Variable,NULL
NULL,NULL,182,8,3177,-1.0,-1,-1,NULL,NULL,Variable,NULL
NULL,NULL,182,9,3178,-1.0,-1,-1,NULL,NULL,Variable,NULL
NULL,NULL,182,10,3179,-1.0,-1,-1,NULL,NULL,Variable,NULL
NULL,NULL,182,11,3180,-1.0,-1,-1,NULL,NULL,Variable,NULL
NULL,NULL,182,12,3181,-1.0,-1,-1,NULL,NULL,Variable,NULL
NULL,NULL,182,13,3182,-1.0,-1,-1,NULL,NULL,Variable,NULL
NULL,NULL,182,14,3183,-1.0,-1,-1,NULL,NULL,Variable,NULL
NULL,NULL,182,15,3184,-1.0,-1,-1,NULL,NULL,Variable,NULL
NULL,NULL,183,-1000,-1000,21.0,NULL,NULL,NULL,NULL,NULL,NULL
NULL,NULL,183,-999,-999,21.0,NULL,NULL,NULL,NULL,NULL,NULL
NULL,NULL,183,-998,-998,10.5,NULL,NULL,NULL,NULL,NULL,NULL
NULL,NULL,183,-997,-997,10.5,NULL,NULL,NULL,NULL,NULL,NULL
NULL,NULL,183,0,0,-1.0,-1,-1,NULL,NULL,NULL,NULL
NULL,NULL,183,1,3225,-1.0,-1,-1,NULL,NULL,Variable,NULL
NULL,NULL,183,2,3226,-1.0,-1,-1,NULL,NULL,Variable,NULL
NULL,NULL,183,3,3227,-1.0,-1,-1,NULL,NULL,Variable,NULL
NULL,NULL,183,4,3224,-1.0,-1,-1,NULL,NULL,Variable,NULL
NULL,NULL,183,5,3228,-1.0,-1,-1,NULL,NULL,Variable,NULL
NULL,NULL,183,6,3229,-1.0,-1,-1,NULL,NULL,Variable,NULL
NULL,NULL,183,7,3230,-1.0,-1,-1,NULL,NULL,Variable,NULL
NULL,NULL,183,8,3231,-1.0,-1,-1,NULL,NULL,Variable,NULL
NULL,NULL,183,9,3232,-1.0,-1,-1,NULL,NULL,Variable,NULL
NULL,NULL,183,10,3233,-1.0,-1,-1,NULL,NULL,Variable,NULL
NULL,NULL,183,11,3234,-1.0,-1,-1,NULL,NULL,Variable,NULL
NULL,NULL,183,12,3235,-1.0,-1,-1,NULL,NULL,Variable,NULL
NULL,NULL,183,13,3236,-1.0,-1,-1,NULL,NULL,Variable,NULL
NULL,NULL,183,14,3237,-1.0,-1,-1,NULL,NULL,Variable,NULL
NULL,NULL,183,15,3238,-1.0,-1,-1,NULL,NULL,Variable,NULL
NULL,NULL,184,-1000,-1000,21.0,NULL,NULL,NULL,NULL,NULL,NULL
NULL,NULL,184,-999,-999,21.0,NULL,NULL,NULL,NULL,NULL,NULL
NULL,NULL,184,-998,-998,10.5,NULL,NULL,NULL,NULL,NULL,NULL
NULL,NULL,184,-997,-997,10.5,NULL,NULL,NULL,NULL,NULL,NULL
NULL,NULL,184,0,0,-1.0,-1,-1,NULL,NULL,NULL,NULL
NULL,NULL,184,1,3279,-1.0,-1,-1,NULL,NULL,Variable,NULL
NULL,NULL,184,2,3280,-1.0,-1,-1,NULL,NULL,Variable,NULL
NULL,NULL,184,3,3278,-1.0,-1,-1,NULL,NULL,Variable,NULL
NULL,NULL,184,4,3281,-1.0,-1,-1,NULL,NULL,Variable,NULL
NULL,NULL,184,5,3282,-1.0,-1,-1,NULL,NULL,Variable,NULL
NULL,NULL,184,6,3283,-1.0,-1,-1,NULL,NULL,Variable,NULL
NULL,NULL,184,7,3284,-1.0,-1,-1,NULL,NULL,Variable,NULL
NULL,NULL,184,8,3285,-1.0,-1,-1,NULL,NULL,Variable,NULL
NULL,NULL,184,9,3286,-1.0,-1,-1,NULL,NULL,Variable,NULL
NULL,NULL,184,10,3287,-1.0,-1,-1,NULL,NULL,Variable,NULL
NULL,NULL,184,11,3288,-1.0,-1,-1,NULL,NULL,Variable,NULL
NULL,NULL,184,12,3289,-1.0,-1,-1,NULL,NULL,Variable,NULL
NULL,NULL,184,13,3290,-1.0,-1,-1,NULL,NULL,Variable,NULL
NULL,NULL,184,14,3291,-1.0,-1,-1,NULL,NULL,Variable,NULL
NULL,NULL,185,-1000,-1000,21.0,NULL,NULL,NULL,NULL,NULL,NULL
NULL,NULL,185,-999,-999,21.0,NULL,NULL,NULL,NULL,NULL,NULL
NULL,NULL,185,-998,-998,10.5,NULL,NULL,NULL,NULL,NULL,NULL
NULL,NULL,185,-997,-997,10.5,NULL,NULL,NULL,NULL,NULL,NULL
NULL,NULL,185,0,0,-1.0,-1,-1,NULL,NULL,NULL,NULL
NULL,NULL,185,1,3332,-1.0,-1,-1,NULL,NULL,Variable,NULL
NULL,NULL,185,2,3333,-1.0,-1,-1,NULL,NULL,Variable,NULL
NULL,NULL,185,3,3334,-1.0,-1,-1,NULL,NULL,Variable,NULL
NULL,NULL,185,4,3331,-1.0,-1,-1,NULL,NULL,Variable,NULL
NULL,NULL,185,5,3335,-1.0,-1,-1,NULL,NULL,Variable,NULL
NULL,NULL,185,6,3336,-1.0,-1,-1,NULL,NULL,Variable,NULL
NULL,NULL,185,7,3337,-1.0,-1,-1,NULL,NULL,Variable,NULL
NULL,NULL,185,8,3338,-1.0,-1,-1,NULL,NULL,Variable,NULL
NULL,NULL,185,9,3339,-1.0,-1,-1,NULL,NULL,Variable,NULL
NULL,NULL,185,10,3340,-1.0,-1,-1,NULL,NULL,Variable,NULL
NULL,NULL,185,11,3341,-1.0,-1,-1,NULL,NULL,Variable,NULL
NULL,NULL,185,12,3342,-1.0,-1,-1,NULL,NULL,Variable,NULL
NULL,NULL,186,-1000,-1000,21.0,NULL,NULL,NULL,NULL,NULL,NULL
NULL,NULL,186,-999,-999,21.0,NULL,NULL,NULL,NULL,NULL,NULL
NULL,NULL,186,-998,-998,10.5,NULL,NULL,NULL,NULL,NULL,NULL
NULL,NULL,186,-997,-997,10.5,NULL,NULL,NULL,NULL,NULL,NULL
NULL,NULL,186,0,0,-1.0,-1,-1,NULL,NULL,NULL,NULL
NULL,NULL,186,1,3383,-1.0,-1,-1,NULL,NULL,Variable,NULL
NULL,NULL,186,2,3384,-1.0,-1,-1,NULL,NULL,Variable,NULL
NULL,NULL,186,3,3385,-1.0,-1,-1,NULL,NULL,Variable,NULL
NULL,NULL,186,4,3382,-1.0,-1,-1,NULL,NULL,Variable,NULL
NULL,NULL,186,5,3386,-1.0,-1,-1,NULL,NULL,Variable,NULL
NULL,NULL,186,6,3387,-1.0,-1,-1,NULL,NULL,Variable,NULL
NULL,NULL,186,7,3388,-1.0,-1,-1,NULL,NULL,Variable,NULL
NULL,NULL,186,8,3389,-1.0,-1,-1,NULL,NULL,Variable,NULL
NULL,NULL,186,9,3390,-1.0,-1,-1,NULL,NULL,Variable,NULL
NULL,NULL,186,10,3391,-1.0,-1,-1,NULL,NULL,Variable,NULL
NULL,NULL,186,11,3392,-1.0,-1,-1,NULL,NULL,Variable,NULL
NULL,NULL,186,12,3393,-1.0,-1,-1,NULL,NULL,Variable,NULL
NULL,NULL,187,-1000,-1000,21.0,NULL,NULL,NULL,NULL,NULL,NULL
NULL,NULL,187,-999,-999,21.0,NULL,NULL,NULL,NULL,NULL,NULL
NULL,NULL,187,-998,-998,10.5,NULL,NULL,NULL,NULL,NULL,NULL
NULL,NULL,187,-997,-997,10.5,NULL,NULL,NULL,NULL,NULL,NULL
NULL,NULL,187,0,0,-1.0,-1,-1,NULL,NULL,NULL,NULL
NULL,NULL,187,1,3434,-1.0,-1,-1,NULL,NULL,Variable,NULL
NULL,NULL,187,2,3435,-1.0,-1,-1,NULL,NULL,Variable,NULL
NULL,NULL,187,3,3436,-1.0,-1,-1,NULL,NULL,Variable,NULL
NULL,NULL,187,4,3433,-1.0,-1,-1,NULL,NULL,Variable,NULL
NULL,NULL,187,5,3437,-1.0,-1,-1,NULL,NULL,Variable,NULL
NULL,NULL,187,6,3438,-1.0,-1,-1,NULL,NULL,Variable,NULL
NULL,NULL,187,7,3439,-1.0,-1,-1,NULL,NULL,Variable,NULL
NULL,NULL,187,8,3440,-1.0,-1,-1,NULL,NULL,Variable,NULL
NULL,NULL,187,9,3441,-1.0,-1,-1,NULL,NULL,Variable,NULL
NULL,NULL,187,10,3442,-1.0,-1,-1,NULL,NULL,Variable,NULL
NULL,NULL,187,11,3443,-1.0,-1,-1,NULL,NULL,Variable,NULL
NULL,NULL,187,12,3444,-1.0,-1,-1,NULL,NULL,Variable,NULL
NULL,NULL,187,13,3445,-1.0,-1,-1,NULL,NULL,Variable,NULL
NULL,NULL,187,14,3446,-1.0,-1,-1,NULL,NULL,Variable,NULL
NULL,NULL,187,15,3447,-1.0,-1,-1,NULL,NULL,Variable,NULL
NULL,NULL,187,16,3448,-1.0,-1,-1,NULL,NULL,Variable,NULL
NULL,NULL,188,-1000,-1000,21.0,NULL,NULL,NULL,NULL,NULL,NULL
NULL,NULL,188,-999,-999,21.0,NULL,NULL,NULL,NULL,NULL,NULL
NULL,NULL,188,-998,-998,10.5,NULL,NULL,NULL,NULL,NULL,NULL
NULL,NULL,188,-997,-997,10.5,NULL,NULL,NULL,NULL,NULL,NULL
NULL,NULL,188,0,0,-1.0,-1,-1,NULL,NULL,NULL,NULL
NULL,NULL,188,1,3537,-1.0,-1,-1,NULL,NULL,Variable,NULL
NULL,NULL,188,2,3506,-1.0,-1,-1,NULL,NULL,Variable,NULL
NULL,NULL,188,3,3520,-1.0,-1,-1,NULL,NULL,Variable,NULL
NULL,NULL,188,4,3522,-1.0,-1,-1,NULL,NULL,Variable,NULL
NULL,NULL,188,5,3524,-1.0,-1,-1,NULL,NULL,Variable,NULL
NULL,NULL,188,6,3526,-1.0,-1,-1,NULL,NULL,Variable,NULL
NULL,NULL,188,7,3528,-1.0,-1,-1,NULL,NULL,Variable,NULL
NULL,NULL,188,8,3530,-1.0,-1,-1,NULL,NULL,Variable,NULL
NULL,NULL,188,9,3532,-1.0,-1,-1,NULL,NULL,Variable,NULL
NULL,NULL,188,10,3534,-1.0,-1,-1,NULL,NULL,Variable,NULL
NULL,NULL,188,11,3507,-1.0,-1,-1,NULL,NULL,Variable,NULL
NULL,NULL,188,12,3536,-1.0,-1,-1,NULL,NULL,Variable,NULL
NULL,NULL,188,13,3505,-1.0,-1,-1,NULL,NULL,Variable,NULL
NULL,NULL,188,14,3538,-1.0,-1,-1,NULL,NULL,Variable,NULL
NULL,NULL,188,15,3539,-1.0,-1,-1,NULL,NULL,Variable,NULL
NULL,NULL,188,16,3540,-1.0,-1,-1,NULL,NULL,Variable,NULL
NULL,NULL,188,17,3541,-1.0,-1,-1,NULL,NULL,Variable,NULL
NULL,NULL,188,18,3542,-1.0,-1,-1,NULL,NULL,Variable,NULL
NULL,NULL,188,19,3543,-1.0,-1,-1,NULL,NULL,Variable,NULL
NULL,NULL,188,20,3508,-1.0,-1,-1,NULL,NULL,Variable,NULL
NULL,NULL,188,21,3509,-1.0,-1,-1,NULL,NULL,Variable,NULL
NULL,NULL,188,22,3510,-1.0,-1,-1,NULL,NULL,Variable,NULL
NULL,NULL,188,23,3511,-1.0,-1,-1,NULL,NULL,Variable,NULL
NULL,NULL,188,24,3512,-1.0,-1,-1,NULL,NULL,Variable,NULL
NULL,NULL,188,25,3513,-1.0,-1,-1,NULL,NULL,Variable,NULL
NULL,NULL,188,26,3514,-1.0,-1,-1,NULL,NULL,Variable,NULL
NULL,NULL,188,27,3515,-1.0,-1,-1,NULL,NULL,Variable,NULL
NULL,NULL,188,28,3516,-1.0,-1,-1,NULL,NULL,Variable,NULL
NULL,NULL,188,29,3517,-1.0,-1,-1,NULL,NULL,Variable,NULL
NULL,NULL,188,30,3544,-1.0,-1,-1,NULL,NULL,Variable,NULL
NULL,NULL,188,31,3545,-1.0,-1,-1,NULL,NULL,Variable,NULL
NULL,NULL,188,32,3546,-1.0,-1,-1,NULL,NULL,Variable,NULL
NULL,NULL,188,33,3547,-1.0,-1,-1,NULL,NULL,Variable,NULL
NULL,NULL,188,34,3548,-1.0,-1,-1,NULL,NULL,Variable,NULL
NULL,NULL,188,35,3549,-1.0,-1,-1,NULL,NULL,Variable,NULL
NULL,NULL,188,36,3550,-1.0,-1,-1,NULL,NULL,Variable,NULL
NULL,NULL,188,37,3551,-1.0,-1,-1,NULL,NULL,Variable,NULL
NULL,NULL,188,38,3552,-1.0,-1,-1,NULL,NULL,Variable,NULL
NULL,NULL,188,39,3518,-1.0,-1,-1,NULL,NULL,Variable,NULL
NULL,NULL,189,-1000,-1000,21.0,NULL,NULL,NULL,NULL,NULL,NULL
NULL,NULL,189,-999,-999,21.0,NULL,NULL,NULL,NULL,NULL,NULL
NULL,NULL,189,-998,-998,10.5,NULL,NULL,NULL,NULL,NULL,NULL
NULL,NULL,189,-997,-997,10.5,NULL,NULL,NULL,NULL,NULL,NULL
NULL,NULL,189,0,0,-1.0,-1,-1,NULL,NULL,NULL,NULL
NULL,NULL,189,1,3519,-1.0,-1,-1,NULL,NULL,Variable,NULL
NULL,NULL,189,2,3521,-1.0,-1,-1,NULL,NULL,Variable,NULL
NULL,NULL,189,3,3523,-1.0,-1,-1,NULL,NULL,Variable,NULL
NULL,NULL,189,4,3525,-1.0,-1,-1,NULL,NULL,Variable,NULL
NULL,NULL,189,5,3527,-1.0,-1,-1,NULL,NULL,Variable,NULL
NULL,NULL,189,6,3529,-1.0,-1,-1,NULL,NULL,Variable,NULL
NULL,NULL,189,7,3531,-1.0,-1,-1,NULL,NULL,Variable,NULL
NULL,NULL,189,8,3533,-1.0,-1,-1,NULL,NULL,Variable,NULL
NULL,NULL,189,9,3535,-1.0,-1,-1,NULL,NULL,Variable,NULL
NULL,NULL,190,-1000,-1000,21.0,NULL,NULL,NULL,NULL,NULL,NULL
NULL,NULL,190,-999,-999,21.0,NULL,NULL,NULL,NULL,NULL,NULL
NULL,NULL,190,-998,-998,10.5,NULL,NULL,NULL,NULL,NULL,NULL
NULL,NULL,190,-997,-997,10.5,NULL,NULL,NULL,NULL,NULL,NULL
NULL,NULL,190,0,0,-1.0,-1,-1,NULL,NULL,NULL,NULL
NULL,NULL,190,1,3615,-1.0,-1,-1,NULL,NULL,Variable,NULL
NULL,NULL,190,2,3593,-1.0,-1,-1,NULL,NULL,Variable,NULL
NULL,NULL,190,3,3606,-1.0,-1,-1,NULL,NULL,Variable,NULL
NULL,NULL,190,4,3607,-1.0,-1,-1,NULL,NULL,Variable,NULL
NULL,NULL,190,5,3608,-1.0,-1,-1,NULL,NULL,Variable,NULL
NULL,NULL,190,6,3609,-1.0,-1,-1,NULL,NULL,Variable,NULL
NULL,NULL,190,7,3610,-1.0,-1,-1,NULL,NULL,Variable,NULL
NULL,NULL,190,8,3611,-1.0,-1,-1,NULL,NULL,Variable,NULL
NULL,NULL,190,9,3612,-1.0,-1,-1,NULL,NULL,Variable,NULL
NULL,NULL,190,10,3613,-1.0,-1,-1,NULL,NULL,Variable,NULL
NULL,NULL,190,11,3594,-1.0,-1,-1,NULL,NULL,Variable,NULL
NULL,NULL,190,12,3614,-1.0,-1,-1,NULL,NULL,Variable,NULL
NULL,NULL,190,13,3592,-1.0,-1,-1,NULL,NULL,Variable,NULL
NULL,NULL,190,14,3616,-1.0,-1,-1,NULL,NULL,Variable,NULL
NULL,NULL,190,15,3617,-1.0,-1,-1,NULL,NULL,Variable,NULL
NULL,NULL,190,16,3618,-1.0,-1,-1,NULL,NULL,Variable,NULL
NULL,NULL,190,17,3619,-1.0,-1,-1,NULL,NULL,Variable,NULL
NULL,NULL,190,18,3620,-1.0,-1,-1,NULL,NULL,Variable,NULL
NULL,NULL,190,19,3621,-1.0,-1,-1,NULL,NULL,Variable,NULL
NULL,NULL,190,20,3595,-1.0,-1,-1,NULL,NULL,Variable,NULL
NULL,NULL,190,21,3596,-1.0,-1,-1,NULL,NULL,Variable,NULL
NULL,NULL,190,22,3597,-1.0,-1,-1,NULL,NULL,Variable,NULL
NULL,NULL,190,23,3598,-1.0,-1,-1,NULL,NULL,Variable,NULL
NULL,NULL,190,24,3599,-1.0,-1,-1,NULL,NULL,Variable,NULL
NULL,NULL,190,25,3600,-1.0,-1,-1,NULL,NULL,Variable,NULL
NULL,NULL,190,26,3601,-1.0,-1,-1,NULL,NULL,Variable,NULL
NULL,NULL,190,27,3602,-1.0,-1,-1,NULL,NULL,Variable,NULL
NULL,NULL,190,28,3603,-1.0,-1,-1,NULL,NULL,Variable,NULL
NULL,NULL,190,29,3604,-1.0,-1,-1,NULL,NULL,Variable,NULL
NULL,NULL,190,30,3622,-1.0,-1,-1,NULL,NULL,Variable,NULL
NULL,NULL,190,31,3623,-1.0,-1,-1,NULL,NULL,Variable,NULL
NULL,NULL,190,32,3624,-1.0,-1,-1,NULL,NULL,Variable,NULL
NULL,NULL,190,33,3625,-1.0,-1,-1,NULL,NULL,Variable,NULL
NULL,NULL,190,34,3626,-1.0,-1,-1,NULL,NULL,Variable,NULL
NULL,NULL,190,35,3627,-1.0,-1,-1,NULL,NULL,Variable,NULL
NULL,NULL,190,36,3628,-1.0,-1,-1,NULL,NULL,Variable,NULL
NULL,NULL,190,37,3629,-1.0,-1,-1,NULL,NULL,Variable,NULL
NULL,NULL,190,38,3630,-1.0,-1,-1,NULL,NULL,Variable,NULL
NULL,NULL,190,39,3605,-1.0,-1,-1,NULL,NULL,Variable,NULL
NULL,NULL,191,-1000,-1000,21.0,NULL,NULL,NULL,NULL,NULL,NULL
NULL,NULL,191,-999,-999,21.0,NULL,NULL,NULL,NULL,NULL,NULL
NULL,NULL,191,-998,-998,10.5,NULL,NULL,NULL,NULL,NULL,NULL
NULL,NULL,191,-997,-997,10.5,NULL,NULL,NULL,NULL,NULL,NULL
NULL,NULL,191,0,0,-1.0,-1,-1,NULL,NULL,NULL,NULL
NULL,NULL,191,1,3693,-1.0,-1,-1,NULL,NULL,Variable,NULL
NULL,NULL,191,2,3671,-1.0,-1,-1,NULL,NULL,Variable,NULL
NULL,NULL,191,3,3684,-1.0,-1,-1,NULL,NULL,Variable,NULL
NULL,NULL,191,4,3685,-1.0,-1,-1,NULL,NULL,Variable,NULL
NULL,NULL,191,5,3686,-1.0,-1,-1,NULL,NULL,Variable,NULL
NULL,NULL,191,6,3687,-1.0,-1,-1,NULL,NULL,Variable,NULL
NULL,NULL,191,7,3688,-1.0,-1,-1,NULL,NULL,Variable,NULL
NULL,NULL,191,8,3689,-1.0,-1,-1,NULL,NULL,Variable,NULL
NULL,NULL,191,9,3690,-1.0,-1,-1,NULL,NULL,Variable,NULL
NULL,NULL,191,10,3691,-1.0,-1,-1,NULL,NULL,Variable,NULL
NULL,NULL,191,11,3672,-1.0,-1,-1,NULL,NULL,Variable,NULL
NULL,NULL,191,12,3692,-1.0,-1,-1,NULL,NULL,Variable,NULL
NULL,NULL,191,13,3670,-1.0,-1,-1,NULL,NULL,Variable,NULL
NULL,NULL,191,14,3694,-1.0,-1,-1,NULL,NULL,Variable,NULL
NULL,NULL,191,15,3695,-1.0,-1,-1,NULL,NULL,Variable,NULL
NULL,NULL,191,16,3696,-1.0,-1,-1,NULL,NULL,Variable,NULL
NULL,NULL,191,17,3697,-1.0,-1,-1,NULL,NULL,Variable,NULL
NULL,NULL,191,18,3698,-1.0,-1,-1,NULL,NULL,Variable,NULL
NULL,NULL,191,19,3699,-1.0,-1,-1,NULL,NULL,Variable,NULL
NULL,NULL,191,20,3673,-1.0,-1,-1,NULL,NULL,Variable,NULL
NULL,NULL,191,21,3674,-1.0,-1,-1,NULL,NULL,Variable,NULL
NULL,NULL,191,22,3675,-1.0,-1,-1,NULL,NULL,Variable,NULL
NULL,NULL,191,23,3676,-1.0,-1,-1,NULL,NULL,Variable,NULL
NULL,NULL,191,24,3677,-1.0,-1,-1,NULL,NULL,Variable,NULL
NULL,NULL,191,25,3678,-1.0,-1,-1,NULL,NULL,Variable,NULL
NULL,NULL,191,26,3679,-1.0,-1,-1,NULL,NULL,Variable,NULL
NULL,NULL,191,27,3680,-1.0,-1,-1,NULL,NULL,Variable,NULL
NULL,NULL,191,28,3681,-1.0,-1,-1,NULL,NULL,Variable,NULL
NULL,NULL,191,29,3682,-1.0,-1,-1,NULL,NULL,Variable,NULL
NULL,NULL,191,30,3700,-1.0,-1,-1,NULL,NULL,Variable,NULL
NULL,NULL,191,31,3701,-1.0,-1,-1,NULL,NULL,Variable,NULL
NULL,NULL,191,32,3702,-1.0,-1,-1,NULL,NULL,Variable,NULL
NULL,NULL,191,33,3703,-1.0,-1,-1,NULL,NULL,Variable,NULL
NULL,NULL,191,34,3704,-1.0,-1,-1,NULL,NULL,Variable,NULL
NULL,NULL,191,35,3705,-1.0,-1,-1,NULL,NULL,Variable,NULL
NULL,NULL,191,36,3706,-1.0,-1,-1,NULL,NULL,Variable,NULL
NULL,NULL,191,37,3707,-1.0,-1,-1,NULL,NULL,Variable,NULL
NULL,NULL,191,38,3708,-1.0,-1,-1,NULL,NULL,Variable,NULL
NULL,NULL,191,39,3683,-1.0,-1,-1,NULL,NULL,Variable,NULL
NULL,NULL,192,-1000,-1000,21.0,NULL,NULL,NULL,NULL,NULL,NULL
NULL,NULL,192,-999,-999,21.0,NULL,NULL,NULL,NULL,NULL,NULL
NULL,NULL,192,-998,-998,10.5,NULL,NULL,NULL,NULL,NULL,NULL
NULL,NULL,192,-997,-997,10.5,NULL,NULL,NULL,NULL,NULL,NULL
NULL,NULL,192,0,0,-1.0,-1,-1,NULL,NULL,NULL,NULL
NULL,NULL,192,1,3749,-1.0,-1,-1,NULL,NULL,Variable,NULL
NULL,NULL,192,2,3750,-1.0,-1,-1,NULL,NULL,Variable,NULL
NULL,NULL,192,3,3748,-1.0,-1,-1,NULL,NULL,Variable,NULL
NULL,NULL,192,4,3751,-1.0,-1,-1,NULL,NULL,Variable,NULL
NULL,NULL,192,5,3752,-1.0,-1,-1,NULL,NULL,Variable,NULL
NULL,NULL,192,6,3753,-1.0,-1,-1,NULL,NULL,Variable,NULL
NULL,NULL,192,7,3754,-1.0,-1,-1,NULL,NULL,Variable,NULL
NULL,NULL,192,8,3755,-1.0,-1,-1,NULL,NULL,Variable,NULL
NULL,NULL,192,9,3756,-1.0,-1,-1,NULL,NULL,Variable,NULL
NULL,NULL,192,10,3757,-1.0,-1,-1,NULL,NULL,Variable,NULL
NULL,NULL,192,11,3758,-1.0,-1,-1,NULL,NULL,Variable,NULL
NULL,NULL,192,12,3759,-1.0,-1,-1,NULL,NULL,Variable,NULL
NULL,NULL,192,13,3760,-1.0,-1,-1,NULL,NULL,Variable,NULL
NULL,NULL,192,14,3761,-1.0,-1,-1,NULL,NULL,Variable,NULL
NULL,NULL,193,-1000,-1000,21.0,NULL,NULL,NULL,NULL,NULL,NULL
NULL,NULL,193,-999,-999,21.0,NULL,NULL,NULL,NULL,NULL,NULL
NULL,NULL,193,-998,-998,10.5,NULL,NULL,NULL,NULL,NULL,NULL
NULL,NULL,193,-997,-997,10.5,NULL,NULL,NULL,NULL,NULL,NULL
NULL,NULL,193,0,0,-1.0,-1,-1,NULL,NULL,NULL,NULL
NULL,NULL,193,1,3802,-1.0,-1,-1,NULL,NULL,Variable,NULL
NULL,NULL,193,2,3803,-1.0,-1,-1,NULL,NULL,Variable,NULL
NULL,NULL,193,3,3801,-1.0,-1,-1,NULL,NULL,Variable,NULL
NULL,NULL,193,4,3804,-1.0,-1,-1,NULL,NULL,Variable,NULL
NULL,NULL,193,5,3805,-1.0,-1,-1,NULL,NULL,Variable,NULL
NULL,NULL,193,6,3806,-1.0,-1,-1,NULL,NULL,Variable,NULL
NULL,NULL,193,7,3807,-1.0,-1,-1,NULL,NULL,Variable,NULL
NULL,NULL,193,8,3808,-1.0,-1,-1,NULL,NULL,Variable,NULL
NULL,NULL,193,9,3809,-1.0,-1,-1,NULL,NULL,Variable,NULL
NULL,NULL,193,10,3810,-1.0,-1,-1,NULL,NULL,Variable,NULL
NULL,NULL,193,11,3811,-1.0,-1,-1,NULL,NULL,Variable,NULL
NULL,NULL,193,12,3812,-1.0,-1,-1,NULL,NULL,Variable,NULL
NULL,NULL,193,13,3813,-1.0,-1,-1,NULL,NULL,Variable,NULL
NULL,NULL,193,14,3814,-1.0,-1,-1,NULL,NULL,Variable,NULL
NULL,NULL,194,-1000,-1000,21.0,NULL,NULL,NULL,NULL,NULL,NULL
NULL,NULL,194,-999,-999,21.0,NULL,NULL,NULL,NULL,NULL,NULL
NULL,NULL,194,-998,-998,10.5,NULL,NULL,NULL,NULL,NULL,NULL
NULL,NULL,194,-997,-997,10.5,NULL,NULL,NULL,NULL,NULL,NULL
NULL,NULL,194,0,0,-1.0,-1,-1,NULL,NULL,NULL,NULL
NULL,NULL,194,1,3855,-1.0,-1,-1,NULL,NULL,Variable,NULL
NULL,NULL,194,2,3856,-1.0,-1,-1,NULL,NULL,Variable,NULL
NULL,NULL,194,3,3854,-1.0,-1,-1,NULL,NULL,Variable,NULL
NULL,NULL,194,4,3857,-1.0,-1,-1,NULL,NULL,Variable,NULL
NULL,NULL,194,5,3858,-1.0,-1,-1,NULL,NULL,Variable,NULL
NULL,NULL,194,6,3859,-1.0,-1,-1,NULL,NULL,Variable,NULL
NULL,NULL,194,7,3860,-1.0,-1,-1,NULL,NULL,Variable,NULL
NULL,NULL,194,8,3861,-1.0,-1,-1,NULL,NULL,Variable,NULL
NULL,NULL,194,9,3862,-1.0,-1,-1,NULL,NULL,Variable,NULL
NULL,NULL,194,10,3863,-1.0,-1,-1,NULL,NULL,Variable,NULL
NULL,NULL,194,11,3864,-1.0,-1,-1,NULL,NULL,Variable,NULL
NULL,NULL,194,12,3865,-1.0,-1,-1,NULL,NULL,Variable,NULL
NULL,NULL,194,13,3866,-1.0,-1,-1,NULL,NULL,Variable,NULL
NULL,NULL,194,14,3867,-1.0,-1,-1,NULL,NULL,Variable,NULL
NULL,NULL,195,-1000,-1000,21.0,NULL,NULL,NULL,NULL,NULL,NULL
NULL,NULL,195,-999,-999,21.0,NULL,NULL,NULL,NULL,NULL,NULL
NULL,NULL,195,-998,-998,10.5,NULL,NULL,NULL,NULL,NULL,NULL
NULL,NULL,195,-997,-997,10.5,NULL,NULL,NULL,NULL,NULL,NULL
NULL,NULL,195,0,0,-1.0,-1,-1,NULL,NULL,NULL,NULL
NULL,NULL,195,1,3908,-1.0,-1,-1,NULL,NULL,Variable,NULL
NULL,NULL,195,2,3909,-1.0,-1,-1,NULL,NULL,Variable,NULL
NULL,NULL,195,3,3907,-1.0,-1,-1,NULL,NULL,Variable,NULL
NULL,NULL,195,4,3910,-1.0,-1,-1,NULL,NULL,Variable,NULL
NULL,NULL,195,5,3911,-1.0,-1,-1,NULL,NULL,Variable,NULL
NULL,NULL,195,6,3912,-1.0,-1,-1,NULL,NULL,Variable,NULL
NULL,NULL,195,7,3913,-1.0,-1,-1,NULL,NULL,Variable,NULL
NULL,NULL,195,8,3914,-1.0,-1,-1,NULL,NULL,Variable,NULL
NULL,NULL,195,9,3915,-1.0,-1,-1,NULL,NULL,Variable,NULL
NULL,NULL,195,10,3916,-1.0,-1,-1,NULL,NULL,Variable,NULL
NULL,NULL,195,11,3917,-1.0,-1,-1,NULL,NULL,Variable,NULL
NULL,NULL,195,12,3918,-1.0,-1,-1,NULL,NULL,Variable,NULL
NULL,NULL,195,13,3919,-1.0,-1,-1,NULL,NULL,Variable,NULL
NULL,NULL,195,14,3920,-1.0,-1,-1,NULL,NULL,Variable,NULL
NULL,NULL,196,-1000,-1000,21.0,NULL,NULL,NULL,NULL,NULL,NULL
NULL,NULL,196,-999,-999,21.0,NULL,NULL,NULL,NULL,NULL,NULL
NULL,NULL,196,-998,-998,10.5,NULL,NULL,NULL,NULL,NULL,NULL
NULL,NULL,196,-997,-997,10.5,NULL,NULL,NULL,NULL,NULL,NULL
NULL,NULL,196,0,0,-1.0,-1,-1,NULL,NULL,NULL,NULL
NULL,NULL,196,1,3961,-1.0,-1,-1,NULL,NULL,Variable,NULL
NULL,NULL,196,2,3962,-1.0,-1,-1,NULL,NULL,Variable,NULL
NULL,NULL,196,3,3960,-1.0,-1,-1,NULL,NULL,Variable,NULL
NULL,NULL,196,4,3963,-1.0,-1,-1,NULL,NULL,Variable,NULL
NULL,NULL,196,5,3964,-1.0,-1,-1,NULL,NULL,Variable,NULL
NULL,NULL,196,6,3965,-1.0,-1,-1,NULL,NULL,Variable,NULL
NULL,NULL,196,7,3966,-1.0,-1,-1,NULL,NULL,Variable,NULL
NULL,NULL,196,8,3967,-1.0,-1,-1,NULL,NULL,Variable,NULL
NULL,NULL,196,9,3968,-1.0,-1,-1,NULL,NULL,Variable,NULL
NULL,NULL,196,10,3969,-1.0,-1,-1,NULL,NULL,Variable,NULL
NULL,NULL,196,11,3970,-1.0,-1,-1,NULL,NULL,Variable,NULL
NULL,NULL,196,12,3971,-1.0,-1,-1,NULL,NULL,Variable,NULL
NULL,NULL,196,13,3972,-1.0,-1,-1,NULL,NULL,Variable,NULL
NULL,NULL,196,14,3973,-1.0,-1,-1,NULL,NULL,Variable,NULL
NULL,NULL,197,-1000,-1000,21.0,NULL,NULL,NULL,NULL,NULL,NULL
NULL,NULL,197,-999,-999,21.0,NULL,NULL,NULL,NULL,NULL,NULL
NULL,NULL,197,-998,-998,10.5,NULL,NULL,NULL,NULL,NULL,NULL
NULL,NULL,197,-997,-997,10.5,NULL,NULL,NULL,NULL,NULL,NULL
NULL,NULL,197,0,0,-1.0,-1,-1,NULL,NULL,NULL,NULL
NULL,NULL,197,1,4008,-1.0,-1,-1,NULL,NULL,Variable,NULL
NULL,NULL,198,-1000,-1000,21.0,NULL,NULL,NULL,NULL,NULL,NULL
NULL,NULL,198,-999,-999,21.0,NULL,NULL,NULL,NULL,NULL,NULL
NULL,NULL,198,-998,-998,10.5,NULL,NULL,NULL,NULL,NULL,NULL
NULL,NULL,198,-997,-997,10.5,NULL,NULL,NULL,NULL,NULL,NULL
NULL,NULL,198,0,0,-1.0,-1,-1,NULL,NULL,NULL,NULL
NULL,NULL,198,1,4064,-1.0,-1,-1,NULL,NULL,Variable,NULL
NULL,NULL,198,2,4065,-1.0,-1,-1,NULL,NULL,Variable,NULL
NULL,NULL,199,-1000,-1000,21.0,NULL,NULL,NULL,NULL,NULL,NULL
NULL,NULL,199,-999,-999,21.0,NULL,NULL,NULL,NULL,NULL,NULL
NULL,NULL,199,-998,-998,10.5,NULL,NULL,NULL,NULL,NULL,NULL
NULL,NULL,199,-997,-997,10.5,NULL,NULL,NULL,NULL,NULL,NULL
NULL,NULL,199,0,0,-1.0,-1,-1,NULL,NULL,NULL,NULL
NULL,NULL,199,1,4083,-1.0,-1,-1,NULL,NULL,Variable,NULL
NULL,NULL,199,2,4084,-1.0,-1,-1,NULL,NULL,Variable,NULL
NULL,NULL,200,-1000,-1000,21.0,NULL,NULL,NULL,NULL,NULL,NULL
NULL,NULL,200,-999,-999,21.0,NULL,NULL,NULL,NULL,NULL,NULL
NULL,NULL,200,-998,-998,10.5,NULL,NULL,NULL,NULL,NULL,NULL
NULL,NULL,200,-997,-997,10.5,NULL,NULL,NULL,NULL,NULL,NULL
NULL,NULL,200,0,0,-1.0,-1,-1,NULL,NULL,NULL,NULL
NULL,NULL,200,1,4128,-1.0,-1,-1,NULL,NULL,Variable,NULL
NULL,NULL,200,2,4129,-1.0,-1,-1,NULL,NULL,Variable,NULL
NULL,NULL,200,3,4130,-1.0,-1,-1,NULL,NULL,Variable,NULL
NULL,NULL,200,4,4127,-1.0,-1,-1,NULL,NULL,Variable,NULL
NULL,NULL,200,5,4131,-1.0,-1,-1,NULL,NULL,Variable,NULL
NULL,NULL,200,6,4132,-1.0,-1,-1,NULL,NULL,Variable,NULL
NULL,NULL,200,7,4133,-1.0,-1,-1,NULL,NULL,Variable,NULL
NULL,NULL,200,8,4134,-1.0,-1,-1,NULL,NULL,Variable,NULL
NULL,NULL,200,9,4135,-1.0,-1,-1,NULL,NULL,Variable,NULL
NULL,NULL,200,10,4136,-1.0,-1,-1,NULL,NULL,Variable,NULL
NULL,NULL,200,11,4137,-1.0,-1,-1,NULL,NULL,Variable,NULL
NULL,NULL,200,12,4138,-1.0,-1,-1,NULL,NULL,Variable,NULL
NULL,NULL,200,13,4139,-1.0,-1,-1,NULL,NULL,Variable,NULL
NULL,NULL,200,14,4140,-1.0,-1,-1,NULL,NULL,Variable,NULL
NULL,NULL,199,3,4085,-1.0,-1,-1,NULL,NULL,Variable,NULL
NULL,NULL,199,4,4086,-1.0,-1,-1,NULL,NULL,Variable,NULL
NULL,NULL,199,5,4087,-1.0,-1,-1,NULL,NULL,Variable,NULL
NULL,NULL,201,-1000,-1000,21.0,NULL,NULL,NULL,NULL,NULL,NULL
NULL,NULL,201,-999,-999,21.0,NULL,NULL,NULL,NULL,NULL,NULL
NULL,NULL,201,-998,-998,10.5,NULL,NULL,NULL,NULL,NULL,NULL
NULL,NULL,201,-997,-997,10.5,NULL,NULL,NULL,NULL,NULL,NULL
NULL,NULL,201,0,0,-1.0,-1,-1,NULL,NULL,NULL,NULL
NULL,NULL,201,1,4158,-1.0,-1,-1,NULL,NULL,Variable,NULL
NULL,NULL,201,2,4159,-1.0,-1,-1,NULL,NULL,Variable,NULL
NULL,NULL,202,-1000,-1000,21.0,NULL,NULL,NULL,NULL,NULL,NULL
NULL,NULL,202,-999,-999,21.0,NULL,NULL,NULL,NULL,NULL,NULL
NULL,NULL,202,-998,-998,10.5,NULL,NULL,NULL,NULL,NULL,NULL
NULL,NULL,202,-997,-997,10.5,NULL,NULL,NULL,NULL,NULL,NULL
NULL,NULL,202,0,0,-1.0,-1,-1,NULL,NULL,NULL,NULL
NULL,NULL,202,1,4199,-1.0,-1,-1,NULL,NULL,Variable,NULL
NULL,NULL,202,2,4200,-1.0,-1,-1,NULL,NULL,Variable,NULL
NULL,NULL,202,3,4201,-1.0,-1,-1,NULL,NULL,Variable,NULL
NULL,NULL,202,4,4198,-1.0,-1,-1,NULL,NULL,Variable,NULL
NULL,NULL,202,5,4202,-1.0,-1,-1,NULL,NULL,Variable,NULL
NULL,NULL,202,6,4203,-1.0,-1,-1,NULL,NULL,Variable,NULL
NULL,NULL,202,7,4204,-1.0,-1,-1,NULL,NULL,Variable,NULL
NULL,NULL,202,8,4205,-1.0,-1,-1,NULL,NULL,Variable,NULL
NULL,NULL,202,9,4206,-1.0,-1,-1,NULL,NULL,Variable,NULL
NULL,NULL,202,10,4207,-1.0,-1,-1,NULL,NULL,Variable,NULL
NULL,NULL,202,11,4208,-1.0,-1,-1,NULL,NULL,Variable,NULL
NULL,NULL,202,12,4209,-1.0,-1,-1,NULL,NULL,Variable,NULL
NULL,NULL,202,13,4210,-1.0,-1,-1,NULL,NULL,Variable,NULL
NULL,NULL,202,14,4211,-1.0,-1,-1,NULL,NULL,Variable,NULL
NULL,NULL,203,-1000,-1000,21.0,NULL,NULL,NULL,NULL,NULL,NULL
NULL,NULL,203,-999,-999,21.0,NULL,NULL,NULL,NULL,NULL,NULL
NULL,NULL,203,-998,-998,10.5,NULL,NULL,NULL,NULL,NULL,NULL
NULL,NULL,203,-997,-997,10.5,NULL,NULL,NULL,NULL,NULL,NULL
NULL,NULL,203,0,0,-1.0,-1,-1,NULL,NULL,NULL,NULL
NULL,NULL,203,1,4251,-1.0,-1,-1,NULL,NULL,Variable,NULL
NULL,NULL,203,2,4252,-1.0,-1,-1,NULL,NULL,Variable,NULL
NULL,NULL,203,3,4253,-1.0,-1,-1,NULL,NULL,Variable,NULL
NULL,NULL,203,4,4250,-1.0,-1,-1,NULL,NULL,Variable,NULL
NULL,NULL,203,5,4254,-1.0,-1,-1,NULL,NULL,Variable,NULL
NULL,NULL,203,6,4255,-1.0,-1,-1,NULL,NULL,Variable,NULL
NULL,NULL,203,7,4256,-1.0,-1,-1,NULL,NULL,Variable,NULL
NULL,NULL,203,8,4257,-1.0,-1,-1,NULL,NULL,Variable,NULL
NULL,NULL,203,9,4258,-1.0,-1,-1,NULL,NULL,Variable,NULL
NULL,NULL,203,10,4259,-1.0,-1,-1,NULL,NULL,Variable,NULL
NULL,NULL,203,11,4260,-1.0,-1,-1,NULL,NULL,Variable,NULL
NULL,NULL,203,12,4261,-1.0,-1,-1,NULL,NULL,Variable,NULL
NULL,NULL,203,13,4262,-1.0,-1,-1,NULL,NULL,Variable,NULL
NULL,NULL,203,14,4263,-1.0,-1,-1,NULL,NULL,Variable,NULL
NULL,NULL,204,-1000,-1000,21.0,NULL,NULL,NULL,NULL,NULL,NULL
NULL,NULL,204,-999,-999,21.0,NULL,NULL,NULL,NULL,NULL,NULL
NULL,NULL,204,-998,-998,10.5,NULL,NULL,NULL,NULL,NULL,NULL
NULL,NULL,204,-997,-997,10.5,NULL,NULL,NULL,NULL,NULL,NULL
NULL,NULL,204,0,0,-1.0,-1,-1,NULL,NULL,NULL,NULL
NULL,NULL,204,1,4304,-1.0,-1,-1,NULL,NULL,Variable,NULL
NULL,NULL,204,2,4305,-1.0,-1,-1,NULL,NULL,Variable,NULL
NULL,NULL,204,3,4306,-1.0,-1,-1,NULL,NULL,Variable,NULL
NULL,NULL,204,4,4303,-1.0,-1,-1,NULL,NULL,Variable,NULL
NULL,NULL,204,5,4307,-1.0,-1,-1,NULL,NULL,Variable,NULL
NULL,NULL,204,6,4308,-1.0,-1,-1,NULL,NULL,Variable,NULL
NULL,NULL,204,7,4309,-1.0,-1,-1,NULL,NULL,Variable,NULL
NULL,NULL,204,8,4310,-1.0,-1,-1,NULL,NULL,Variable,NULL
NULL,NULL,204,9,4311,-1.0,-1,-1,NULL,NULL,Variable,NULL
NULL,NULL,204,10,4312,-1.0,-1,-1,NULL,NULL,Variable,NULL
NULL,NULL,204,11,4313,-1.0,-1,-1,NULL,NULL,Variable,NULL
NULL,NULL,204,12,4314,-1.0,-1,-1,NULL,NULL,Variable,NULL
NULL,NULL,204,13,4315,-1.0,-1,-1,NULL,NULL,Variable,NULL
NULL,NULL,204,14,4316,-1.0,-1,-1,NULL,NULL,Variable,NULL
NULL,NULL,205,-1000,-1000,21.0,NULL,NULL,NULL,NULL,NULL,NULL
NULL,NULL,205,-999,-999,21.0,NULL,NULL,NULL,NULL,NULL,NULL
NULL,NULL,205,-998,-998,10.5,NULL,NULL,NULL,NULL,NULL,NULL
NULL,NULL,205,-997,-997,10.5,NULL,NULL,NULL,NULL,NULL,NULL
NULL,NULL,205,0,0,-1.0,-1,-1,NULL,NULL,NULL,NULL
NULL,NULL,205,1,4356,-1.0,-1,-1,NULL,NULL,Variable,NULL
NULL,NULL,205,2,4357,-1.0,-1,-1,NULL,NULL,Variable,NULL
NULL,NULL,205,3,4358,-1.0,-1,-1,NULL,NULL,Variable,NULL
NULL,NULL,205,4,4355,-1.0,-1,-1,NULL,NULL,Variable,NULL
NULL,NULL,205,5,4359,-1.0,-1,-1,NULL,NULL,Variable,NULL
NULL,NULL,205,6,4360,-1.0,-1,-1,NULL,NULL,Variable,NULL
NULL,NULL,205,7,4361,-1.0,-1,-1,NULL,NULL,Variable,NULL
NULL,NULL,205,8,4362,-1.0,-1,-1,NULL,NULL,Variable,NULL
NULL,NULL,205,9,4363,-1.0,-1,-1,NULL,NULL,Variable,NULL
NULL,NULL,205,10,4364,-1.0,-1,-1,NULL,NULL,Variable,NULL
NULL,NULL,205,11,4365,-1.0,-1,-1,NULL,NULL,Variable,NULL
NULL,NULL,205,12,4366,-1.0,-1,-1,NULL,NULL,Variable,NULL
NULL,NULL,205,13,4367,-1.0,-1,-1,NULL,NULL,Variable,NULL
NULL,NULL,205,14,4368,-1.0,-1,-1,NULL,NULL,Variable,NULL
NULL,NULL,206,-1000,-1000,21.0,NULL,NULL,NULL,NULL,NULL,NULL
NULL,NULL,206,-999,-999,21.0,NULL,NULL,NULL,NULL,NULL,NULL
NULL,NULL,206,-998,-998,10.5,NULL,NULL,NULL,NULL,NULL,NULL
NULL,NULL,206,-997,-997,10.5,NULL,NULL,NULL,NULL,NULL,NULL
NULL,NULL,206,0,0,-1.0,-1,-1,NULL,NULL,NULL,NULL
NULL,NULL,206,1,4409,-1.0,-1,-1,NULL,NULL,Variable,NULL
NULL,NULL,206,2,4410,-1.0,-1,-1,NULL,NULL,Variable,NULL
NULL,NULL,206,3,4411,-1.0,-1,-1,NULL,NULL,Variable,NULL
NULL,NULL,206,4,4408,-1.0,-1,-1,NULL,NULL,Variable,NULL
NULL,NULL,206,5,4412,-1.0,-1,-1,NULL,NULL,Variable,NULL
NULL,NULL,206,6,4413,-1.0,-1,-1,NULL,NULL,Variable,NULL
NULL,NULL,206,7,4414,-1.0,-1,-1,NULL,NULL,Variable,NULL
NULL,NULL,206,8,4415,-1.0,-1,-1,NULL,NULL,Variable,NULL
NULL,NULL,206,9,4416,-1.0,-1,-1,NULL,NULL,Variable,NULL
NULL,NULL,206,10,4417,-1.0,-1,-1,NULL,NULL,Variable,NULL
NULL,NULL,206,11,4418,-1.0,-1,-1,NULL,NULL,Variable,NULL
NULL,NULL,206,12,4419,-1.0,-1,-1,NULL,NULL,Variable,NULL
NULL,NULL,206,13,4420,-1.0,-1,-1,NULL,NULL,Variable,NULL
NULL,NULL,206,14,4421,-1.0,-1,-1,NULL,NULL,Variable,NULL
NULL,NULL,207,-1000,-1000,21.0,NULL,NULL,NULL,NULL,NULL,NULL
NULL,NULL,207,-999,-999,21.0,NULL,NULL,NULL,NULL,NULL,NULL
NULL,NULL,207,-998,-998,10.5,NULL,NULL,NULL,NULL,NULL,NULL
NULL,NULL,207,-997,-997,10.5,NULL,NULL,NULL,NULL,NULL,NULL
NULL,NULL,207,0,0,-1.0,-1,-1,NULL,NULL,NULL,NULL
NULL,NULL,207,1,4462,-1.0,-1,-1,NULL,NULL,Variable,NULL
NULL,NULL,207,2,4463,-1.0,-1,-1,NULL,NULL,Variable,NULL
NULL,NULL,207,3,4464,-1.0,-1,-1,NULL,NULL,Variable,NULL
NULL,NULL,207,4,4461,-1.0,-1,-1,NULL,NULL,Variable,NULL
NULL,NULL,207,5,4465,-1.0,-1,-1,NULL,NULL,Variable,NULL
NULL,NULL,207,6,4466,-1.0,-1,-1,NULL,NULL,Variable,NULL
NULL,NULL,207,7,4467,-1.0,-1,-1,NULL,NULL,Variable,NULL
NULL,NULL,207,8,4468,-1.0,-1,-1,NULL,NULL,Variable,NULL
NULL,NULL,207,9,4469,-1.0,-1,-1,NULL,NULL,Variable,NULL
NULL,NULL,207,10,4470,-1.0,-1,-1,NULL,NULL,Variable,NULL
NULL,NULL,207,11,4471,-1.0,-1,-1,NULL,NULL,Variable,NULL
NULL,NULL,207,12,4472,-1.0,-1,-1,NULL,NULL,Variable,NULL
NULL,NULL,207,13,4473,-1.0,-1,-1,NULL,NULL,Variable,NULL
NULL,NULL,207,14,4474,-1.0,-1,-1,NULL,NULL,Variable,NULL
NULL,NULL,208,-1000,-1000,21.0,NULL,NULL,NULL,NULL,NULL,NULL
NULL,NULL,208,-999,-999,21.0,NULL,NULL,NULL,NULL,NULL,NULL
NULL,NULL,208,-998,-998,10.5,NULL,NULL,NULL,NULL,NULL,NULL
NULL,NULL,208,-997,-997,10.5,NULL,NULL,NULL,NULL,NULL,NULL
NULL,NULL,208,0,0,-1.0,-1,-1,NULL,NULL,NULL,NULL
NULL,NULL,208,1,4505,-1.0,-1,-1,NULL,NULL,Variable,NULL
NULL,NULL,209,-1000,-1000,21.0,NULL,NULL,NULL,NULL,NULL,NULL
NULL,NULL,209,-999,-999,21.0,NULL,NULL,NULL,NULL,NULL,NULL
NULL,NULL,209,-998,-998,10.5,NULL,NULL,NULL,NULL,NULL,NULL
NULL,NULL,209,-997,-997,10.5,NULL,NULL,NULL,NULL,NULL,NULL
NULL,NULL,209,0,0,-1.0,-1,-1,NULL,NULL,NULL,NULL
NULL,NULL,209,1,4842,-1.0,-1,-1,NULL,NULL,Variable,NULL
NULL,NULL,210,-1000,-1000,21.0,NULL,NULL,NULL,NULL,NULL,NULL
NULL,NULL,210,-999,-999,21.0,NULL,NULL,NULL,NULL,NULL,NULL
NULL,NULL,210,-998,-998,10.5,NULL,NULL,NULL,NULL,NULL,NULL
NULL,NULL,210,-997,-997,10.5,NULL,NULL,NULL,NULL,NULL,NULL
NULL,NULL,210,0,0,-1.0,-1,-1,NULL,NULL,NULL,NULL
NULL,NULL,210,1,4912,-1.0,-1,-1,NULL,NULL,Variable,NULL
NULL,NULL,211,-1000,-1000,21.0,NULL,NULL,NULL,NULL,NULL,NULL
NULL,NULL,211,-999,-999,21.0,NULL,NULL,NULL,NULL,NULL,NULL
NULL,NULL,211,-998,-998,10.5,NULL,NULL,NULL,NULL,NULL,NULL
NULL,NULL,211,-997,-997,10.5,NULL,NULL,NULL,NULL,NULL,NULL
NULL,NULL,211,0,0,-1.0,-1,-1,NULL,NULL,NULL,NULL
NULL,NULL,211,1,4970,-1.0,-1,-1,NULL,NULL,Variable,NULL
NULL,NULL,212,-1000,-1000,21.0,NULL,NULL,NULL,NULL,NULL,NULL
NULL,NULL,212,-999,-999,21.0,NULL,NULL,NULL,NULL,NULL,NULL
NULL,NULL,212,-998,-998,10.5,NULL,NULL,NULL,NULL,NULL,NULL
NULL,NULL,212,-997,-997,10.5,NULL,NULL,NULL,NULL,NULL,NULL
NULL,NULL,212,0,0,-1.0,-1,-1,NULL,NULL,NULL,NULL
NULL,NULL,212,1,5041,-1.0,-1,-1,NULL,NULL,Variable,NULL
NULL,NULL,213,-1000,-1000,21.0,NULL,NULL,NULL,NULL,NULL,NULL
NULL,NULL,213,-999,-999,21.0,NULL,NULL,NULL,NULL,NULL,NULL
NULL,NULL,213,-998,-998,10.5,NULL,NULL,NULL,NULL,NULL,NULL
NULL,NULL,213,-997,-997,10.5,NULL,NULL,NULL,NULL,NULL,NULL
NULL,NULL,213,0,0,-1.0,-1,-1,NULL,NULL,NULL,NULL
NULL,NULL,213,1,5107,-1.0,-1,-1,NULL,NULL,Variable,NULL
NULL,NULL,214,-1000,-1000,21.0,NULL,NULL,NULL,NULL,NULL,NULL
NULL,NULL,214,-999,-999,21.0,NULL,NULL,NULL,NULL,NULL,NULL
NULL,NULL,214,-998,-998,10.5,NULL,NULL,NULL,NULL,NULL,NULL
NULL,NULL,214,-997,-997,10.5,NULL,NULL,NULL,NULL,NULL,NULL
NULL,NULL,214,0,0,-1.0,-1,-1,NULL,NULL,NULL,NULL
NULL,NULL,214,1,5156,-1.0,-1,-1,NULL,NULL,Variable,NULL
NULL,NULL,215,-1000,-1000,21.0,NULL,NULL,NULL,NULL,NULL,NULL
NULL,NULL,215,-999,-999,21.0,NULL,NULL,NULL,NULL,NULL,NULL
NULL,NULL,215,-998,-998,10.5,NULL,NULL,NULL,NULL,NULL,NULL
NULL,NULL,215,-997,-997,10.5,NULL,NULL,NULL,NULL,NULL,NULL
NULL,NULL,215,0,0,-1.0,-1,-1,NULL,NULL,NULL,NULL
NULL,NULL,215,1,5254,-1.0,-1,-1,NULL,NULL,Variable,NULL
NULL,NULL,216,-1000,-1000,21.0,NULL,NULL,NULL,NULL,NULL,NULL
NULL,NULL,216,-999,-999,21.0,NULL,NULL,NULL,NULL,NULL,NULL
NULL,NULL,216,-998,-998,10.5,NULL,NULL,NULL,NULL,NULL,NULL
NULL,NULL,216,-997,-997,10.5,NULL,NULL,NULL,NULL,NULL,NULL
NULL,NULL,216,0,0,-1.0,-1,-1,NULL,NULL,NULL,NULL
NULL,NULL,216,1,5357,-1.0,-1,-1,NULL,NULL,Variable,NULL
NULL,NULL,217,-1000,-1000,21.0,NULL,NULL,NULL,NULL,NULL,NULL
NULL,NULL,217,-999,-999,21.0,NULL,NULL,NULL,NULL,NULL,NULL
NULL,NULL,217,-998,-998,10.5,NULL,NULL,NULL,NULL,NULL,NULL
NULL,NULL,217,-997,-997,10.5,NULL,NULL,NULL,NULL,NULL,NULL
NULL,NULL,217,0,0,-1.0,-1,-1,NULL,NULL,NULL,NULL
NULL,NULL,217,1,5392,-1.0,-1,-1,NULL,NULL,Variable,NULL
NULL,NULL,218,-1000,-1000,21.0,NULL,NULL,NULL,NULL,NULL,NULL
NULL,NULL,218,-999,-999,21.0,NULL,NULL,NULL,NULL,NULL,NULL
NULL,NULL,218,-998,-998,10.5,NULL,NULL,NULL,NULL,NULL,NULL
NULL,NULL,218,-997,-997,10.5,NULL,NULL,NULL,NULL,NULL,NULL
NULL,NULL,218,0,0,-1.0,-1,-1,NULL,NULL,NULL,NULL
NULL,NULL,218,1,5427,-1.0,-1,-1,NULL,NULL,Variable,NULL
NULL,NULL,219,-1000,-1000,21.0,NULL,NULL,NULL,NULL,NULL,NULL
NULL,NULL,219,-999,-999,21.0,NULL,NULL,NULL,NULL,NULL,NULL
NULL,NULL,219,-998,-998,10.5,NULL,NULL,NULL,NULL,NULL,NULL
NULL,NULL,219,-997,-997,10.5,NULL,NULL,NULL,NULL,NULL,NULL
NULL,NULL,219,0,0,-1.0,-1,-1,NULL,NULL,NULL,NULL
NULL,NULL,219,1,5505,-1.0,-1,-1,NULL,NULL,Variable,NULL
NULL,NULL,220,-1000,-1000,21.0,NULL,NULL,NULL,NULL,NULL,NULL
NULL,NULL,220,-999,-999,21.0,NULL,NULL,NULL,NULL,NULL,NULL
NULL,NULL,220,-998,-998,10.5,NULL,NULL,NULL,NULL,NULL,NULL
NULL,NULL,220,-997,-997,10.5,NULL,NULL,NULL,NULL,NULL,NULL
NULL,NULL,220,0,0,-1.0,-1,-1,NULL,NULL,NULL,NULL
NULL,NULL,220,1,5563,-1.0,-1,-1,NULL,NULL,Variable,NULL
NULL,NULL,108,25,2560,-1.0,-1,-1,NULL,NULL,Variable,NULL
NULL,NULL,221,-1000,-1000,21.0,NULL,NULL,NULL,NULL,NULL,NULL
NULL,NULL,221,-999,-999,21.0,NULL,NULL,NULL,NULL,NULL,NULL
NULL,NULL,221,-998,-998,10.5,NULL,NULL,NULL,NULL,NULL,NULL
NULL,NULL,221,-997,-997,10.5,NULL,NULL,NULL,NULL,NULL,NULL
NULL,NULL,221,0,0,-1.0,-1,-1,NULL,NULL,NULL,NULL
NULL,NULL,221,1,1220,-1.0,-1,-1,NULL,NULL,Variable,NULL
NULL,NULL,221,2,1218,-1.0,-1,-1,NULL,NULL,Variable,NULL
NULL,NULL,221,3,1217,-1.0,-1,-1,NULL,NULL,Variable,NULL
NULL,NULL,221,4,1216,-1.0,-1,-1,NULL,NULL,Variable,NULL
NULL,NULL,221,5,1215,-1.0,-1,-1,NULL,NULL,Variable,NULL
NULL,NULL,221,6,1212,-1.0,-1,-1,NULL,NULL,Variable,NULL
NULL,NULL,221,7,1201,-1.0,-1,-1,NULL,NULL,Variable,NULL
NULL,NULL,222,-1000,-1000,21.0,NULL,NULL,NULL,NULL,NULL,NULL
NULL,NULL,222,-999,-999,21.0,NULL,NULL,NULL,NULL,NULL,NULL
NULL,NULL,222,-998,-998,10.5,NULL,NULL,NULL,NULL,NULL,NULL
NULL,NULL,222,-997,-997,10.5,NULL,NULL,NULL,NULL,NULL,NULL
NULL,NULL,222,0,0,-1.0,-1,-1,NULL,NULL,NULL,NULL
NULL,NULL,222,1,1271,-1.0,-1,-1,NULL,NULL,Variable,NULL
NULL,NULL,222,2,1269,-1.0,-1,-1,NULL,NULL,Variable,NULL
NULL,NULL,222,3,1268,-1.0,-1,-1,NULL,NULL,Variable,NULL
NULL,NULL,222,4,1267,-1.0,-1,-1,NULL,NULL,Variable,NULL
NULL,NULL,222,5,1266,-1.0,-1,-1,NULL,NULL,Variable,NULL
NULL,NULL,222,6,1263,-1.0,-1,-1,NULL,NULL,Variable,NULL
NULL,NULL,222,7,1252,-1.0,-1,-1,NULL,NULL,Variable,NULL
NULL,NULL,223,-1000,-1000,21.0,NULL,NULL,NULL,NULL,NULL,NULL
NULL,NULL,223,-999,-999,21.0,NULL,NULL,NULL,NULL,NULL,NULL
NULL,NULL,223,-998,-998,10.5,NULL,NULL,NULL,NULL,NULL,NULL
NULL,NULL,223,-997,-997,10.5,NULL,NULL,NULL,NULL,NULL,NULL
NULL,NULL,223,0,0,-1.0,-1,-1,NULL,NULL,NULL,NULL
NULL,NULL,223,1,1313,-1.0,-1,-1,NULL,NULL,Variable,NULL
NULL,NULL,223,2,1311,-1.0,-1,-1,NULL,NULL,Variable,NULL
NULL,NULL,223,3,1310,-1.0,-1,-1,NULL,NULL,Variable,NULL
NULL,NULL,223,4,1309,-1.0,-1,-1,NULL,NULL,Variable,NULL
NULL,NULL,223,5,1308,-1.0,-1,-1,NULL,NULL,Variable,NULL
NULL,NULL,223,6,1305,-1.0,-1,-1,NULL,NULL,Variable,NULL
NULL,NULL,223,7,1294,-1.0,-1,-1,NULL,NULL,Variable,NULL
NULL,NULL,224,-1000,-1000,21.0,NULL,NULL,NULL,NULL,NULL,NULL
NULL,NULL,224,-999,-999,21.0,NULL,NULL,NULL,NULL,NULL,NULL
NULL,NULL,224,-998,-998,10.5,NULL,NULL,NULL,NULL,NULL,NULL
NULL,NULL,224,-997,-997,10.5,NULL,NULL,NULL,NULL,NULL,NULL
NULL,NULL,224,0,0,-1.0,-1,-1,NULL,NULL,NULL,NULL
NULL,NULL,224,1,1360,-1.0,-1,-1,NULL,NULL,Variable,NULL
NULL,NULL,224,2,1358,-1.0,-1,-1,NULL,NULL,Variable,NULL
NULL,NULL,224,3,1357,-1.0,-1,-1,NULL,NULL,Variable,NULL
NULL,NULL,224,4,1356,-1.0,-1,-1,NULL,NULL,Variable,NULL
NULL,NULL,224,5,1355,-1.0,-1,-1,NULL,NULL,Variable,NULL
NULL,NULL,224,6,1352,-1.0,-1,-1,NULL,NULL,Variable,NULL
NULL,NULL,224,7,1341,-1.0,-1,-1,NULL,NULL,Variable,NULL
NULL,NULL,225,-1000,-1000,21.0,NULL,NULL,NULL,NULL,NULL,NULL
NULL,NULL,225,-999,-999,21.0,NULL,NULL,NULL,NULL,NULL,NULL
NULL,NULL,225,-998,-998,10.5,NULL,NULL,NULL,NULL,NULL,NULL
NULL,NULL,225,-997,-997,10.5,NULL,NULL,NULL,NULL,NULL,NULL
NULL,NULL,225,0,0,-1.0,-1,-1,NULL,NULL,NULL,NULL
NULL,NULL,225,1,1411,-1.0,-1,-1,NULL,NULL,Variable,NULL
NULL,NULL,225,2,1409,-1.0,-1,-1,NULL,NULL,Variable,NULL
NULL,NULL,225,3,1408,-1.0,-1,-1,NULL,NULL,Variable,NULL
NULL,NULL,225,4,1407,-1.0,-1,-1,NULL,NULL,Variable,NULL
NULL,NULL,225,5,1406,-1.0,-1,-1,NULL,NULL,Variable,NULL
NULL,NULL,225,6,1403,-1.0,-1,-1,NULL,NULL,Variable,NULL
NULL,NULL,225,7,1392,-1.0,-1,-1,NULL,NULL,Variable,NULL
NULL,NULL,226,-1000,-1000,21.0,NULL,NULL,NULL,NULL,NULL,NULL
NULL,NULL,226,-999,-999,21.0,NULL,NULL,NULL,NULL,NULL,NULL
NULL,NULL,226,-998,-998,10.5,NULL,NULL,NULL,NULL,NULL,NULL
NULL,NULL,226,-997,-997,10.5,NULL,NULL,NULL,NULL,NULL,NULL
NULL,NULL,226,0,0,-1.0,-1,-1,NULL,NULL,NULL,NULL
NULL,NULL,226,1,1488,-1.0,-1,-1,NULL,NULL,Variable,NULL
NULL,NULL,226,2,1486,-1.0,-1,-1,NULL,NULL,Variable,NULL
NULL,NULL,226,3,1485,-1.0,-1,-1,NULL,NULL,Variable,NULL
NULL,NULL,226,4,1484,-1.0,-1,-1,NULL,NULL,Variable,NULL
NULL,NULL,226,5,1483,-1.0,-1,-1,NULL,NULL,Variable,NULL
NULL,NULL,226,6,1480,-1.0,-1,-1,NULL,NULL,Variable,NULL
NULL,NULL,226,7,1469,-1.0,-1,-1,NULL,NULL,Variable,NULL
NULL,NULL,227,-1000,-1000,21.0,NULL,NULL,NULL,NULL,NULL,NULL
NULL,NULL,227,-999,-999,21.0,NULL,NULL,NULL,NULL,NULL,NULL
NULL,NULL,227,-998,-998,10.5,NULL,NULL,NULL,NULL,NULL,NULL
NULL,NULL,227,-997,-997,10.5,NULL,NULL,NULL,NULL,NULL,NULL
NULL,NULL,227,0,0,-1.0,-1,-1,NULL,NULL,NULL,NULL
NULL,NULL,227,1,1574,-1.0,-1,-1,NULL,NULL,Variable,NULL
NULL,NULL,227,2,1572,-1.0,-1,-1,NULL,NULL,Variable,NULL
NULL,NULL,227,3,1571,-1.0,-1,-1,NULL,NULL,Variable,NULL
NULL,NULL,227,4,1570,-1.0,-1,-1,NULL,NULL,Variable,NULL
NULL,NULL,227,5,1569,-1.0,-1,-1,NULL,NULL,Variable,NULL
NULL,NULL,227,6,1566,-1.0,-1,-1,NULL,NULL,Variable,NULL
NULL,NULL,227,7,1555,-1.0,-1,-1,NULL,NULL,Variable,NULL
NULL,NULL,228,-1000,-1000,21.0,NULL,NULL,NULL,NULL,NULL,NULL
NULL,NULL,228,-999,-999,21.0,NULL,NULL,NULL,NULL,NULL,NULL
NULL,NULL,228,-998,-998,10.5,NULL,NULL,NULL,NULL,NULL,NULL
NULL,NULL,228,-997,-997,10.5,NULL,NULL,NULL,NULL,NULL,NULL
NULL,NULL,228,0,0,-1.0,-1,-1,NULL,NULL,NULL,NULL
NULL,NULL,228,1,1643,-1.0,-1,-1,NULL,NULL,Variable,NULL
NULL,NULL,228,2,1641,-1.0,-1,-1,NULL,NULL,Variable,NULL
NULL,NULL,228,3,1640,-1.0,-1,-1,NULL,NULL,Variable,NULL
NULL,NULL,228,4,1639,-1.0,-1,-1,NULL,NULL,Variable,NULL
NULL,NULL,228,5,1638,-1.0,-1,-1,NULL,NULL,Variable,NULL
NULL,NULL,228,6,1635,-1.0,-1,-1,NULL,NULL,Variable,NULL
NULL,NULL,228,7,1624,-1.0,-1,-1,NULL,NULL,Variable,NULL
NULL,NULL,229,-1000,-1000,21.0,NULL,NULL,NULL,NULL,NULL,NULL
NULL,NULL,229,-999,-999,21.0,NULL,NULL,NULL,NULL,NULL,NULL
NULL,NULL,229,-998,-998,10.5,NULL,NULL,NULL,NULL,NULL,NULL
NULL,NULL,229,-997,-997,10.5,NULL,NULL,NULL,NULL,NULL,NULL
NULL,NULL,229,0,0,-1.0,-1,-1,NULL,NULL,NULL,NULL
NULL,NULL,229,1,1694,-1.0,-1,-1,NULL,NULL,Variable,NULL
NULL,NULL,229,2,1692,-1.0,-1,-1,NULL,NULL,Variable,NULL
NULL,NULL,229,3,1691,-1.0,-1,-1,NULL,NULL,Variable,NULL
NULL,NULL,229,4,1690,-1.0,-1,-1,NULL,NULL,Variable,NULL
NULL,NULL,229,5,1689,-1.0,-1,-1,NULL,NULL,Variable,NULL
NULL,NULL,229,6,1686,-1.0,-1,-1,NULL,NULL,Variable,NULL
NULL,NULL,229,7,1675,-1.0,-1,-1,NULL,NULL,Variable,NULL
NULL,NULL,230,-1000,-1000,21.0,NULL,NULL,NULL,NULL,NULL,NULL
NULL,NULL,230,-999,-999,21.0,NULL,NULL,NULL,NULL,NULL,NULL
NULL,NULL,230,-998,-998,10.5,NULL,NULL,NULL,NULL,NULL,NULL
NULL,NULL,230,-997,-997,10.5,NULL,NULL,NULL,NULL,NULL,NULL
NULL,NULL,230,0,0,-1.0,-1,-1,NULL,NULL,NULL,NULL
NULL,NULL,230,1,1771,-1.0,-1,-1,NULL,NULL,Variable,NULL
NULL,NULL,230,2,1769,-1.0,-1,-1,NULL,NULL,Variable,NULL
NULL,NULL,230,3,1768,-1.0,-1,-1,NULL,NULL,Variable,NULL
NULL,NULL,230,4,1767,-1.0,-1,-1,NULL,NULL,Variable,NULL
NULL,NULL,230,5,1766,-1.0,-1,-1,NULL,NULL,Variable,NULL
NULL,NULL,230,6,1763,-1.0,-1,-1,NULL,NULL,Variable,NULL
NULL,NULL,230,7,1752,-1.0,-1,-1,NULL,NULL,Variable,NULL
NULL,NULL,231,-1000,-1000,21.0,NULL,NULL,NULL,NULL,NULL,NULL
NULL,NULL,231,-999,-999,21.0,NULL,NULL,NULL,NULL,NULL,NULL
NULL,NULL,231,-998,-998,10.5,NULL,NULL,NULL,NULL,NULL,NULL
NULL,NULL,231,-997,-997,10.5,NULL,NULL,NULL,NULL,NULL,NULL
NULL,NULL,231,0,0,-1.0,-1,-1,NULL,NULL,NULL,NULL
NULL,NULL,231,1,1835,-1.0,-1,-1,NULL,NULL,Variable,NULL
NULL,NULL,231,2,1833,-1.0,-1,-1,NULL,NULL,Variable,NULL
NULL,NULL,231,3,1832,-1.0,-1,-1,NULL,NULL,Variable,NULL
NULL,NULL,231,4,1831,-1.0,-1,-1,NULL,NULL,Variable,NULL
NULL,NULL,231,5,1830,-1.0,-1,-1,NULL,NULL,Variable,NULL
NULL,NULL,231,6,1825,-1.0,-1,-1,NULL,NULL,Variable,NULL
NULL,NULL,231,7,1821,-1.0,-1,-1,NULL,NULL,Variable,NULL
NULL,NULL,232,-1000,-1000,21.0,NULL,NULL,NULL,NULL,NULL,NULL
NULL,NULL,232,-999,-999,21.0,NULL,NULL,NULL,NULL,NULL,NULL
NULL,NULL,232,-998,-998,10.5,NULL,NULL,NULL,NULL,NULL,NULL
NULL,NULL,232,-997,-997,10.5,NULL,NULL,NULL,NULL,NULL,NULL
NULL,NULL,232,0,0,-1.0,-1,-1,NULL,NULL,NULL,NULL
NULL,NULL,232,1,1890,-1.0,-1,-1,NULL,NULL,Variable,NULL
NULL,NULL,232,2,1888,-1.0,-1,-1,NULL,NULL,Variable,NULL
NULL,NULL,232,3,1887,-1.0,-1,-1,NULL,NULL,Variable,NULL
NULL,NULL,232,4,1886,-1.0,-1,-1,NULL,NULL,Variable,NULL
NULL,NULL,232,5,1885,-1.0,-1,-1,NULL,NULL,Variable,NULL
NULL,NULL,232,6,1880,-1.0,-1,-1,NULL,NULL,Variable,NULL
NULL,NULL,232,7,1876,-1.0,-1,-1,NULL,NULL,Variable,NULL
NULL,NULL,233,-1000,-1000,21.0,NULL,NULL,NULL,NULL,NULL,NULL
NULL,NULL,233,-999,-999,21.0,NULL,NULL,NULL,NULL,NULL,NULL
NULL,NULL,233,-998,-998,10.5,NULL,NULL,NULL,NULL,NULL,NULL
NULL,NULL,233,-997,-997,10.5,NULL,NULL,NULL,NULL,NULL,NULL
NULL,NULL,233,0,0,-1.0,-1,-1,NULL,NULL,NULL,NULL
NULL,NULL,233,1,1945,-1.0,-1,-1,NULL,NULL,Variable,NULL
NULL,NULL,233,2,1943,-1.0,-1,-1,NULL,NULL,Variable,NULL
NULL,NULL,233,3,1942,-1.0,-1,-1,NULL,NULL,Variable,NULL
NULL,NULL,233,4,1941,-1.0,-1,-1,NULL,NULL,Variable,NULL
NULL,NULL,233,5,1940,-1.0,-1,-1,NULL,NULL,Variable,NULL
NULL,NULL,233,6,1935,-1.0,-1,-1,NULL,NULL,Variable,NULL
NULL,NULL,233,7,1931,-1.0,-1,-1,NULL,NULL,Variable,NULL
NULL,NULL,234,-1000,-1000,21.0,NULL,NULL,NULL,NULL,NULL,NULL
NULL,NULL,234,-999,-999,21.0,NULL,NULL,NULL,NULL,NULL,NULL
NULL,NULL,234,-998,-998,10.5,NULL,NULL,NULL,NULL,NULL,NULL
NULL,NULL,234,-997,-997,10.5,NULL,NULL,NULL,NULL,NULL,NULL
NULL,NULL,234,0,0,-1.0,-1,-1,NULL,NULL,NULL,NULL
NULL,NULL,234,1,1999,-1.0,-1,-1,NULL,NULL,Variable,NULL
NULL,NULL,234,2,1997,-1.0,-1,-1,NULL,NULL,Variable,NULL
NULL,NULL,234,3,1996,-1.0,-1,-1,NULL,NULL,Variable,NULL
NULL,NULL,234,4,1995,-1.0,-1,-1,NULL,NULL,Variable,NULL
NULL,NULL,234,5,1994,-1.0,-1,-1,NULL,NULL,Variable,NULL
NULL,NULL,234,6,1989,-1.0,-1,-1,NULL,NULL,Variable,NULL
NULL,NULL,234,7,1985,-1.0,-1,-1,NULL,NULL,Variable,NULL
NULL,NULL,235,-1000,-1000,21.0,NULL,NULL,NULL,NULL,NULL,NULL
NULL,NULL,235,-999,-999,21.0,NULL,NULL,NULL,NULL,NULL,NULL
NULL,NULL,235,-998,-998,10.5,NULL,NULL,NULL,NULL,NULL,NULL
NULL,NULL,235,-997,-997,10.5,NULL,NULL,NULL,NULL,NULL,NULL
NULL,NULL,235,0,0,-1.0,-1,-1,NULL,NULL,NULL,NULL
NULL,NULL,235,1,2053,-1.0,-1,-1,NULL,NULL,Variable,NULL
NULL,NULL,235,2,2051,-1.0,-1,-1,NULL,NULL,Variable,NULL
NULL,NULL,235,3,2050,-1.0,-1,-1,NULL,NULL,Variable,NULL
NULL,NULL,235,4,2049,-1.0,-1,-1,NULL,NULL,Variable,NULL
NULL,NULL,235,5,2048,-1.0,-1,-1,NULL,NULL,Variable,NULL
NULL,NULL,235,6,2043,-1.0,-1,-1,NULL,NULL,Variable,NULL
NULL,NULL,235,7,2039,-1.0,-1,-1,NULL,NULL,Variable,NULL
NULL,NULL,236,-1000,-1000,21.0,NULL,NULL,NULL,NULL,NULL,NULL
NULL,NULL,236,-999,-999,21.0,NULL,NULL,NULL,NULL,NULL,NULL
NULL,NULL,236,-998,-998,10.5,NULL,NULL,NULL,NULL,NULL,NULL
NULL,NULL,236,-997,-997,10.5,NULL,NULL,NULL,NULL,NULL,NULL
NULL,NULL,236,0,0,-1.0,-1,-1,NULL,NULL,NULL,NULL
NULL,NULL,236,1,2107,-1.0,-1,-1,NULL,NULL,Variable,NULL
NULL,NULL,236,2,2105,-1.0,-1,-1,NULL,NULL,Variable,NULL
NULL,NULL,236,3,2104,-1.0,-1,-1,NULL,NULL,Variable,NULL
NULL,NULL,236,4,2103,-1.0,-1,-1,NULL,NULL,Variable,NULL
NULL,NULL,236,5,2102,-1.0,-1,-1,NULL,NULL,Variable,NULL
NULL,NULL,236,6,2097,-1.0,-1,-1,NULL,NULL,Variable,NULL
NULL,NULL,236,7,2093,-1.0,-1,-1,NULL,NULL,Variable,NULL
NULL,NULL,237,-1000,-1000,21.0,NULL,NULL,NULL,NULL,NULL,NULL
NULL,NULL,237,-999,-999,21.0,NULL,NULL,NULL,NULL,NULL,NULL
NULL,NULL,237,-998,-998,10.5,NULL,NULL,NULL,NULL,NULL,NULL
NULL,NULL,237,-997,-997,10.5,NULL,NULL,NULL,NULL,NULL,NULL
NULL,NULL,237,0,0,-1.0,-1,-1,NULL,NULL,NULL,NULL
NULL,NULL,237,1,2183,-1.0,-1,-1,NULL,NULL,Variable,NULL
NULL,NULL,237,2,2181,-1.0,-1,-1,NULL,NULL,Variable,NULL
NULL,NULL,237,3,2180,-1.0,-1,-1,NULL,NULL,Variable,NULL
NULL,NULL,237,4,2179,-1.0,-1,-1,NULL,NULL,Variable,NULL
NULL,NULL,237,5,2178,-1.0,-1,-1,NULL,NULL,Variable,NULL
NULL,NULL,237,6,2175,-1.0,-1,-1,NULL,NULL,Variable,NULL
NULL,NULL,237,7,2164,-1.0,-1,-1,NULL,NULL,Variable,NULL
NULL,NULL,238,-1000,-1000,21.0,NULL,NULL,NULL,NULL,NULL,NULL
NULL,NULL,238,-999,-999,21.0,NULL,NULL,NULL,NULL,NULL,NULL
NULL,NULL,238,-998,-998,10.5,NULL,NULL,NULL,NULL,NULL,NULL
NULL,NULL,238,-997,-997,10.5,NULL,NULL,NULL,NULL,NULL,NULL
NULL,NULL,238,0,0,-1.0,-1,-1,NULL,NULL,NULL,NULL
NULL,NULL,238,1,2252,-1.0,-1,-1,NULL,NULL,Variable,NULL
NULL,NULL,238,2,2250,-1.0,-1,-1,NULL,NULL,Variable,NULL
NULL,NULL,238,3,2249,-1.0,-1,-1,NULL,NULL,Variable,NULL
NULL,NULL,238,4,2248,-1.0,-1,-1,NULL,NULL,Variable,NULL
NULL,NULL,238,5,2247,-1.0,-1,-1,NULL,NULL,Variable,NULL
NULL,NULL,238,6,2244,-1.0,-1,-1,NULL,NULL,Variable,NULL
NULL,NULL,238,7,2233,-1.0,-1,-1,NULL,NULL,Variable,NULL
NULL,NULL,239,-1000,-1000,21.0,NULL,NULL,NULL,NULL,NULL,NULL
NULL,NULL,239,-999,-999,21.0,NULL,NULL,NULL,NULL,NULL,NULL
NULL,NULL,239,-998,-998,10.5,NULL,NULL,NULL,NULL,NULL,NULL
NULL,NULL,239,-997,-997,10.5,NULL,NULL,NULL,NULL,NULL,NULL
NULL,NULL,239,0,0,-1.0,-1,-1,NULL,NULL,NULL,NULL
NULL,NULL,239,1,2298,-1.0,-1,-1,NULL,NULL,Variable,NULL
NULL,NULL,239,2,2296,-1.0,-1,-1,NULL,NULL,Variable,NULL
NULL,NULL,239,3,2295,-1.0,-1,-1,NULL,NULL,Variable,NULL
NULL,NULL,239,4,2294,-1.0,-1,-1,NULL,NULL,Variable,NULL
NULL,NULL,239,5,2293,-1.0,-1,-1,NULL,NULL,Variable,NULL
NULL,NULL,239,6,2288,-1.0,-1,-1,NULL,NULL,Variable,NULL
NULL,NULL,239,7,2284,-1.0,-1,-1,NULL,NULL,Variable,NULL
NULL,NULL,240,-1000,-1000,21.0,NULL,NULL,NULL,NULL,NULL,NULL
NULL,NULL,240,-999,-999,21.0,NULL,NULL,NULL,NULL,NULL,NULL
NULL,NULL,240,-998,-998,10.5,NULL,NULL,NULL,NULL,NULL,NULL
NULL,NULL,240,-997,-997,10.5,NULL,NULL,NULL,NULL,NULL,NULL
NULL,NULL,240,0,0,-1.0,-1,-1,NULL,NULL,NULL,NULL
NULL,NULL,240,1,2352,-1.0,-1,-1,NULL,NULL,Variable,NULL
NULL,NULL,240,2,2350,-1.0,-1,-1,NULL,NULL,Variable,NULL
NULL,NULL,240,3,2349,-1.0,-1,-1,NULL,NULL,Variable,NULL
NULL,NULL,240,4,2348,-1.0,-1,-1,NULL,NULL,Variable,NULL
NULL,NULL,240,5,2347,-1.0,-1,-1,NULL,NULL,Variable,NULL
NULL,NULL,240,6,2342,-1.0,-1,-1,NULL,NULL,Variable,NULL
NULL,NULL,240,7,2338,-1.0,-1,-1,NULL,NULL,Variable,NULL
NULL,NULL,241,-1000,-1000,21.0,NULL,NULL,NULL,NULL,NULL,NULL
NULL,NULL,241,-999,-999,21.0,NULL,NULL,NULL,NULL,NULL,NULL
NULL,NULL,241,-998,-998,10.5,NULL,NULL,NULL,NULL,NULL,NULL
NULL,NULL,241,-997,-997,10.5,NULL,NULL,NULL,NULL,NULL,NULL
NULL,NULL,241,0,0,-1.0,-1,-1,NULL,NULL,NULL,NULL
NULL,NULL,241,1,2392,-1.0,-1,-1,NULL,NULL,Variable,NULL
NULL,NULL,241,2,2396,-1.0,-1,-1,NULL,NULL,Variable,NULL
NULL,NULL,241,3,2401,-1.0,-1,-1,NULL,NULL,Variable,NULL
NULL,NULL,241,4,2403,-1.0,-1,-1,NULL,NULL,Variable,NULL
NULL,NULL,241,5,2404,-1.0,-1,-1,NULL,NULL,Variable,NULL
NULL,NULL,241,6,2406,-1.0,-1,-1,NULL,NULL,Variable,NULL
NULL,NULL,241,7,2402,-1.0,-1,-1,NULL,NULL,Variable,NULL
NULL,NULL,242,-1000,-1000,21.0,NULL,NULL,NULL,NULL,NULL,NULL
NULL,NULL,242,-999,-999,21.0,NULL,NULL,NULL,NULL,NULL,NULL
NULL,NULL,242,-998,-998,10.5,NULL,NULL,NULL,NULL,NULL,NULL
NULL,NULL,242,-997,-997,10.5,NULL,NULL,NULL,NULL,NULL,NULL
NULL,NULL,242,0,0,-1.0,-1,-1,NULL,NULL,NULL,NULL
NULL,NULL,242,1,2446,-1.0,-1,-1,NULL,NULL,Variable,NULL
NULL,NULL,242,2,2450,-1.0,-1,-1,NULL,NULL,Variable,NULL
NULL,NULL,242,3,2455,-1.0,-1,-1,NULL,NULL,Variable,NULL
NULL,NULL,242,4,2457,-1.0,-1,-1,NULL,NULL,Variable,NULL
NULL,NULL,242,5,2458,-1.0,-1,-1,NULL,NULL,Variable,NULL
NULL,NULL,242,6,2460,-1.0,-1,-1,NULL,NULL,Variable,NULL
NULL,NULL,242,7,2456,-1.0,-1,-1,NULL,NULL,Variable,NULL
NULL,NULL,243,-1000,-1000,21.0,NULL,NULL,NULL,NULL,NULL,NULL
NULL,NULL,243,-999,-999,21.0,NULL,NULL,NULL,NULL,NULL,NULL
NULL,NULL,243,-998,-998,10.5,NULL,NULL,NULL,NULL,NULL,NULL
NULL,NULL,243,-997,-997,10.5,NULL,NULL,NULL,NULL,NULL,NULL
NULL,NULL,243,0,0,-1.0,-1,-1,NULL,NULL,NULL,NULL
NULL,NULL,243,1,2500,-1.0,-1,-1,NULL,NULL,Variable,NULL
NULL,NULL,243,2,2504,-1.0,-1,-1,NULL,NULL,Variable,NULL
NULL,NULL,243,3,2509,-1.0,-1,-1,NULL,NULL,Variable,NULL
NULL,NULL,243,4,2511,-1.0,-1,-1,NULL,NULL,Variable,NULL
NULL,NULL,243,5,2512,-1.0,-1,-1,NULL,NULL,Variable,NULL
NULL,NULL,243,6,2514,-1.0,-1,-1,NULL,NULL,Variable,NULL
NULL,NULL,243,7,2510,-1.0,-1,-1,NULL,NULL,Variable,NULL
NULL,NULL,244,-1000,-1000,21.0,NULL,NULL,NULL,NULL,NULL,NULL
NULL,NULL,244,-999,-999,21.0,NULL,NULL,NULL,NULL,NULL,NULL
NULL,NULL,244,-998,-998,10.5,NULL,NULL,NULL,NULL,NULL,NULL
NULL,NULL,244,-997,-997,10.5,NULL,NULL,NULL,NULL,NULL,NULL
NULL,NULL,244,0,0,-1.0,-1,-1,NULL,NULL,NULL,NULL
NULL,NULL,244,1,2554,-1.0,-1,-1,NULL,NULL,Variable,NULL
NULL,NULL,244,2,2565,-1.0,-1,-1,NULL,NULL,Variable,NULL
NULL,NULL,244,3,2568,-1.0,-1,-1,NULL,NULL,Variable,NULL
NULL,NULL,244,4,2570,-1.0,-1,-1,NULL,NULL,Variable,NULL
NULL,NULL,244,5,2571,-1.0,-1,-1,NULL,NULL,Variable,NULL
NULL,NULL,244,6,2573,-1.0,-1,-1,NULL,NULL,Variable,NULL
NULL,NULL,244,7,2569,-1.0,-1,-1,NULL,NULL,Variable,NULL
NULL,NULL,245,-1000,-1000,21.0,NULL,NULL,NULL,NULL,NULL,NULL
NULL,NULL,245,-999,-999,21.0,NULL,NULL,NULL,NULL,NULL,NULL
NULL,NULL,245,-998,-998,10.5,NULL,NULL,NULL,NULL,NULL,NULL
NULL,NULL,245,-997,-997,10.5,NULL,NULL,NULL,NULL,NULL,NULL
NULL,NULL,245,0,0,-1.0,-1,-1,NULL,NULL,NULL,NULL
NULL,NULL,245,1,2599,-1.0,-1,-1,NULL,NULL,Variable,NULL
NULL,NULL,245,2,2610,-1.0,-1,-1,NULL,NULL,Variable,NULL
NULL,NULL,245,3,2613,-1.0,-1,-1,NULL,NULL,Variable,NULL
NULL,NULL,245,4,2615,-1.0,-1,-1,NULL,NULL,Variable,NULL
NULL,NULL,245,5,2616,-1.0,-1,-1,NULL,NULL,Variable,NULL
NULL,NULL,245,6,2618,-1.0,-1,-1,NULL,NULL,Variable,NULL
NULL,NULL,245,7,2614,-1.0,-1,-1,NULL,NULL,Variable,NULL
NULL,NULL,246,-1000,-1000,21.0,NULL,NULL,NULL,NULL,NULL,NULL
NULL,NULL,246,-999,-999,21.0,NULL,NULL,NULL,NULL,NULL,NULL
NULL,NULL,246,-998,-998,10.5,NULL,NULL,NULL,NULL,NULL,NULL
NULL,NULL,246,-997,-997,10.5,NULL,NULL,NULL,NULL,NULL,NULL
NULL,NULL,246,0,0,-1.0,-1,-1,NULL,NULL,NULL,NULL
NULL,NULL,246,1,2676,-1.0,-1,-1,NULL,NULL,Variable,NULL
NULL,NULL,246,2,2687,-1.0,-1,-1,NULL,NULL,Variable,NULL
NULL,NULL,246,3,2690,-1.0,-1,-1,NULL,NULL,Variable,NULL
NULL,NULL,246,4,2692,-1.0,-1,-1,NULL,NULL,Variable,NULL
NULL,NULL,246,5,2693,-1.0,-1,-1,NULL,NULL,Variable,NULL
NULL,NULL,246,6,2695,-1.0,-1,-1,NULL,NULL,Variable,NULL
NULL,NULL,246,7,2691,-1.0,-1,-1,NULL,NULL,Variable,NULL
NULL,NULL,247,-1000,-1000,21.0,NULL,NULL,NULL,NULL,NULL,NULL
NULL,NULL,247,-999,-999,21.0,NULL,NULL,NULL,NULL,NULL,NULL
NULL,NULL,247,-998,-998,10.5,NULL,NULL,NULL,NULL,NULL,NULL
NULL,NULL,247,-997,-997,10.5,NULL,NULL,NULL,NULL,NULL,NULL
NULL,NULL,247,0,0,-1.0,-1,-1,NULL,NULL,NULL,NULL
NULL,NULL,247,1,2745,-1.0,-1,-1,NULL,NULL,Variable,NULL
NULL,NULL,247,2,2749,-1.0,-1,-1,NULL,NULL,Variable,NULL
NULL,NULL,247,3,2754,-1.0,-1,-1,NULL,NULL,Variable,NULL
NULL,NULL,247,4,2756,-1.0,-1,-1,NULL,NULL,Variable,NULL
NULL,NULL,247,5,2757,-1.0,-1,-1,NULL,NULL,Variable,NULL
NULL,NULL,247,6,2759,-1.0,-1,-1,NULL,NULL,Variable,NULL
NULL,NULL,247,7,2755,-1.0,-1,-1,NULL,NULL,Variable,NULL
NULL,NULL,248,-1000,-1000,21.0,NULL,NULL,NULL,NULL,NULL,NULL
NULL,NULL,248,-999,-999,21.0,NULL,NULL,NULL,NULL,NULL,NULL
NULL,NULL,248,-998,-998,10.5,NULL,NULL,NULL,NULL,NULL,NULL
NULL,NULL,248,-997,-997,10.5,NULL,NULL,NULL,NULL,NULL,NULL
NULL,NULL,248,0,0,-1.0,-1,-1,NULL,NULL,NULL,NULL
NULL,NULL,248,1,2799,-1.0,-1,-1,NULL,NULL,Variable,NULL
NULL,NULL,248,2,2810,-1.0,-1,-1,NULL,NULL,Variable,NULL
NULL,NULL,248,3,2813,-1.0,-1,-1,NULL,NULL,Variable,NULL
NULL,NULL,248,4,2815,-1.0,-1,-1,NULL,NULL,Variable,NULL
NULL,NULL,248,5,2816,-1.0,-1,-1,NULL,NULL,Variable,NULL
NULL,NULL,248,6,2818,-1.0,-1,-1,NULL,NULL,Variable,NULL
NULL,NULL,248,7,2814,-1.0,-1,-1,NULL,NULL,Variable,NULL
NULL,NULL,249,-1000,-1000,21.0,NULL,NULL,NULL,NULL,NULL,NULL
NULL,NULL,249,-999,-999,21.0,NULL,NULL,NULL,NULL,NULL,NULL
NULL,NULL,249,-998,-998,10.5,NULL,NULL,NULL,NULL,NULL,NULL
NULL,NULL,249,-997,-997,10.5,NULL,NULL,NULL,NULL,NULL,NULL
NULL,NULL,249,0,0,-1.0,-1,-1,NULL,NULL,NULL,NULL
NULL,NULL,249,1,2850,-1.0,-1,-1,NULL,NULL,Variable,NULL
NULL,NULL,249,2,2861,-1.0,-1,-1,NULL,NULL,Variable,NULL
NULL,NULL,249,3,2864,-1.0,-1,-1,NULL,NULL,Variable,NULL
NULL,NULL,249,4,2866,-1.0,-1,-1,NULL,NULL,Variable,NULL
NULL,NULL,249,5,2867,-1.0,-1,-1,NULL,NULL,Variable,NULL
NULL,NULL,249,6,2869,-1.0,-1,-1,NULL,NULL,Variable,NULL
NULL,NULL,249,7,2865,-1.0,-1,-1,NULL,NULL,Variable,NULL
NULL,NULL,250,-1000,-1000,21.0,NULL,NULL,NULL,NULL,NULL,NULL
NULL,NULL,250,-999,-999,21.0,NULL,NULL,NULL,NULL,NULL,NULL
NULL,NULL,250,-998,-998,10.5,NULL,NULL,NULL,NULL,NULL,NULL
NULL,NULL,250,-997,-997,10.5,NULL,NULL,NULL,NULL,NULL,NULL
NULL,NULL,250,0,0,-1.0,-1,-1,NULL,NULL,NULL,NULL
NULL,NULL,250,1,2897,-1.0,-1,-1,NULL,NULL,Variable,NULL
NULL,NULL,250,2,2908,-1.0,-1,-1,NULL,NULL,Variable,NULL
NULL,NULL,250,3,2911,-1.0,-1,-1,NULL,NULL,Variable,NULL
NULL,NULL,250,4,2913,-1.0,-1,-1,NULL,NULL,Variable,NULL
NULL,NULL,250,5,2914,-1.0,-1,-1,NULL,NULL,Variable,NULL
NULL,NULL,250,6,2916,-1.0,-1,-1,NULL,NULL,Variable,NULL
NULL,NULL,250,7,2912,-1.0,-1,-1,NULL,NULL,Variable,NULL
NULL,NULL,251,-1000,-1000,21.0,NULL,NULL,NULL,NULL,NULL,NULL
NULL,NULL,251,-999,-999,21.0,NULL,NULL,NULL,NULL,NULL,NULL
NULL,NULL,251,-998,-998,10.5,NULL,NULL,NULL,NULL,NULL,NULL
NULL,NULL,251,-997,-997,10.5,NULL,NULL,NULL,NULL,NULL,NULL
NULL,NULL,251,0,0,-1.0,-1,-1,NULL,NULL,NULL,NULL
NULL,NULL,251,1,2944,-1.0,-1,-1,NULL,NULL,Variable,NULL
NULL,NULL,251,2,2948,-1.0,-1,-1,NULL,NULL,Variable,NULL
NULL,NULL,251,3,2953,-1.0,-1,-1,NULL,NULL,Variable,NULL
NULL,NULL,251,4,2955,-1.0,-1,-1,NULL,NULL,Variable,NULL
NULL,NULL,251,5,2956,-1.0,-1,-1,NULL,NULL,Variable,NULL
NULL,NULL,251,6,2958,-1.0,-1,-1,NULL,NULL,Variable,NULL
NULL,NULL,251,7,2954,-1.0,-1,-1,NULL,NULL,Variable,NULL
NULL,NULL,252,-1000,-1000,21.0,NULL,NULL,NULL,NULL,NULL,NULL
NULL,NULL,252,-999,-999,21.0,NULL,NULL,NULL,NULL,NULL,NULL
NULL,NULL,252,-998,-998,10.5,NULL,NULL,NULL,NULL,NULL,NULL
NULL,NULL,252,-997,-997,10.5,NULL,NULL,NULL,NULL,NULL,NULL
NULL,NULL,252,0,0,-1.0,-1,-1,NULL,NULL,NULL,NULL
NULL,NULL,252,1,2998,-1.0,-1,-1,NULL,NULL,Variable,NULL
NULL,NULL,252,2,3009,-1.0,-1,-1,NULL,NULL,Variable,NULL
NULL,NULL,252,3,3012,-1.0,-1,-1,NULL,NULL,Variable,NULL
NULL,NULL,252,4,3014,-1.0,-1,-1,NULL,NULL,Variable,NULL
NULL,NULL,252,5,3015,-1.0,-1,-1,NULL,NULL,Variable,NULL
NULL,NULL,252,6,3017,-1.0,-1,-1,NULL,NULL,Variable,NULL
NULL,NULL,252,7,3013,-1.0,-1,-1,NULL,NULL,Variable,NULL
NULL,NULL,253,-1000,-1000,21.0,NULL,NULL,NULL,NULL,NULL,NULL
NULL,NULL,253,-999,-999,21.0,NULL,NULL,NULL,NULL,NULL,NULL
NULL,NULL,253,-998,-998,10.5,NULL,NULL,NULL,NULL,NULL,NULL
NULL,NULL,253,-997,-997,10.5,NULL,NULL,NULL,NULL,NULL,NULL
NULL,NULL,253,0,0,-1.0,-1,-1,NULL,NULL,NULL,NULL
NULL,NULL,253,1,3049,-1.0,-1,-1,NULL,NULL,Variable,NULL
NULL,NULL,253,2,3051,-1.0,-1,-1,NULL,NULL,Variable,NULL
NULL,NULL,253,3,3050,-1.0,-1,-1,NULL,NULL,Variable,NULL
NULL,NULL,254,-1000,-1000,21.0,NULL,NULL,NULL,NULL,NULL,NULL
NULL,NULL,254,-999,-999,21.0,NULL,NULL,NULL,NULL,NULL,NULL
NULL,NULL,254,-998,-998,10.5,NULL,NULL,NULL,NULL,NULL,NULL
NULL,NULL,254,-997,-997,10.5,NULL,NULL,NULL,NULL,NULL,NULL
NULL,NULL,254,0,0,-1.0,-1,-1,NULL,NULL,NULL,NULL
NULL,NULL,254,1,3105,-1.0,-1,-1,NULL,NULL,Variable,NULL
NULL,NULL,254,2,3107,-1.0,-1,-1,NULL,NULL,Variable,NULL
NULL,NULL,254,3,3106,-1.0,-1,-1,NULL,NULL,Variable,NULL
NULL,NULL,255,-1000,-1000,21.0,NULL,NULL,NULL,NULL,NULL,NULL
NULL,NULL,255,-999,-999,21.0,NULL,NULL,NULL,NULL,NULL,NULL
NULL,NULL,255,-998,-998,10.5,NULL,NULL,NULL,NULL,NULL,NULL
NULL,NULL,255,-997,-997,10.5,NULL,NULL,NULL,NULL,NULL,NULL
NULL,NULL,255,0,0,-1.0,-1,-1,NULL,NULL,NULL,NULL
NULL,NULL,255,1,3150,-1.0,-1,-1,NULL,NULL,Variable,NULL
NULL,NULL,255,2,3154,-1.0,-1,-1,NULL,NULL,Variable,NULL
NULL,NULL,255,3,3159,-1.0,-1,-1,NULL,NULL,Variable,NULL
NULL,NULL,255,4,3161,-1.0,-1,-1,NULL,NULL,Variable,NULL
NULL,NULL,255,5,3162,-1.0,-1,-1,NULL,NULL,Variable,NULL
NULL,NULL,255,6,3164,-1.0,-1,-1,NULL,NULL,Variable,NULL
NULL,NULL,255,7,3160,-1.0,-1,-1,NULL,NULL,Variable,NULL
NULL,NULL,256,-1000,-1000,21.0,NULL,NULL,NULL,NULL,NULL,NULL
NULL,NULL,256,-999,-999,21.0,NULL,NULL,NULL,NULL,NULL,NULL
NULL,NULL,256,-998,-998,10.5,NULL,NULL,NULL,NULL,NULL,NULL
NULL,NULL,256,-997,-997,10.5,NULL,NULL,NULL,NULL,NULL,NULL
NULL,NULL,256,0,0,-1.0,-1,-1,NULL,NULL,NULL,NULL
NULL,NULL,256,1,3204,-1.0,-1,-1,NULL,NULL,Variable,NULL
NULL,NULL,256,2,3208,-1.0,-1,-1,NULL,NULL,Variable,NULL
NULL,NULL,256,3,3213,-1.0,-1,-1,NULL,NULL,Variable,NULL
NULL,NULL,256,4,3215,-1.0,-1,-1,NULL,NULL,Variable,NULL
NULL,NULL,256,5,3216,-1.0,-1,-1,NULL,NULL,Variable,NULL
NULL,NULL,256,6,3218,-1.0,-1,-1,NULL,NULL,Variable,NULL
NULL,NULL,256,7,3214,-1.0,-1,-1,NULL,NULL,Variable,NULL
NULL,NULL,257,-1000,-1000,21.0,NULL,NULL,NULL,NULL,NULL,NULL
NULL,NULL,257,-999,-999,21.0,NULL,NULL,NULL,NULL,NULL,NULL
NULL,NULL,257,-998,-998,10.5,NULL,NULL,NULL,NULL,NULL,NULL
NULL,NULL,257,-997,-997,10.5,NULL,NULL,NULL,NULL,NULL,NULL
NULL,NULL,257,0,0,-1.0,-1,-1,NULL,NULL,NULL,NULL
NULL,NULL,257,1,3258,-1.0,-1,-1,NULL,NULL,Variable,NULL
NULL,NULL,257,2,3269,-1.0,-1,-1,NULL,NULL,Variable,NULL
NULL,NULL,257,3,3272,-1.0,-1,-1,NULL,NULL,Variable,NULL
NULL,NULL,257,4,3274,-1.0,-1,-1,NULL,NULL,Variable,NULL
NULL,NULL,257,5,3275,-1.0,-1,-1,NULL,NULL,Variable,NULL
NULL,NULL,257,6,3277,-1.0,-1,-1,NULL,NULL,Variable,NULL
NULL,NULL,257,7,3273,-1.0,-1,-1,NULL,NULL,Variable,NULL
NULL,NULL,258,-1000,-1000,21.0,NULL,NULL,NULL,NULL,NULL,NULL
NULL,NULL,258,-999,-999,21.0,NULL,NULL,NULL,NULL,NULL,NULL
NULL,NULL,258,-998,-998,10.5,NULL,NULL,NULL,NULL,NULL,NULL
NULL,NULL,258,-997,-997,10.5,NULL,NULL,NULL,NULL,NULL,NULL
NULL,NULL,258,0,0,-1.0,-1,-1,NULL,NULL,NULL,NULL
NULL,NULL,258,1,3311,-1.0,-1,-1,NULL,NULL,Variable,NULL
NULL,NULL,258,2,3322,-1.0,-1,-1,NULL,NULL,Variable,NULL
NULL,NULL,258,3,3325,-1.0,-1,-1,NULL,NULL,Variable,NULL
NULL,NULL,258,4,3327,-1.0,-1,-1,NULL,NULL,Variable,NULL
NULL,NULL,258,5,3328,-1.0,-1,-1,NULL,NULL,Variable,NULL
NULL,NULL,258,6,3330,-1.0,-1,-1,NULL,NULL,Variable,NULL
NULL,NULL,258,7,3326,-1.0,-1,-1,NULL,NULL,Variable,NULL
NULL,NULL,259,-1000,-1000,21.0,NULL,NULL,NULL,NULL,NULL,NULL
NULL,NULL,259,-999,-999,21.0,NULL,NULL,NULL,NULL,NULL,NULL
NULL,NULL,259,-998,-998,10.5,NULL,NULL,NULL,NULL,NULL,NULL
NULL,NULL,259,-997,-997,10.5,NULL,NULL,NULL,NULL,NULL,NULL
NULL,NULL,259,0,0,-1.0,-1,-1,NULL,NULL,NULL,NULL
NULL,NULL,259,1,3377,-1.0,-1,-1,NULL,NULL,Variable,NULL
NULL,NULL,259,2,3362,-1.0,-1,-1,NULL,NULL,Variable,NULL
NULL,NULL,259,3,3373,-1.0,-1,-1,NULL,NULL,Variable,NULL
NULL,NULL,259,4,3376,-1.0,-1,-1,NULL,NULL,Variable,NULL
NULL,NULL,259,5,3378,-1.0,-1,-1,NULL,NULL,Variable,NULL
NULL,NULL,259,6,3379,-1.0,-1,-1,NULL,NULL,Variable,NULL
NULL,NULL,259,7,3381,-1.0,-1,-1,NULL,NULL,Variable,NULL
NULL,NULL,260,-1000,-1000,21.0,NULL,NULL,NULL,NULL,NULL,NULL
NULL,NULL,260,-999,-999,21.0,NULL,NULL,NULL,NULL,NULL,NULL
NULL,NULL,260,-998,-998,10.5,NULL,NULL,NULL,NULL,NULL,NULL
NULL,NULL,260,-997,-997,10.5,NULL,NULL,NULL,NULL,NULL,NULL
NULL,NULL,260,0,0,-1.0,-1,-1,NULL,NULL,NULL,NULL
NULL,NULL,260,1,3423,-1.0,-1,-1,NULL,NULL,Variable,NULL
NULL,NULL,260,2,3413,-1.0,-1,-1,NULL,NULL,Variable,NULL
NULL,NULL,260,3,3417,-1.0,-1,-1,NULL,NULL,Variable,NULL
NULL,NULL,260,4,3422,-1.0,-1,-1,NULL,NULL,Variable,NULL
NULL,NULL,260,5,3424,-1.0,-1,-1,NULL,NULL,Variable,NULL
NULL,NULL,260,6,3425,-1.0,-1,-1,NULL,NULL,Variable,NULL
NULL,NULL,260,7,3427,-1.0,-1,-1,NULL,NULL,Variable,NULL
NULL,NULL,261,-1000,-1000,21.0,NULL,NULL,NULL,NULL,NULL,NULL
NULL,NULL,261,-999,-999,21.0,NULL,NULL,NULL,NULL,NULL,NULL
NULL,NULL,261,-998,-998,10.5,NULL,NULL,NULL,NULL,NULL,NULL
NULL,NULL,261,-997,-997,10.5,NULL,NULL,NULL,NULL,NULL,NULL
NULL,NULL,261,0,0,-1.0,-1,-1,NULL,NULL,NULL,NULL
NULL,NULL,261,1,3495,-1.0,-1,-1,NULL,NULL,Variable,NULL
NULL,NULL,261,2,3485,-1.0,-1,-1,NULL,NULL,Variable,NULL
NULL,NULL,261,3,3489,-1.0,-1,-1,NULL,NULL,Variable,NULL
NULL,NULL,261,4,3494,-1.0,-1,-1,NULL,NULL,Variable,NULL
NULL,NULL,261,5,3496,-1.0,-1,-1,NULL,NULL,Variable,NULL
NULL,NULL,261,6,3497,-1.0,-1,-1,NULL,NULL,Variable,NULL
NULL,NULL,261,7,3499,-1.0,-1,-1,NULL,NULL,Variable,NULL
NULL,NULL,262,-1000,-1000,21.0,NULL,NULL,NULL,NULL,NULL,NULL
NULL,NULL,262,-999,-999,21.0,NULL,NULL,NULL,NULL,NULL,NULL
NULL,NULL,262,-998,-998,10.5,NULL,NULL,NULL,NULL,NULL,NULL
NULL,NULL,262,-997,-997,10.5,NULL,NULL,NULL,NULL,NULL,NULL
NULL,NULL,262,0,0,-1.0,-1,-1,NULL,NULL,NULL,NULL
NULL,NULL,262,1,3582,-1.0,-1,-1,NULL,NULL,Variable,NULL
NULL,NULL,262,2,3572,-1.0,-1,-1,NULL,NULL,Variable,NULL
NULL,NULL,262,3,3576,-1.0,-1,-1,NULL,NULL,Variable,NULL
NULL,NULL,262,4,3581,-1.0,-1,-1,NULL,NULL,Variable,NULL
NULL,NULL,262,5,3583,-1.0,-1,-1,NULL,NULL,Variable,NULL
NULL,NULL,262,6,3584,-1.0,-1,-1,NULL,NULL,Variable,NULL
NULL,NULL,262,7,3586,-1.0,-1,-1,NULL,NULL,Variable,NULL
NULL,NULL,263,-1000,-1000,21.0,NULL,NULL,NULL,NULL,NULL,NULL
NULL,NULL,263,-999,-999,21.0,NULL,NULL,NULL,NULL,NULL,NULL
NULL,NULL,263,-998,-998,10.5,NULL,NULL,NULL,NULL,NULL,NULL
NULL,NULL,263,-997,-997,10.5,NULL,NULL,NULL,NULL,NULL,NULL
NULL,NULL,263,0,0,-1.0,-1,-1,NULL,NULL,NULL,NULL
NULL,NULL,263,1,3660,-1.0,-1,-1,NULL,NULL,Variable,NULL
NULL,NULL,263,2,3650,-1.0,-1,-1,NULL,NULL,Variable,NULL
NULL,NULL,263,3,3654,-1.0,-1,-1,NULL,NULL,Variable,NULL
NULL,NULL,263,4,3659,-1.0,-1,-1,NULL,NULL,Variable,NULL
NULL,NULL,263,5,3661,-1.0,-1,-1,NULL,NULL,Variable,NULL
NULL,NULL,263,6,3662,-1.0,-1,-1,NULL,NULL,Variable,NULL
NULL,NULL,263,7,3664,-1.0,-1,-1,NULL,NULL,Variable,NULL
NULL,NULL,264,1,3743,-1.0,-1,-1,NULL,NULL,Variable,NULL
NULL,NULL,264,2,3728,-1.0,-1,-1,NULL,NULL,Variable,NULL
NULL,NULL,264,3,3739,-1.0,-1,-1,NULL,NULL,Variable,NULL
NULL,NULL,264,4,3742,-1.0,-1,-1,NULL,NULL,Variable,NULL
NULL,NULL,264,5,3744,-1.0,-1,-1,NULL,NULL,Variable,NULL
NULL,NULL,264,6,3745,-1.0,-1,-1,NULL,NULL,Variable,NULL
NULL,NULL,264,7,3747,-1.0,-1,-1,NULL,NULL,Variable,NULL
NULL,NULL,271,-1000,-1000,21.0,NULL,NULL,NULL,NULL,NULL,NULL
NULL,NULL,271,-999,-999,21.0,NULL,NULL,NULL,NULL,NULL,NULL
NULL,NULL,271,-998,-998,10.5,NULL,NULL,NULL,NULL,NULL,NULL
NULL,NULL,271,-997,-997,10.5,NULL,NULL,NULL,NULL,NULL,NULL
NULL,NULL,271,0,0,-1.0,-1,-1,NULL,NULL,NULL,NULL
NULL,NULL,271,1,4122,-1.0,-1,-1,NULL,NULL,Variable,NULL
NULL,NULL,271,2,4107,-1.0,-1,-1,NULL,NULL,Variable,NULL
NULL,NULL,271,3,4118,-1.0,-1,-1,NULL,NULL,Variable,NULL
NULL,NULL,271,4,4121,-1.0,-1,-1,NULL,NULL,Variable,NULL
NULL,NULL,271,5,4123,-1.0,-1,-1,NULL,NULL,Variable,NULL
NULL,NULL,271,6,4124,-1.0,-1,-1,NULL,NULL,Variable,NULL
NULL,NULL,271,7,4126,-1.0,-1,-1,NULL,NULL,Variable,NULL
NULL,NULL,272,-1000,-1000,21.0,NULL,NULL,NULL,NULL,NULL,NULL
NULL,NULL,272,-999,-999,21.0,NULL,NULL,NULL,NULL,NULL,NULL
NULL,NULL,272,-998,-998,10.5,NULL,NULL,NULL,NULL,NULL,NULL
NULL,NULL,272,-997,-997,10.5,NULL,NULL,NULL,NULL,NULL,NULL
NULL,NULL,272,0,0,-1.0,-1,-1,NULL,NULL,NULL,NULL
NULL,NULL,272,1,4188,-1.0,-1,-1,NULL,NULL,Variable,NULL
NULL,NULL,272,2,4179,-1.0,-1,-1,NULL,NULL,Variable,NULL
NULL,NULL,272,3,4183,-1.0,-1,-1,NULL,NULL,Variable,NULL
NULL,NULL,266,-1000,-1000,21.0,NULL,NULL,NULL,NULL,NULL,NULL
NULL,NULL,266,-999,-999,21.0,NULL,NULL,NULL,NULL,NULL,NULL
NULL,NULL,266,-998,-998,10.5,NULL,NULL,NULL,NULL,NULL,NULL
NULL,NULL,266,-997,-997,10.5,NULL,NULL,NULL,NULL,NULL,NULL
NULL,NULL,266,0,0,-1.0,-1,-1,NULL,NULL,NULL,NULL
NULL,NULL,266,1,3849,-1.0,-1,-1,NULL,NULL,Variable,NULL
NULL,NULL,266,2,3834,-1.0,-1,-1,NULL,NULL,Variable,NULL
NULL,NULL,266,3,3845,-1.0,-1,-1,NULL,NULL,Variable,NULL
NULL,NULL,266,4,3848,-1.0,-1,-1,NULL,NULL,Variable,NULL
NULL,NULL,267,-1000,-1000,21.0,NULL,NULL,NULL,NULL,NULL,NULL
NULL,NULL,267,-999,-999,21.0,NULL,NULL,NULL,NULL,NULL,NULL
NULL,NULL,267,-998,-998,10.5,NULL,NULL,NULL,NULL,NULL,NULL
NULL,NULL,267,-997,-997,10.5,NULL,NULL,NULL,NULL,NULL,NULL
NULL,NULL,267,0,0,-1.0,-1,-1,NULL,NULL,NULL,NULL
NULL,NULL,267,1,3902,-1.0,-1,-1,NULL,NULL,Variable,NULL
NULL,NULL,267,2,3887,-1.0,-1,-1,NULL,NULL,Variable,NULL
NULL,NULL,267,3,3898,-1.0,-1,-1,NULL,NULL,Variable,NULL
NULL,NULL,267,4,3901,-1.0,-1,-1,NULL,NULL,Variable,NULL
NULL,NULL,267,5,3903,-1.0,-1,-1,NULL,NULL,Variable,NULL
NULL,NULL,267,6,3904,-1.0,-1,-1,NULL,NULL,Variable,NULL
NULL,NULL,267,7,3906,-1.0,-1,-1,NULL,NULL,Variable,NULL
NULL,NULL,268,-1000,-1000,21.0,NULL,NULL,NULL,NULL,NULL,NULL
NULL,NULL,268,-999,-999,21.0,NULL,NULL,NULL,NULL,NULL,NULL
NULL,NULL,268,-998,-998,10.5,NULL,NULL,NULL,NULL,NULL,NULL
NULL,NULL,268,-997,-997,10.5,NULL,NULL,NULL,NULL,NULL,NULL
NULL,NULL,268,0,0,-1.0,-1,-1,NULL,NULL,NULL,NULL
NULL,NULL,268,1,3955,-1.0,-1,-1,NULL,NULL,Variable,NULL
NULL,NULL,268,2,3940,-1.0,-1,-1,NULL,NULL,Variable,NULL
NULL,NULL,268,3,3951,-1.0,-1,-1,NULL,NULL,Variable,NULL
NULL,NULL,268,4,3954,-1.0,-1,-1,NULL,NULL,Variable,NULL
NULL,NULL,268,5,3956,-1.0,-1,-1,NULL,NULL,Variable,NULL
NULL,NULL,268,6,3957,-1.0,-1,-1,NULL,NULL,Variable,NULL
NULL,NULL,268,7,3959,-1.0,-1,-1,NULL,NULL,Variable,NULL
NULL,NULL,269,-1000,-1000,21.0,NULL,NULL,NULL,NULL,NULL,NULL
NULL,NULL,269,-999,-999,21.0,NULL,NULL,NULL,NULL,NULL,NULL
NULL,NULL,269,-998,-998,10.5,NULL,NULL,NULL,NULL,NULL,NULL
NULL,NULL,269,-997,-997,10.5,NULL,NULL,NULL,NULL,NULL,NULL
NULL,NULL,269,0,0,-1.0,-1,-1,NULL,NULL,NULL,NULL
NULL,NULL,269,1,4003,-1.0,-1,-1,NULL,NULL,Variable,NULL
NULL,NULL,269,2,3993,-1.0,-1,-1,NULL,NULL,Variable,NULL
NULL,NULL,269,3,3997,-1.0,-1,-1,NULL,NULL,Variable,NULL
NULL,NULL,269,4,4002,-1.0,-1,-1,NULL,NULL,Variable,NULL
NULL,NULL,269,5,4004,-1.0,-1,-1,NULL,NULL,Variable,NULL
NULL,NULL,269,6,4005,-1.0,-1,-1,NULL,NULL,Variable,NULL
NULL,NULL,269,7,4007,-1.0,-1,-1,NULL,NULL,Variable,NULL
NULL,NULL,270,-1000,-1000,21.0,NULL,NULL,NULL,NULL,NULL,NULL
NULL,NULL,270,-999,-999,21.0,NULL,NULL,NULL,NULL,NULL,NULL
NULL,NULL,270,-998,-998,10.5,NULL,NULL,NULL,NULL,NULL,NULL
NULL,NULL,270,-997,-997,10.5,NULL,NULL,NULL,NULL,NULL,NULL
NULL,NULL,270,0,0,-1.0,-1,-1,NULL,NULL,NULL,NULL
NULL,NULL,270,1,4040,-1.0,-1,-1,NULL,NULL,Variable,NULL
NULL,NULL,270,2,4030,-1.0,-1,-1,NULL,NULL,Variable,NULL
NULL,NULL,270,3,4034,-1.0,-1,-1,NULL,NULL,Variable,NULL
NULL,NULL,270,4,4039,-1.0,-1,-1,NULL,NULL,Variable,NULL
NULL,NULL,270,5,4041,-1.0,-1,-1,NULL,NULL,Variable,NULL
NULL,NULL,270,6,4042,-1.0,-1,-1,NULL,NULL,Variable,NULL
NULL,NULL,270,7,4044,-1.0,-1,-1,NULL,NULL,Variable,NULL
NULL,NULL,266,5,3850,-1.0,-1,-1,NULL,NULL,Variable,NULL
NULL,NULL,266,6,3851,-1.0,-1,-1,NULL,NULL,Variable,NULL
NULL,NULL,266,7,3853,-1.0,-1,-1,NULL,NULL,Variable,NULL
NULL,NULL,265,-1000,-1000,21.0,NULL,NULL,NULL,NULL,NULL,NULL
NULL,NULL,265,-999,-999,21.0,NULL,NULL,NULL,NULL,NULL,NULL
NULL,NULL,265,-998,-998,10.5,NULL,NULL,NULL,NULL,NULL,NULL
NULL,NULL,265,-997,-997,10.5,NULL,NULL,NULL,NULL,NULL,NULL
NULL,NULL,265,0,0,-1.0,-1,-1,NULL,NULL,NULL,NULL
NULL,NULL,265,1,3796,-1.0,-1,-1,NULL,NULL,Variable,NULL
NULL,NULL,265,2,3781,-1.0,-1,-1,NULL,NULL,Variable,NULL
NULL,NULL,265,3,3792,-1.0,-1,-1,NULL,NULL,Variable,NULL
NULL,NULL,265,4,3795,-1.0,-1,-1,NULL,NULL,Variable,NULL
NULL,NULL,265,5,3797,-1.0,-1,-1,NULL,NULL,Variable,NULL
NULL,NULL,265,6,3798,-1.0,-1,-1,NULL,NULL,Variable,NULL
NULL,NULL,265,7,3800,-1.0,-1,-1,NULL,NULL,Variable,NULL
NULL,NULL,264,-1000,-1000,21.0,NULL,NULL,NULL,NULL,NULL,NULL
NULL,NULL,264,-999,-999,21.0,NULL,NULL,NULL,NULL,NULL,NULL
NULL,NULL,264,-998,-998,10.5,NULL,NULL,NULL,NULL,NULL,NULL
NULL,NULL,264,-997,-997,10.5,NULL,NULL,NULL,NULL,NULL,NULL
NULL,NULL,264,0,0,-1.0,-1,-1,NULL,NULL,NULL,NULL
NULL,NULL,272,4,4187,-1.0,-1,-1,NULL,NULL,Variable,NULL
NULL,NULL,272,5,4189,-1.0,-1,-1,NULL,NULL,Variable,NULL
NULL,NULL,272,6,4190,-1.0,-1,-1,NULL,NULL,Variable,NULL
NULL,NULL,272,7,4192,-1.0,-1,-1,NULL,NULL,Variable,NULL
NULL,NULL,273,-1000,-1000,21.0,NULL,NULL,NULL,NULL,NULL,NULL
NULL,NULL,273,-999,-999,21.0,NULL,NULL,NULL,NULL,NULL,NULL
NULL,NULL,273,-998,-998,10.5,NULL,NULL,NULL,NULL,NULL,NULL
NULL,NULL,273,-997,-997,10.5,NULL,NULL,NULL,NULL,NULL,NULL
NULL,NULL,273,0,0,-1.0,-1,-1,NULL,NULL,NULL,NULL
NULL,NULL,273,1,4240,-1.0,-1,-1,NULL,NULL,Variable,NULL
NULL,NULL,273,2,4231,-1.0,-1,-1,NULL,NULL,Variable,NULL
NULL,NULL,273,3,4235,-1.0,-1,-1,NULL,NULL,Variable,NULL
NULL,NULL,273,4,4239,-1.0,-1,-1,NULL,NULL,Variable,NULL
NULL,NULL,273,5,4241,-1.0,-1,-1,NULL,NULL,Variable,NULL
NULL,NULL,273,6,4242,-1.0,-1,-1,NULL,NULL,Variable,NULL
NULL,NULL,273,7,4244,-1.0,-1,-1,NULL,NULL,Variable,NULL
NULL,NULL,274,-1000,-1000,21.0,NULL,NULL,NULL,NULL,NULL,NULL
NULL,NULL,274,-999,-999,21.0,NULL,NULL,NULL,NULL,NULL,NULL
NULL,NULL,274,-998,-998,10.5,NULL,NULL,NULL,NULL,NULL,NULL
NULL,NULL,274,-997,-997,10.5,NULL,NULL,NULL,NULL,NULL,NULL
NULL,NULL,274,0,0,-1.0,-1,-1,NULL,NULL,NULL,NULL
NULL,NULL,274,1,4298,-1.0,-1,-1,NULL,NULL,Variable,NULL
NULL,NULL,274,2,4283,-1.0,-1,-1,NULL,NULL,Variable,NULL
NULL,NULL,274,3,4294,-1.0,-1,-1,NULL,NULL,Variable,NULL
NULL,NULL,274,4,4297,-1.0,-1,-1,NULL,NULL,Variable,NULL
NULL,NULL,274,5,4299,-1.0,-1,-1,NULL,NULL,Variable,NULL
NULL,NULL,274,6,4300,-1.0,-1,-1,NULL,NULL,Variable,NULL
NULL,NULL,274,7,4302,-1.0,-1,-1,NULL,NULL,Variable,NULL
NULL,NULL,275,-1000,-1000,21.0,NULL,NULL,NULL,NULL,NULL,NULL
NULL,NULL,275,-999,-999,21.0,NULL,NULL,NULL,NULL,NULL,NULL
NULL,NULL,275,-998,-998,10.5,NULL,NULL,NULL,NULL,NULL,NULL
NULL,NULL,275,-997,-997,10.5,NULL,NULL,NULL,NULL,NULL,NULL
NULL,NULL,275,0,0,-1.0,-1,-1,NULL,NULL,NULL,NULL
NULL,NULL,275,1,4345,-1.0,-1,-1,NULL,NULL,Variable,NULL
NULL,NULL,275,2,4336,-1.0,-1,-1,NULL,NULL,Variable,NULL
NULL,NULL,275,3,4340,-1.0,-1,-1,NULL,NULL,Variable,NULL
NULL,NULL,275,4,4344,-1.0,-1,-1,NULL,NULL,Variable,NULL
NULL,NULL,275,5,4346,-1.0,-1,-1,NULL,NULL,Variable,NULL
NULL,NULL,275,6,4347,-1.0,-1,-1,NULL,NULL,Variable,NULL
NULL,NULL,275,7,4349,-1.0,-1,-1,NULL,NULL,Variable,NULL
NULL,NULL,276,-1000,-1000,21.0,NULL,NULL,NULL,NULL,NULL,NULL
NULL,NULL,276,-999,-999,21.0,NULL,NULL,NULL,NULL,NULL,NULL
NULL,NULL,276,-998,-998,10.5,NULL,NULL,NULL,NULL,NULL,NULL
NULL,NULL,276,-997,-997,10.5,NULL,NULL,NULL,NULL,NULL,NULL
NULL,NULL,276,0,0,-1.0,-1,-1,NULL,NULL,NULL,NULL
NULL,NULL,276,1,4403,-1.0,-1,-1,NULL,NULL,Variable,NULL
NULL,NULL,276,2,4388,-1.0,-1,-1,NULL,NULL,Variable,NULL
NULL,NULL,276,3,4399,-1.0,-1,-1,NULL,NULL,Variable,NULL
NULL,NULL,276,4,4402,-1.0,-1,-1,NULL,NULL,Variable,NULL
NULL,NULL,276,5,4404,-1.0,-1,-1,NULL,NULL,Variable,NULL
NULL,NULL,276,6,4405,-1.0,-1,-1,NULL,NULL,Variable,NULL
NULL,NULL,276,7,4407,-1.0,-1,-1,NULL,NULL,Variable,NULL
NULL,NULL,277,-1000,-1000,21.0,NULL,NULL,NULL,NULL,NULL,NULL
NULL,NULL,277,-999,-999,21.0,NULL,NULL,NULL,NULL,NULL,NULL
NULL,NULL,277,-998,-998,10.5,NULL,NULL,NULL,NULL,NULL,NULL
NULL,NULL,277,-997,-997,10.5,NULL,NULL,NULL,NULL,NULL,NULL
NULL,NULL,277,0,0,-1.0,-1,-1,NULL,NULL,NULL,NULL
NULL,NULL,277,1,4456,-1.0,-1,-1,NULL,NULL,Variable,NULL
NULL,NULL,277,2,4441,-1.0,-1,-1,NULL,NULL,Variable,NULL
NULL,NULL,277,3,4452,-1.0,-1,-1,NULL,NULL,Variable,NULL
NULL,NULL,277,4,4455,-1.0,-1,-1,NULL,NULL,Variable,NULL
NULL,NULL,277,5,4457,-1.0,-1,-1,NULL,NULL,Variable,NULL
NULL,NULL,277,6,4458,-1.0,-1,-1,NULL,NULL,Variable,NULL
NULL,NULL,277,7,4460,-1.0,-1,-1,NULL,NULL,Variable,NULL
